parcellation_label,parcellation_term_label,parcellation_term_set_label,parcellation_index,voxel_count,volume_mm3,color_hex_triplet,red,green,blue,parcellation_term_name,parcellation_term_acronym,parcellation_term_set_name,term_set_order,term_order,parent_term_label
AllenCCF-Annotation-2020-997,AllenCCF-Ontology-2017-997,AllenCCF-Ontology-2017-ORGA,987,3564320,3.5643200000000004,#FFFFFF,255,255,255,brain,brain,organ,0,0,
AllenCCF-Annotation-2020-68,AllenCCF-Ontology-2017-997,AllenCCF-Ontology-2017-ORGA,63,256520,0.25652,#FFFFFF,255,255,255,brain,brain,organ,0,0,
AllenCCF-Annotation-2020-68,AllenCCF-Ontology-2017-8,AllenCCF-Ontology-2017-CATE,63,256520,0.25652,#BFDAE3,191,218,227,Basic cell groups and regions,grey,category,1,1,AllenCCF-Ontology-2017-997
AllenCCF-Annotation-2020-68,AllenCCF-Ontology-2017-315,AllenCCF-Ontology-2017-DIVI,63,256520,0.25652,#70FF71,112,255,113,Isocortex,Isocortex,division,2,1,AllenCCF-Ontology-2017-8
AllenCCF-Annotation-2020-68,AllenCCF-Ontology-2017-184,AllenCCF-Ontology-2017-STRU,63,256520,0.25652,#268F45,38,143,69,"Frontal pole, cerebral cortex",FRP,structure,3,1,AllenCCF-Ontology-2017-315
AllenCCF-Annotation-2020-68,AllenCCF-Ontology-2017-68,AllenCCF-Ontology-2017-SUBS,63,256520,0.25652,#268F45,38,143,69,"Frontal pole, layer 1",FRP1,substructure,4,1,AllenCCF-Ontology-2017-184
AllenCCF-Annotation-2020-667,AllenCCF-Ontology-2017-997,AllenCCF-Ontology-2017-ORGA,657,232608,0.23260800000000004,#FFFFFF,255,255,255,brain,brain,organ,0,0,
AllenCCF-Annotation-2020-667,AllenCCF-Ontology-2017-8,AllenCCF-Ontology-2017-CATE,657,232608,0.23260800000000004,#BFDAE3,191,218,227,Basic cell groups and regions,grey,category,1,1,AllenCCF-Ontology-2017-997
AllenCCF-Annotation-2020-667,AllenCCF-Ontology-2017-315,AllenCCF-Ontology-2017-DIVI,657,232608,0.23260800000000004,#70FF71,112,255,113,Isocortex,Isocortex,division,2,1,AllenCCF-Ontology-2017-8
AllenCCF-Annotation-2020-667,AllenCCF-Ontology-2017-184,AllenCCF-Ontology-2017-STRU,657,232608,0.23260800000000004,#268F45,38,143,69,"Frontal pole, cerebral cortex",FRP,structure,3,1,AllenCCF-Ontology-2017-315
AllenCCF-Annotation-2020-667,AllenCCF-Ontology-2017-667,AllenCCF-Ontology-2017-SUBS,657,232608,0.23260800000000004,#268F45,38,143,69,"Frontal pole, layer 2/3",FRP2/3,substructure,4,2,AllenCCF-Ontology-2017-184
AllenCCF-Annotation-2020-526157192,AllenCCF-Ontology-2017-997,AllenCCF-Ontology-2017-ORGA,1288,371584,0.3715840000000001,#FFFFFF,255,255,255,brain,brain,organ,0,0,
AllenCCF-Annotation-2020-526157192,AllenCCF-Ontology-2017-8,AllenCCF-Ontology-2017-CATE,1288,371584,0.3715840000000001,#BFDAE3,191,218,227,Basic cell groups and regions,grey,category,1,1,AllenCCF-Ontology-2017-997
AllenCCF-Annotation-2020-526157192,AllenCCF-Ontology-2017-315,AllenCCF-Ontology-2017-DIVI,1288,371584,0.3715840000000001,#70FF71,112,255,113,Isocortex,Isocortex,division,2,1,AllenCCF-Ontology-2017-8
AllenCCF-Annotation-2020-526157192,AllenCCF-Ontology-2017-184,AllenCCF-Ontology-2017-STRU,1288,371584,0.3715840000000001,#268F45,38,143,69,"Frontal pole, cerebral cortex",FRP,structure,3,1,AllenCCF-Ontology-2017-315
AllenCCF-Annotation-2020-526157192,AllenCCF-Ontology-2017-526157192,AllenCCF-Ontology-2017-SUBS,1288,371584,0.3715840000000001,#268F45,38,143,69,"Frontal pole, layer 5",FRP5,substructure,4,3,AllenCCF-Ontology-2017-184
AllenCCF-Annotation-2020-526157196,AllenCCF-Ontology-2017-997,AllenCCF-Ontology-2017-ORGA,1289,112222,0.11222200000000002,#FFFFFF,255,255,255,brain,brain,organ,0,0,
AllenCCF-Annotation-2020-526157196,AllenCCF-Ontology-2017-8,AllenCCF-Ontology-2017-CATE,1289,112222,0.11222200000000002,#BFDAE3,191,218,227,Basic cell groups and regions,grey,category,1,1,AllenCCF-Ontology-2017-997
AllenCCF-Annotation-2020-526157196,AllenCCF-Ontology-2017-315,AllenCCF-Ontology-2017-DIVI,1289,112222,0.11222200000000002,#70FF71,112,255,113,Isocortex,Isocortex,division,2,1,AllenCCF-Ontology-2017-8
AllenCCF-Annotation-2020-526157196,AllenCCF-Ontology-2017-184,AllenCCF-Ontology-2017-STRU,1289,112222,0.11222200000000002,#268F45,38,143,69,"Frontal pole, cerebral cortex",FRP,structure,3,1,AllenCCF-Ontology-2017-315
AllenCCF-Annotation-2020-526157196,AllenCCF-Ontology-2017-526157196,AllenCCF-Ontology-2017-SUBS,1289,112222,0.11222200000000002,#268F45,38,143,69,"Frontal pole, layer 6a",FRP6a,substructure,4,4,AllenCCF-Ontology-2017-184
AllenCCF-Annotation-2020-526322264,AllenCCF-Ontology-2017-997,AllenCCF-Ontology-2017-ORGA,1290,942,0.0009420000000000001,#FFFFFF,255,255,255,brain,brain,organ,0,0,
AllenCCF-Annotation-2020-526322264,AllenCCF-Ontology-2017-8,AllenCCF-Ontology-2017-CATE,1290,942,0.0009420000000000001,#BFDAE3,191,218,227,Basic cell groups and regions,grey,category,1,1,AllenCCF-Ontology-2017-997
AllenCCF-Annotation-2020-526322264,AllenCCF-Ontology-2017-315,AllenCCF-Ontology-2017-DIVI,1290,942,0.0009420000000000001,#70FF71,112,255,113,Isocortex,Isocortex,division,2,1,AllenCCF-Ontology-2017-8
AllenCCF-Annotation-2020-526322264,AllenCCF-Ontology-2017-184,AllenCCF-Ontology-2017-STRU,1290,942,0.0009420000000000001,#268F45,38,143,69,"Frontal pole, cerebral cortex",FRP,structure,3,1,AllenCCF-Ontology-2017-315
AllenCCF-Annotation-2020-526322264,AllenCCF-Ontology-2017-526322264,AllenCCF-Ontology-2017-SUBS,1290,942,0.0009420000000000001,#268F45,38,143,69,"Frontal pole, layer 6b",FRP6b,substructure,4,5,AllenCCF-Ontology-2017-184
AllenCCF-Annotation-2020-320,AllenCCF-Ontology-2017-997,AllenCCF-Ontology-2017-ORGA,310,1328982,1.3289820000000003,#FFFFFF,255,255,255,brain,brain,organ,0,0,
AllenCCF-Annotation-2020-320,AllenCCF-Ontology-2017-8,AllenCCF-Ontology-2017-CATE,310,1328982,1.3289820000000003,#BFDAE3,191,218,227,Basic cell groups and regions,grey,category,1,1,AllenCCF-Ontology-2017-997
AllenCCF-Annotation-2020-320,AllenCCF-Ontology-2017-315,AllenCCF-Ontology-2017-DIVI,310,1328982,1.3289820000000003,#70FF71,112,255,113,Isocortex,Isocortex,division,2,1,AllenCCF-Ontology-2017-8
AllenCCF-Annotation-2020-320,AllenCCF-Ontology-2017-985,AllenCCF-Ontology-2017-STRU,310,1328982,1.3289820000000003,#1F9D5A,31,157,90,Primary motor area,MOp,structure,3,2,AllenCCF-Ontology-2017-315
AllenCCF-Annotation-2020-320,AllenCCF-Ontology-2017-320,AllenCCF-Ontology-2017-SUBS,310,1328982,1.3289820000000003,#1F9D5A,31,157,90,"Primary motor area, Layer 1",MOp1,substructure,4,6,AllenCCF-Ontology-2017-985
AllenCCF-Annotation-2020-943,AllenCCF-Ontology-2017-997,AllenCCF-Ontology-2017-ORGA,933,3689292,3.6892920000000005,#FFFFFF,255,255,255,brain,brain,organ,0,0,
AllenCCF-Annotation-2020-943,AllenCCF-Ontology-2017-8,AllenCCF-Ontology-2017-CATE,933,3689292,3.6892920000000005,#BFDAE3,191,218,227,Basic cell groups and regions,grey,category,1,1,AllenCCF-Ontology-2017-997
AllenCCF-Annotation-2020-943,AllenCCF-Ontology-2017-315,AllenCCF-Ontology-2017-DIVI,933,3689292,3.6892920000000005,#70FF71,112,255,113,Isocortex,Isocortex,division,2,1,AllenCCF-Ontology-2017-8
AllenCCF-Annotation-2020-943,AllenCCF-Ontology-2017-985,AllenCCF-Ontology-2017-STRU,933,3689292,3.6892920000000005,#1F9D5A,31,157,90,Primary motor area,MOp,structure,3,2,AllenCCF-Ontology-2017-315
AllenCCF-Annotation-2020-943,AllenCCF-Ontology-2017-943,AllenCCF-Ontology-2017-SUBS,933,3689292,3.6892920000000005,#1F9D5A,31,157,90,"Primary motor area, Layer 2/3",MOp2/3,substructure,4,7,AllenCCF-Ontology-2017-985
AllenCCF-Annotation-2020-648,AllenCCF-Ontology-2017-997,AllenCCF-Ontology-2017-ORGA,638,3272844,3.2728440000000005,#FFFFFF,255,255,255,brain,brain,organ,0,0,
AllenCCF-Annotation-2020-648,AllenCCF-Ontology-2017-8,AllenCCF-Ontology-2017-CATE,638,3272844,3.2728440000000005,#BFDAE3,191,218,227,Basic cell groups and regions,grey,category,1,1,AllenCCF-Ontology-2017-997
AllenCCF-Annotation-2020-648,AllenCCF-Ontology-2017-315,AllenCCF-Ontology-2017-DIVI,638,3272844,3.2728440000000005,#70FF71,112,255,113,Isocortex,Isocortex,division,2,1,AllenCCF-Ontology-2017-8
AllenCCF-Annotation-2020-648,AllenCCF-Ontology-2017-985,AllenCCF-Ontology-2017-STRU,638,3272844,3.2728440000000005,#1F9D5A,31,157,90,Primary motor area,MOp,structure,3,2,AllenCCF-Ontology-2017-315
AllenCCF-Annotation-2020-648,AllenCCF-Ontology-2017-648,AllenCCF-Ontology-2017-SUBS,638,3272844,3.2728440000000005,#1F9D5A,31,157,90,"Primary motor area, Layer 5",MOp5,substructure,4,8,AllenCCF-Ontology-2017-985
AllenCCF-Annotation-2020-844,AllenCCF-Ontology-2017-997,AllenCCF-Ontology-2017-ORGA,834,2876428,2.8764280000000007,#FFFFFF,255,255,255,brain,brain,organ,0,0,
AllenCCF-Annotation-2020-844,AllenCCF-Ontology-2017-8,AllenCCF-Ontology-2017-CATE,834,2876428,2.8764280000000007,#BFDAE3,191,218,227,Basic cell groups and regions,grey,category,1,1,AllenCCF-Ontology-2017-997
AllenCCF-Annotation-2020-844,AllenCCF-Ontology-2017-315,AllenCCF-Ontology-2017-DIVI,834,2876428,2.8764280000000007,#70FF71,112,255,113,Isocortex,Isocortex,division,2,1,AllenCCF-Ontology-2017-8
AllenCCF-Annotation-2020-844,AllenCCF-Ontology-2017-985,AllenCCF-Ontology-2017-STRU,834,2876428,2.8764280000000007,#1F9D5A,31,157,90,Primary motor area,MOp,structure,3,2,AllenCCF-Ontology-2017-315
AllenCCF-Annotation-2020-844,AllenCCF-Ontology-2017-844,AllenCCF-Ontology-2017-SUBS,834,2876428,2.8764280000000007,#1F9D5A,31,157,90,"Primary motor area, Layer 6a",MOp6a,substructure,4,9,AllenCCF-Ontology-2017-985
AllenCCF-Annotation-2020-882,AllenCCF-Ontology-2017-997,AllenCCF-Ontology-2017-ORGA,872,183788,0.18378800000000003,#FFFFFF,255,255,255,brain,brain,organ,0,0,
AllenCCF-Annotation-2020-882,AllenCCF-Ontology-2017-8,AllenCCF-Ontology-2017-CATE,872,183788,0.18378800000000003,#BFDAE3,191,218,227,Basic cell groups and regions,grey,category,1,1,AllenCCF-Ontology-2017-997
AllenCCF-Annotation-2020-882,AllenCCF-Ontology-2017-315,AllenCCF-Ontology-2017-DIVI,872,183788,0.18378800000000003,#70FF71,112,255,113,Isocortex,Isocortex,division,2,1,AllenCCF-Ontology-2017-8
AllenCCF-Annotation-2020-882,AllenCCF-Ontology-2017-985,AllenCCF-Ontology-2017-STRU,872,183788,0.18378800000000003,#1F9D5A,31,157,90,Primary motor area,MOp,structure,3,2,AllenCCF-Ontology-2017-315
AllenCCF-Annotation-2020-882,AllenCCF-Ontology-2017-882,AllenCCF-Ontology-2017-SUBS,872,183788,0.18378800000000003,#1F9D5A,31,157,90,"Primary motor area, Layer 6b",MOp6b,substructure,4,10,AllenCCF-Ontology-2017-985
AllenCCF-Annotation-2020-656,AllenCCF-Ontology-2017-997,AllenCCF-Ontology-2017-ORGA,646,2320426,2.3204260000000003,#FFFFFF,255,255,255,brain,brain,organ,0,0,
AllenCCF-Annotation-2020-656,AllenCCF-Ontology-2017-8,AllenCCF-Ontology-2017-CATE,646,2320426,2.3204260000000003,#BFDAE3,191,218,227,Basic cell groups and regions,grey,category,1,1,AllenCCF-Ontology-2017-997
AllenCCF-Annotation-2020-656,AllenCCF-Ontology-2017-315,AllenCCF-Ontology-2017-DIVI,646,2320426,2.3204260000000003,#70FF71,112,255,113,Isocortex,Isocortex,division,2,1,AllenCCF-Ontology-2017-8
AllenCCF-Annotation-2020-656,AllenCCF-Ontology-2017-993,AllenCCF-Ontology-2017-STRU,646,2320426,2.3204260000000003,#1F9D5A,31,157,90,Secondary motor area,MOs,structure,3,3,AllenCCF-Ontology-2017-315
AllenCCF-Annotation-2020-656,AllenCCF-Ontology-2017-656,AllenCCF-Ontology-2017-SUBS,646,2320426,2.3204260000000003,#1F9D5A,31,157,90,"Secondary motor area, layer 1",MOs1,substructure,4,11,AllenCCF-Ontology-2017-993
AllenCCF-Annotation-2020-962,AllenCCF-Ontology-2017-997,AllenCCF-Ontology-2017-ORGA,952,3804232,3.8042320000000007,#FFFFFF,255,255,255,brain,brain,organ,0,0,
AllenCCF-Annotation-2020-962,AllenCCF-Ontology-2017-8,AllenCCF-Ontology-2017-CATE,952,3804232,3.8042320000000007,#BFDAE3,191,218,227,Basic cell groups and regions,grey,category,1,1,AllenCCF-Ontology-2017-997
AllenCCF-Annotation-2020-962,AllenCCF-Ontology-2017-315,AllenCCF-Ontology-2017-DIVI,952,3804232,3.8042320000000007,#70FF71,112,255,113,Isocortex,Isocortex,division,2,1,AllenCCF-Ontology-2017-8
AllenCCF-Annotation-2020-962,AllenCCF-Ontology-2017-993,AllenCCF-Ontology-2017-STRU,952,3804232,3.8042320000000007,#1F9D5A,31,157,90,Secondary motor area,MOs,structure,3,3,AllenCCF-Ontology-2017-315
AllenCCF-Annotation-2020-962,AllenCCF-Ontology-2017-962,AllenCCF-Ontology-2017-SUBS,952,3804232,3.8042320000000007,#1F9D5A,31,157,90,"Secondary motor area, layer 2/3",MOs2/3,substructure,4,12,AllenCCF-Ontology-2017-993
AllenCCF-Annotation-2020-767,AllenCCF-Ontology-2017-997,AllenCCF-Ontology-2017-ORGA,757,4523054,4.523054000000001,#FFFFFF,255,255,255,brain,brain,organ,0,0,
AllenCCF-Annotation-2020-767,AllenCCF-Ontology-2017-8,AllenCCF-Ontology-2017-CATE,757,4523054,4.523054000000001,#BFDAE3,191,218,227,Basic cell groups and regions,grey,category,1,1,AllenCCF-Ontology-2017-997
AllenCCF-Annotation-2020-767,AllenCCF-Ontology-2017-315,AllenCCF-Ontology-2017-DIVI,757,4523054,4.523054000000001,#70FF71,112,255,113,Isocortex,Isocortex,division,2,1,AllenCCF-Ontology-2017-8
AllenCCF-Annotation-2020-767,AllenCCF-Ontology-2017-993,AllenCCF-Ontology-2017-STRU,757,4523054,4.523054000000001,#1F9D5A,31,157,90,Secondary motor area,MOs,structure,3,3,AllenCCF-Ontology-2017-315
AllenCCF-Annotation-2020-767,AllenCCF-Ontology-2017-767,AllenCCF-Ontology-2017-SUBS,757,4523054,4.523054000000001,#1F9D5A,31,157,90,"Secondary motor area, layer 5",MOs5,substructure,4,13,AllenCCF-Ontology-2017-993
AllenCCF-Annotation-2020-1021,AllenCCF-Ontology-2017-997,AllenCCF-Ontology-2017-ORGA,1010,2377730,2.3777300000000006,#FFFFFF,255,255,255,brain,brain,organ,0,0,
AllenCCF-Annotation-2020-1021,AllenCCF-Ontology-2017-8,AllenCCF-Ontology-2017-CATE,1010,2377730,2.3777300000000006,#BFDAE3,191,218,227,Basic cell groups and regions,grey,category,1,1,AllenCCF-Ontology-2017-997
AllenCCF-Annotation-2020-1021,AllenCCF-Ontology-2017-315,AllenCCF-Ontology-2017-DIVI,1010,2377730,2.3777300000000006,#70FF71,112,255,113,Isocortex,Isocortex,division,2,1,AllenCCF-Ontology-2017-8
AllenCCF-Annotation-2020-1021,AllenCCF-Ontology-2017-993,AllenCCF-Ontology-2017-STRU,1010,2377730,2.3777300000000006,#1F9D5A,31,157,90,Secondary motor area,MOs,structure,3,3,AllenCCF-Ontology-2017-315
AllenCCF-Annotation-2020-1021,AllenCCF-Ontology-2017-1021,AllenCCF-Ontology-2017-SUBS,1010,2377730,2.3777300000000006,#1F9D5A,31,157,90,"Secondary motor area, layer 6a",MOs6a,substructure,4,14,AllenCCF-Ontology-2017-993
AllenCCF-Annotation-2020-1085,AllenCCF-Ontology-2017-997,AllenCCF-Ontology-2017-ORGA,1074,73586,0.07358600000000001,#FFFFFF,255,255,255,brain,brain,organ,0,0,
AllenCCF-Annotation-2020-1085,AllenCCF-Ontology-2017-8,AllenCCF-Ontology-2017-CATE,1074,73586,0.07358600000000001,#BFDAE3,191,218,227,Basic cell groups and regions,grey,category,1,1,AllenCCF-Ontology-2017-997
AllenCCF-Annotation-2020-1085,AllenCCF-Ontology-2017-315,AllenCCF-Ontology-2017-DIVI,1074,73586,0.07358600000000001,#70FF71,112,255,113,Isocortex,Isocortex,division,2,1,AllenCCF-Ontology-2017-8
AllenCCF-Annotation-2020-1085,AllenCCF-Ontology-2017-993,AllenCCF-Ontology-2017-STRU,1074,73586,0.07358600000000001,#1F9D5A,31,157,90,Secondary motor area,MOs,structure,3,3,AllenCCF-Ontology-2017-315
AllenCCF-Annotation-2020-1085,AllenCCF-Ontology-2017-1085,AllenCCF-Ontology-2017-SUBS,1074,73586,0.07358600000000001,#1F9D5A,31,157,90,"Secondary motor area, layer 6b",MOs6b,substructure,4,15,AllenCCF-Ontology-2017-993
AllenCCF-Annotation-2020-558,AllenCCF-Ontology-2017-997,AllenCCF-Ontology-2017-ORGA,548,404326,0.4043260000000001,#FFFFFF,255,255,255,brain,brain,organ,0,0,
AllenCCF-Annotation-2020-558,AllenCCF-Ontology-2017-8,AllenCCF-Ontology-2017-CATE,548,404326,0.4043260000000001,#BFDAE3,191,218,227,Basic cell groups and regions,grey,category,1,1,AllenCCF-Ontology-2017-997
AllenCCF-Annotation-2020-558,AllenCCF-Ontology-2017-315,AllenCCF-Ontology-2017-DIVI,548,404326,0.4043260000000001,#70FF71,112,255,113,Isocortex,Isocortex,division,2,1,AllenCCF-Ontology-2017-8
AllenCCF-Annotation-2020-558,AllenCCF-Ontology-2017-353,AllenCCF-Ontology-2017-STRU,548,404326,0.4043260000000001,#188064,24,128,100,"Primary somatosensory area, nose",SSp-n,structure,3,4,AllenCCF-Ontology-2017-315
AllenCCF-Annotation-2020-558,AllenCCF-Ontology-2017-558,AllenCCF-Ontology-2017-SUBS,548,404326,0.4043260000000001,#188064,24,128,100,"Primary somatosensory area, nose, layer 1",SSp-n1,substructure,4,16,AllenCCF-Ontology-2017-353
AllenCCF-Annotation-2020-838,AllenCCF-Ontology-2017-997,AllenCCF-Ontology-2017-ORGA,828,640936,0.6409360000000001,#FFFFFF,255,255,255,brain,brain,organ,0,0,
AllenCCF-Annotation-2020-838,AllenCCF-Ontology-2017-8,AllenCCF-Ontology-2017-CATE,828,640936,0.6409360000000001,#BFDAE3,191,218,227,Basic cell groups and regions,grey,category,1,1,AllenCCF-Ontology-2017-997
AllenCCF-Annotation-2020-838,AllenCCF-Ontology-2017-315,AllenCCF-Ontology-2017-DIVI,828,640936,0.6409360000000001,#70FF71,112,255,113,Isocortex,Isocortex,division,2,1,AllenCCF-Ontology-2017-8
AllenCCF-Annotation-2020-838,AllenCCF-Ontology-2017-353,AllenCCF-Ontology-2017-STRU,828,640936,0.6409360000000001,#188064,24,128,100,"Primary somatosensory area, nose",SSp-n,structure,3,4,AllenCCF-Ontology-2017-315
AllenCCF-Annotation-2020-838,AllenCCF-Ontology-2017-838,AllenCCF-Ontology-2017-SUBS,828,640936,0.6409360000000001,#188064,24,128,100,"Primary somatosensory area, nose, layer 2/3",SSp-n2/3,substructure,4,17,AllenCCF-Ontology-2017-353
AllenCCF-Annotation-2020-654,AllenCCF-Ontology-2017-997,AllenCCF-Ontology-2017-ORGA,644,548128,0.5481280000000001,#FFFFFF,255,255,255,brain,brain,organ,0,0,
AllenCCF-Annotation-2020-654,AllenCCF-Ontology-2017-8,AllenCCF-Ontology-2017-CATE,644,548128,0.5481280000000001,#BFDAE3,191,218,227,Basic cell groups and regions,grey,category,1,1,AllenCCF-Ontology-2017-997
AllenCCF-Annotation-2020-654,AllenCCF-Ontology-2017-315,AllenCCF-Ontology-2017-DIVI,644,548128,0.5481280000000001,#70FF71,112,255,113,Isocortex,Isocortex,division,2,1,AllenCCF-Ontology-2017-8
AllenCCF-Annotation-2020-654,AllenCCF-Ontology-2017-353,AllenCCF-Ontology-2017-STRU,644,548128,0.5481280000000001,#188064,24,128,100,"Primary somatosensory area, nose",SSp-n,structure,3,4,AllenCCF-Ontology-2017-315
AllenCCF-Annotation-2020-654,AllenCCF-Ontology-2017-654,AllenCCF-Ontology-2017-SUBS,644,548128,0.5481280000000001,#188064,24,128,100,"Primary somatosensory area, nose, layer 4",SSp-n4,substructure,4,18,AllenCCF-Ontology-2017-353
AllenCCF-Annotation-2020-702,AllenCCF-Ontology-2017-997,AllenCCF-Ontology-2017-ORGA,692,567366,0.5673660000000001,#FFFFFF,255,255,255,brain,brain,organ,0,0,
AllenCCF-Annotation-2020-702,AllenCCF-Ontology-2017-8,AllenCCF-Ontology-2017-CATE,692,567366,0.5673660000000001,#BFDAE3,191,218,227,Basic cell groups and regions,grey,category,1,1,AllenCCF-Ontology-2017-997
AllenCCF-Annotation-2020-702,AllenCCF-Ontology-2017-315,AllenCCF-Ontology-2017-DIVI,692,567366,0.5673660000000001,#70FF71,112,255,113,Isocortex,Isocortex,division,2,1,AllenCCF-Ontology-2017-8
AllenCCF-Annotation-2020-702,AllenCCF-Ontology-2017-353,AllenCCF-Ontology-2017-STRU,692,567366,0.5673660000000001,#188064,24,128,100,"Primary somatosensory area, nose",SSp-n,structure,3,4,AllenCCF-Ontology-2017-315
AllenCCF-Annotation-2020-702,AllenCCF-Ontology-2017-702,AllenCCF-Ontology-2017-SUBS,692,567366,0.5673660000000001,#188064,24,128,100,"Primary somatosensory area, nose, layer 5",SSp-n5,substructure,4,19,AllenCCF-Ontology-2017-353
AllenCCF-Annotation-2020-889,AllenCCF-Ontology-2017-997,AllenCCF-Ontology-2017-ORGA,879,804808,0.8048080000000001,#FFFFFF,255,255,255,brain,brain,organ,0,0,
AllenCCF-Annotation-2020-889,AllenCCF-Ontology-2017-8,AllenCCF-Ontology-2017-CATE,879,804808,0.8048080000000001,#BFDAE3,191,218,227,Basic cell groups and regions,grey,category,1,1,AllenCCF-Ontology-2017-997
AllenCCF-Annotation-2020-889,AllenCCF-Ontology-2017-315,AllenCCF-Ontology-2017-DIVI,879,804808,0.8048080000000001,#70FF71,112,255,113,Isocortex,Isocortex,division,2,1,AllenCCF-Ontology-2017-8
AllenCCF-Annotation-2020-889,AllenCCF-Ontology-2017-353,AllenCCF-Ontology-2017-STRU,879,804808,0.8048080000000001,#188064,24,128,100,"Primary somatosensory area, nose",SSp-n,structure,3,4,AllenCCF-Ontology-2017-315
AllenCCF-Annotation-2020-889,AllenCCF-Ontology-2017-889,AllenCCF-Ontology-2017-SUBS,879,804808,0.8048080000000001,#188064,24,128,100,"Primary somatosensory area, nose, layer 6a",SSp-n6a,substructure,4,20,AllenCCF-Ontology-2017-353
AllenCCF-Annotation-2020-929,AllenCCF-Ontology-2017-997,AllenCCF-Ontology-2017-ORGA,919,53516,0.05351600000000001,#FFFFFF,255,255,255,brain,brain,organ,0,0,
AllenCCF-Annotation-2020-929,AllenCCF-Ontology-2017-8,AllenCCF-Ontology-2017-CATE,919,53516,0.05351600000000001,#BFDAE3,191,218,227,Basic cell groups and regions,grey,category,1,1,AllenCCF-Ontology-2017-997
AllenCCF-Annotation-2020-929,AllenCCF-Ontology-2017-315,AllenCCF-Ontology-2017-DIVI,919,53516,0.05351600000000001,#70FF71,112,255,113,Isocortex,Isocortex,division,2,1,AllenCCF-Ontology-2017-8
AllenCCF-Annotation-2020-929,AllenCCF-Ontology-2017-353,AllenCCF-Ontology-2017-STRU,919,53516,0.05351600000000001,#188064,24,128,100,"Primary somatosensory area, nose",SSp-n,structure,3,4,AllenCCF-Ontology-2017-315
AllenCCF-Annotation-2020-929,AllenCCF-Ontology-2017-929,AllenCCF-Ontology-2017-SUBS,919,53516,0.05351600000000001,#188064,24,128,100,"Primary somatosensory area, nose, layer 6b",SSp-n6b,substructure,4,21,AllenCCF-Ontology-2017-353
AllenCCF-Annotation-2020-981,AllenCCF-Ontology-2017-997,AllenCCF-Ontology-2017-ORGA,971,839500,0.8395000000000001,#FFFFFF,255,255,255,brain,brain,organ,0,0,
AllenCCF-Annotation-2020-981,AllenCCF-Ontology-2017-8,AllenCCF-Ontology-2017-CATE,971,839500,0.8395000000000001,#BFDAE3,191,218,227,Basic cell groups and regions,grey,category,1,1,AllenCCF-Ontology-2017-997
AllenCCF-Annotation-2020-981,AllenCCF-Ontology-2017-315,AllenCCF-Ontology-2017-DIVI,971,839500,0.8395000000000001,#70FF71,112,255,113,Isocortex,Isocortex,division,2,1,AllenCCF-Ontology-2017-8
AllenCCF-Annotation-2020-981,AllenCCF-Ontology-2017-329,AllenCCF-Ontology-2017-STRU,971,839500,0.8395000000000001,#188064,24,128,100,"Primary somatosensory area, barrel field",SSp-bfd,structure,3,5,AllenCCF-Ontology-2017-315
AllenCCF-Annotation-2020-981,AllenCCF-Ontology-2017-981,AllenCCF-Ontology-2017-SUBS,971,839500,0.8395000000000001,#188064,24,128,100,"Primary somatosensory area, barrel field, layer 1",SSp-bfd1,substructure,4,22,AllenCCF-Ontology-2017-329
AllenCCF-Annotation-2020-201,AllenCCF-Ontology-2017-997,AllenCCF-Ontology-2017-ORGA,194,1516040,1.5160400000000003,#FFFFFF,255,255,255,brain,brain,organ,0,0,
AllenCCF-Annotation-2020-201,AllenCCF-Ontology-2017-8,AllenCCF-Ontology-2017-CATE,194,1516040,1.5160400000000003,#BFDAE3,191,218,227,Basic cell groups and regions,grey,category,1,1,AllenCCF-Ontology-2017-997
AllenCCF-Annotation-2020-201,AllenCCF-Ontology-2017-315,AllenCCF-Ontology-2017-DIVI,194,1516040,1.5160400000000003,#70FF71,112,255,113,Isocortex,Isocortex,division,2,1,AllenCCF-Ontology-2017-8
AllenCCF-Annotation-2020-201,AllenCCF-Ontology-2017-329,AllenCCF-Ontology-2017-STRU,194,1516040,1.5160400000000003,#188064,24,128,100,"Primary somatosensory area, barrel field",SSp-bfd,structure,3,5,AllenCCF-Ontology-2017-315
AllenCCF-Annotation-2020-201,AllenCCF-Ontology-2017-201,AllenCCF-Ontology-2017-SUBS,194,1516040,1.5160400000000003,#188064,24,128,100,"Primary somatosensory area, barrel field, layer 2/3",SSp-bfd2/3,substructure,4,23,AllenCCF-Ontology-2017-329
AllenCCF-Annotation-2020-1047,AllenCCF-Ontology-2017-997,AllenCCF-Ontology-2017-ORGA,1036,1281604,1.2816040000000002,#FFFFFF,255,255,255,brain,brain,organ,0,0,
AllenCCF-Annotation-2020-1047,AllenCCF-Ontology-2017-8,AllenCCF-Ontology-2017-CATE,1036,1281604,1.2816040000000002,#BFDAE3,191,218,227,Basic cell groups and regions,grey,category,1,1,AllenCCF-Ontology-2017-997
AllenCCF-Annotation-2020-1047,AllenCCF-Ontology-2017-315,AllenCCF-Ontology-2017-DIVI,1036,1281604,1.2816040000000002,#70FF71,112,255,113,Isocortex,Isocortex,division,2,1,AllenCCF-Ontology-2017-8
AllenCCF-Annotation-2020-1047,AllenCCF-Ontology-2017-329,AllenCCF-Ontology-2017-STRU,1036,1281604,1.2816040000000002,#188064,24,128,100,"Primary somatosensory area, barrel field",SSp-bfd,structure,3,5,AllenCCF-Ontology-2017-315
AllenCCF-Annotation-2020-1047,AllenCCF-Ontology-2017-1047,AllenCCF-Ontology-2017-SUBS,1036,1281604,1.2816040000000002,#188064,24,128,100,"Primary somatosensory area, barrel field, layer 4",SSp-bfd4,substructure,4,24,AllenCCF-Ontology-2017-329
AllenCCF-Annotation-2020-1070,AllenCCF-Ontology-2017-997,AllenCCF-Ontology-2017-ORGA,1059,1208038,1.2080380000000002,#FFFFFF,255,255,255,brain,brain,organ,0,0,
AllenCCF-Annotation-2020-1070,AllenCCF-Ontology-2017-8,AllenCCF-Ontology-2017-CATE,1059,1208038,1.2080380000000002,#BFDAE3,191,218,227,Basic cell groups and regions,grey,category,1,1,AllenCCF-Ontology-2017-997
AllenCCF-Annotation-2020-1070,AllenCCF-Ontology-2017-315,AllenCCF-Ontology-2017-DIVI,1059,1208038,1.2080380000000002,#70FF71,112,255,113,Isocortex,Isocortex,division,2,1,AllenCCF-Ontology-2017-8
AllenCCF-Annotation-2020-1070,AllenCCF-Ontology-2017-329,AllenCCF-Ontology-2017-STRU,1059,1208038,1.2080380000000002,#188064,24,128,100,"Primary somatosensory area, barrel field",SSp-bfd,structure,3,5,AllenCCF-Ontology-2017-315
AllenCCF-Annotation-2020-1070,AllenCCF-Ontology-2017-1070,AllenCCF-Ontology-2017-SUBS,1059,1208038,1.2080380000000002,#188064,24,128,100,"Primary somatosensory area, barrel field, layer 5",SSp-bfd5,substructure,4,25,AllenCCF-Ontology-2017-329
AllenCCF-Annotation-2020-1038,AllenCCF-Ontology-2017-997,AllenCCF-Ontology-2017-ORGA,1027,1296044,1.2960440000000002,#FFFFFF,255,255,255,brain,brain,organ,0,0,
AllenCCF-Annotation-2020-1038,AllenCCF-Ontology-2017-8,AllenCCF-Ontology-2017-CATE,1027,1296044,1.2960440000000002,#BFDAE3,191,218,227,Basic cell groups and regions,grey,category,1,1,AllenCCF-Ontology-2017-997
AllenCCF-Annotation-2020-1038,AllenCCF-Ontology-2017-315,AllenCCF-Ontology-2017-DIVI,1027,1296044,1.2960440000000002,#70FF71,112,255,113,Isocortex,Isocortex,division,2,1,AllenCCF-Ontology-2017-8
AllenCCF-Annotation-2020-1038,AllenCCF-Ontology-2017-329,AllenCCF-Ontology-2017-STRU,1027,1296044,1.2960440000000002,#188064,24,128,100,"Primary somatosensory area, barrel field",SSp-bfd,structure,3,5,AllenCCF-Ontology-2017-315
AllenCCF-Annotation-2020-1038,AllenCCF-Ontology-2017-1038,AllenCCF-Ontology-2017-SUBS,1027,1296044,1.2960440000000002,#188064,24,128,100,"Primary somatosensory area, barrel field, layer 6a",SSp-bfd6a,substructure,4,26,AllenCCF-Ontology-2017-329
AllenCCF-Annotation-2020-1062,AllenCCF-Ontology-2017-997,AllenCCF-Ontology-2017-ORGA,1051,146554,0.14655400000000002,#FFFFFF,255,255,255,brain,brain,organ,0,0,
AllenCCF-Annotation-2020-1062,AllenCCF-Ontology-2017-8,AllenCCF-Ontology-2017-CATE,1051,146554,0.14655400000000002,#BFDAE3,191,218,227,Basic cell groups and regions,grey,category,1,1,AllenCCF-Ontology-2017-997
AllenCCF-Annotation-2020-1062,AllenCCF-Ontology-2017-315,AllenCCF-Ontology-2017-DIVI,1051,146554,0.14655400000000002,#70FF71,112,255,113,Isocortex,Isocortex,division,2,1,AllenCCF-Ontology-2017-8
AllenCCF-Annotation-2020-1062,AllenCCF-Ontology-2017-329,AllenCCF-Ontology-2017-STRU,1051,146554,0.14655400000000002,#188064,24,128,100,"Primary somatosensory area, barrel field",SSp-bfd,structure,3,5,AllenCCF-Ontology-2017-315
AllenCCF-Annotation-2020-1062,AllenCCF-Ontology-2017-1062,AllenCCF-Ontology-2017-SUBS,1051,146554,0.14655400000000002,#188064,24,128,100,"Primary somatosensory area, barrel field, layer 6b",SSp-bfd6b,substructure,4,27,AllenCCF-Ontology-2017-329
AllenCCF-Annotation-2020-1030,AllenCCF-Ontology-2017-997,AllenCCF-Ontology-2017-ORGA,1019,299572,0.29957200000000006,#FFFFFF,255,255,255,brain,brain,organ,0,0,
AllenCCF-Annotation-2020-1030,AllenCCF-Ontology-2017-8,AllenCCF-Ontology-2017-CATE,1019,299572,0.29957200000000006,#BFDAE3,191,218,227,Basic cell groups and regions,grey,category,1,1,AllenCCF-Ontology-2017-997
AllenCCF-Annotation-2020-1030,AllenCCF-Ontology-2017-315,AllenCCF-Ontology-2017-DIVI,1019,299572,0.29957200000000006,#70FF71,112,255,113,Isocortex,Isocortex,division,2,1,AllenCCF-Ontology-2017-8
AllenCCF-Annotation-2020-1030,AllenCCF-Ontology-2017-337,AllenCCF-Ontology-2017-STRU,1019,299572,0.29957200000000006,#188064,24,128,100,"Primary somatosensory area, lower limb",SSp-ll,structure,3,6,AllenCCF-Ontology-2017-315
AllenCCF-Annotation-2020-1030,AllenCCF-Ontology-2017-1030,AllenCCF-Ontology-2017-SUBS,1019,299572,0.29957200000000006,#188064,24,128,100,"Primary somatosensory area, lower limb, layer 1",SSp-ll1,substructure,4,29,AllenCCF-Ontology-2017-337
AllenCCF-Annotation-2020-113,AllenCCF-Ontology-2017-997,AllenCCF-Ontology-2017-ORGA,108,646572,0.6465720000000001,#FFFFFF,255,255,255,brain,brain,organ,0,0,
AllenCCF-Annotation-2020-113,AllenCCF-Ontology-2017-8,AllenCCF-Ontology-2017-CATE,108,646572,0.6465720000000001,#BFDAE3,191,218,227,Basic cell groups and regions,grey,category,1,1,AllenCCF-Ontology-2017-997
AllenCCF-Annotation-2020-113,AllenCCF-Ontology-2017-315,AllenCCF-Ontology-2017-DIVI,108,646572,0.6465720000000001,#70FF71,112,255,113,Isocortex,Isocortex,division,2,1,AllenCCF-Ontology-2017-8
AllenCCF-Annotation-2020-113,AllenCCF-Ontology-2017-337,AllenCCF-Ontology-2017-STRU,108,646572,0.6465720000000001,#188064,24,128,100,"Primary somatosensory area, lower limb",SSp-ll,structure,3,6,AllenCCF-Ontology-2017-315
AllenCCF-Annotation-2020-113,AllenCCF-Ontology-2017-113,AllenCCF-Ontology-2017-SUBS,108,646572,0.6465720000000001,#188064,24,128,100,"Primary somatosensory area, lower limb, layer 2/3",SSp-ll2/3,substructure,4,30,AllenCCF-Ontology-2017-337
AllenCCF-Annotation-2020-1094,AllenCCF-Ontology-2017-997,AllenCCF-Ontology-2017-ORGA,1083,272824,0.27282400000000007,#FFFFFF,255,255,255,brain,brain,organ,0,0,
AllenCCF-Annotation-2020-1094,AllenCCF-Ontology-2017-8,AllenCCF-Ontology-2017-CATE,1083,272824,0.27282400000000007,#BFDAE3,191,218,227,Basic cell groups and regions,grey,category,1,1,AllenCCF-Ontology-2017-997
AllenCCF-Annotation-2020-1094,AllenCCF-Ontology-2017-315,AllenCCF-Ontology-2017-DIVI,1083,272824,0.27282400000000007,#70FF71,112,255,113,Isocortex,Isocortex,division,2,1,AllenCCF-Ontology-2017-8
AllenCCF-Annotation-2020-1094,AllenCCF-Ontology-2017-337,AllenCCF-Ontology-2017-STRU,1083,272824,0.27282400000000007,#188064,24,128,100,"Primary somatosensory area, lower limb",SSp-ll,structure,3,6,AllenCCF-Ontology-2017-315
AllenCCF-Annotation-2020-1094,AllenCCF-Ontology-2017-1094,AllenCCF-Ontology-2017-SUBS,1083,272824,0.27282400000000007,#188064,24,128,100,"Primary somatosensory area, lower limb, layer 4",SSp-ll4,substructure,4,31,AllenCCF-Ontology-2017-337
AllenCCF-Annotation-2020-1128,AllenCCF-Ontology-2017-997,AllenCCF-Ontology-2017-ORGA,1115,555260,0.5552600000000001,#FFFFFF,255,255,255,brain,brain,organ,0,0,
AllenCCF-Annotation-2020-1128,AllenCCF-Ontology-2017-8,AllenCCF-Ontology-2017-CATE,1115,555260,0.5552600000000001,#BFDAE3,191,218,227,Basic cell groups and regions,grey,category,1,1,AllenCCF-Ontology-2017-997
AllenCCF-Annotation-2020-1128,AllenCCF-Ontology-2017-315,AllenCCF-Ontology-2017-DIVI,1115,555260,0.5552600000000001,#70FF71,112,255,113,Isocortex,Isocortex,division,2,1,AllenCCF-Ontology-2017-8
AllenCCF-Annotation-2020-1128,AllenCCF-Ontology-2017-337,AllenCCF-Ontology-2017-STRU,1115,555260,0.5552600000000001,#188064,24,128,100,"Primary somatosensory area, lower limb",SSp-ll,structure,3,6,AllenCCF-Ontology-2017-315
AllenCCF-Annotation-2020-1128,AllenCCF-Ontology-2017-1128,AllenCCF-Ontology-2017-SUBS,1115,555260,0.5552600000000001,#188064,24,128,100,"Primary somatosensory area, lower limb, layer 5",SSp-ll5,substructure,4,32,AllenCCF-Ontology-2017-337
AllenCCF-Annotation-2020-478,AllenCCF-Ontology-2017-997,AllenCCF-Ontology-2017-ORGA,468,528074,0.528074,#FFFFFF,255,255,255,brain,brain,organ,0,0,
AllenCCF-Annotation-2020-478,AllenCCF-Ontology-2017-8,AllenCCF-Ontology-2017-CATE,468,528074,0.528074,#BFDAE3,191,218,227,Basic cell groups and regions,grey,category,1,1,AllenCCF-Ontology-2017-997
AllenCCF-Annotation-2020-478,AllenCCF-Ontology-2017-315,AllenCCF-Ontology-2017-DIVI,468,528074,0.528074,#70FF71,112,255,113,Isocortex,Isocortex,division,2,1,AllenCCF-Ontology-2017-8
AllenCCF-Annotation-2020-478,AllenCCF-Ontology-2017-337,AllenCCF-Ontology-2017-STRU,468,528074,0.528074,#188064,24,128,100,"Primary somatosensory area, lower limb",SSp-ll,structure,3,6,AllenCCF-Ontology-2017-315
AllenCCF-Annotation-2020-478,AllenCCF-Ontology-2017-478,AllenCCF-Ontology-2017-SUBS,468,528074,0.528074,#188064,24,128,100,"Primary somatosensory area, lower limb, layer 6a",SSp-ll6a,substructure,4,33,AllenCCF-Ontology-2017-337
AllenCCF-Annotation-2020-510,AllenCCF-Ontology-2017-997,AllenCCF-Ontology-2017-ORGA,500,49824,0.04982400000000001,#FFFFFF,255,255,255,brain,brain,organ,0,0,
AllenCCF-Annotation-2020-510,AllenCCF-Ontology-2017-8,AllenCCF-Ontology-2017-CATE,500,49824,0.04982400000000001,#BFDAE3,191,218,227,Basic cell groups and regions,grey,category,1,1,AllenCCF-Ontology-2017-997
AllenCCF-Annotation-2020-510,AllenCCF-Ontology-2017-315,AllenCCF-Ontology-2017-DIVI,500,49824,0.04982400000000001,#70FF71,112,255,113,Isocortex,Isocortex,division,2,1,AllenCCF-Ontology-2017-8
AllenCCF-Annotation-2020-510,AllenCCF-Ontology-2017-337,AllenCCF-Ontology-2017-STRU,500,49824,0.04982400000000001,#188064,24,128,100,"Primary somatosensory area, lower limb",SSp-ll,structure,3,6,AllenCCF-Ontology-2017-315
AllenCCF-Annotation-2020-510,AllenCCF-Ontology-2017-510,AllenCCF-Ontology-2017-SUBS,500,49824,0.04982400000000001,#188064,24,128,100,"Primary somatosensory area, lower limb, layer 6b",SSp-ll6b,substructure,4,34,AllenCCF-Ontology-2017-337
AllenCCF-Annotation-2020-878,AllenCCF-Ontology-2017-997,AllenCCF-Ontology-2017-ORGA,868,780612,0.7806120000000001,#FFFFFF,255,255,255,brain,brain,organ,0,0,
AllenCCF-Annotation-2020-878,AllenCCF-Ontology-2017-8,AllenCCF-Ontology-2017-CATE,868,780612,0.7806120000000001,#BFDAE3,191,218,227,Basic cell groups and regions,grey,category,1,1,AllenCCF-Ontology-2017-997
AllenCCF-Annotation-2020-878,AllenCCF-Ontology-2017-315,AllenCCF-Ontology-2017-DIVI,868,780612,0.7806120000000001,#70FF71,112,255,113,Isocortex,Isocortex,division,2,1,AllenCCF-Ontology-2017-8
AllenCCF-Annotation-2020-878,AllenCCF-Ontology-2017-345,AllenCCF-Ontology-2017-STRU,868,780612,0.7806120000000001,#188064,24,128,100,"Primary somatosensory area, mouth",SSp-m,structure,3,7,AllenCCF-Ontology-2017-315
AllenCCF-Annotation-2020-878,AllenCCF-Ontology-2017-878,AllenCCF-Ontology-2017-SUBS,868,780612,0.7806120000000001,#188064,24,128,100,"Primary somatosensory area, mouth, layer 1",SSp-m1,substructure,4,35,AllenCCF-Ontology-2017-345
AllenCCF-Annotation-2020-657,AllenCCF-Ontology-2017-997,AllenCCF-Ontology-2017-ORGA,647,1497244,1.4972440000000002,#FFFFFF,255,255,255,brain,brain,organ,0,0,
AllenCCF-Annotation-2020-657,AllenCCF-Ontology-2017-8,AllenCCF-Ontology-2017-CATE,647,1497244,1.4972440000000002,#BFDAE3,191,218,227,Basic cell groups and regions,grey,category,1,1,AllenCCF-Ontology-2017-997
AllenCCF-Annotation-2020-657,AllenCCF-Ontology-2017-315,AllenCCF-Ontology-2017-DIVI,647,1497244,1.4972440000000002,#70FF71,112,255,113,Isocortex,Isocortex,division,2,1,AllenCCF-Ontology-2017-8
AllenCCF-Annotation-2020-657,AllenCCF-Ontology-2017-345,AllenCCF-Ontology-2017-STRU,647,1497244,1.4972440000000002,#188064,24,128,100,"Primary somatosensory area, mouth",SSp-m,structure,3,7,AllenCCF-Ontology-2017-315
AllenCCF-Annotation-2020-657,AllenCCF-Ontology-2017-657,AllenCCF-Ontology-2017-SUBS,647,1497244,1.4972440000000002,#188064,24,128,100,"Primary somatosensory area, mouth, layer 2/3",SSp-m2/3,substructure,4,36,AllenCCF-Ontology-2017-345
AllenCCF-Annotation-2020-950,AllenCCF-Ontology-2017-997,AllenCCF-Ontology-2017-ORGA,940,948750,0.9487500000000002,#FFFFFF,255,255,255,brain,brain,organ,0,0,
AllenCCF-Annotation-2020-950,AllenCCF-Ontology-2017-8,AllenCCF-Ontology-2017-CATE,940,948750,0.9487500000000002,#BFDAE3,191,218,227,Basic cell groups and regions,grey,category,1,1,AllenCCF-Ontology-2017-997
AllenCCF-Annotation-2020-950,AllenCCF-Ontology-2017-315,AllenCCF-Ontology-2017-DIVI,940,948750,0.9487500000000002,#70FF71,112,255,113,Isocortex,Isocortex,division,2,1,AllenCCF-Ontology-2017-8
AllenCCF-Annotation-2020-950,AllenCCF-Ontology-2017-345,AllenCCF-Ontology-2017-STRU,940,948750,0.9487500000000002,#188064,24,128,100,"Primary somatosensory area, mouth",SSp-m,structure,3,7,AllenCCF-Ontology-2017-315
AllenCCF-Annotation-2020-950,AllenCCF-Ontology-2017-950,AllenCCF-Ontology-2017-SUBS,940,948750,0.9487500000000002,#188064,24,128,100,"Primary somatosensory area, mouth, layer 4",SSp-m4,substructure,4,37,AllenCCF-Ontology-2017-345
AllenCCF-Annotation-2020-974,AllenCCF-Ontology-2017-997,AllenCCF-Ontology-2017-ORGA,964,1217080,1.2170800000000002,#FFFFFF,255,255,255,brain,brain,organ,0,0,
AllenCCF-Annotation-2020-974,AllenCCF-Ontology-2017-8,AllenCCF-Ontology-2017-CATE,964,1217080,1.2170800000000002,#BFDAE3,191,218,227,Basic cell groups and regions,grey,category,1,1,AllenCCF-Ontology-2017-997
AllenCCF-Annotation-2020-974,AllenCCF-Ontology-2017-315,AllenCCF-Ontology-2017-DIVI,964,1217080,1.2170800000000002,#70FF71,112,255,113,Isocortex,Isocortex,division,2,1,AllenCCF-Ontology-2017-8
AllenCCF-Annotation-2020-974,AllenCCF-Ontology-2017-345,AllenCCF-Ontology-2017-STRU,964,1217080,1.2170800000000002,#188064,24,128,100,"Primary somatosensory area, mouth",SSp-m,structure,3,7,AllenCCF-Ontology-2017-315
AllenCCF-Annotation-2020-974,AllenCCF-Ontology-2017-974,AllenCCF-Ontology-2017-SUBS,964,1217080,1.2170800000000002,#188064,24,128,100,"Primary somatosensory area, mouth, layer 5",SSp-m5,substructure,4,38,AllenCCF-Ontology-2017-345
AllenCCF-Annotation-2020-1102,AllenCCF-Ontology-2017-997,AllenCCF-Ontology-2017-ORGA,1091,1651680,1.6516800000000003,#FFFFFF,255,255,255,brain,brain,organ,0,0,
AllenCCF-Annotation-2020-1102,AllenCCF-Ontology-2017-8,AllenCCF-Ontology-2017-CATE,1091,1651680,1.6516800000000003,#BFDAE3,191,218,227,Basic cell groups and regions,grey,category,1,1,AllenCCF-Ontology-2017-997
AllenCCF-Annotation-2020-1102,AllenCCF-Ontology-2017-315,AllenCCF-Ontology-2017-DIVI,1091,1651680,1.6516800000000003,#70FF71,112,255,113,Isocortex,Isocortex,division,2,1,AllenCCF-Ontology-2017-8
AllenCCF-Annotation-2020-1102,AllenCCF-Ontology-2017-345,AllenCCF-Ontology-2017-STRU,1091,1651680,1.6516800000000003,#188064,24,128,100,"Primary somatosensory area, mouth",SSp-m,structure,3,7,AllenCCF-Ontology-2017-315
AllenCCF-Annotation-2020-1102,AllenCCF-Ontology-2017-1102,AllenCCF-Ontology-2017-SUBS,1091,1651680,1.6516800000000003,#188064,24,128,100,"Primary somatosensory area, mouth, layer 6a",SSp-m6a,substructure,4,39,AllenCCF-Ontology-2017-345
AllenCCF-Annotation-2020-2,AllenCCF-Ontology-2017-997,AllenCCF-Ontology-2017-ORGA,2,114254,0.11425400000000002,#FFFFFF,255,255,255,brain,brain,organ,0,0,
AllenCCF-Annotation-2020-2,AllenCCF-Ontology-2017-8,AllenCCF-Ontology-2017-CATE,2,114254,0.11425400000000002,#BFDAE3,191,218,227,Basic cell groups and regions,grey,category,1,1,AllenCCF-Ontology-2017-997
AllenCCF-Annotation-2020-2,AllenCCF-Ontology-2017-315,AllenCCF-Ontology-2017-DIVI,2,114254,0.11425400000000002,#70FF71,112,255,113,Isocortex,Isocortex,division,2,1,AllenCCF-Ontology-2017-8
AllenCCF-Annotation-2020-2,AllenCCF-Ontology-2017-345,AllenCCF-Ontology-2017-STRU,2,114254,0.11425400000000002,#188064,24,128,100,"Primary somatosensory area, mouth",SSp-m,structure,3,7,AllenCCF-Ontology-2017-315
AllenCCF-Annotation-2020-2,AllenCCF-Ontology-2017-2,AllenCCF-Ontology-2017-SUBS,2,114254,0.11425400000000002,#188064,24,128,100,"Primary somatosensory area, mouth, layer 6b",SSp-m6b,substructure,4,40,AllenCCF-Ontology-2017-345
AllenCCF-Annotation-2020-450,AllenCCF-Ontology-2017-997,AllenCCF-Ontology-2017-ORGA,440,459820,0.45982000000000006,#FFFFFF,255,255,255,brain,brain,organ,0,0,
AllenCCF-Annotation-2020-450,AllenCCF-Ontology-2017-8,AllenCCF-Ontology-2017-CATE,440,459820,0.45982000000000006,#BFDAE3,191,218,227,Basic cell groups and regions,grey,category,1,1,AllenCCF-Ontology-2017-997
AllenCCF-Annotation-2020-450,AllenCCF-Ontology-2017-315,AllenCCF-Ontology-2017-DIVI,440,459820,0.45982000000000006,#70FF71,112,255,113,Isocortex,Isocortex,division,2,1,AllenCCF-Ontology-2017-8
AllenCCF-Annotation-2020-450,AllenCCF-Ontology-2017-369,AllenCCF-Ontology-2017-STRU,440,459820,0.45982000000000006,#188064,24,128,100,"Primary somatosensory area, upper limb",SSp-ul,structure,3,8,AllenCCF-Ontology-2017-315
AllenCCF-Annotation-2020-450,AllenCCF-Ontology-2017-450,AllenCCF-Ontology-2017-SUBS,440,459820,0.45982000000000006,#188064,24,128,100,"Primary somatosensory area, upper limb, layer 1",SSp-ul1,substructure,4,41,AllenCCF-Ontology-2017-369
AllenCCF-Annotation-2020-854,AllenCCF-Ontology-2017-997,AllenCCF-Ontology-2017-ORGA,844,978956,0.9789560000000002,#FFFFFF,255,255,255,brain,brain,organ,0,0,
AllenCCF-Annotation-2020-854,AllenCCF-Ontology-2017-8,AllenCCF-Ontology-2017-CATE,844,978956,0.9789560000000002,#BFDAE3,191,218,227,Basic cell groups and regions,grey,category,1,1,AllenCCF-Ontology-2017-997
AllenCCF-Annotation-2020-854,AllenCCF-Ontology-2017-315,AllenCCF-Ontology-2017-DIVI,844,978956,0.9789560000000002,#70FF71,112,255,113,Isocortex,Isocortex,division,2,1,AllenCCF-Ontology-2017-8
AllenCCF-Annotation-2020-854,AllenCCF-Ontology-2017-369,AllenCCF-Ontology-2017-STRU,844,978956,0.9789560000000002,#188064,24,128,100,"Primary somatosensory area, upper limb",SSp-ul,structure,3,8,AllenCCF-Ontology-2017-315
AllenCCF-Annotation-2020-854,AllenCCF-Ontology-2017-854,AllenCCF-Ontology-2017-SUBS,844,978956,0.9789560000000002,#188064,24,128,100,"Primary somatosensory area, upper limb, layer 2/3",SSp-ul2/3,substructure,4,42,AllenCCF-Ontology-2017-369
AllenCCF-Annotation-2020-577,AllenCCF-Ontology-2017-997,AllenCCF-Ontology-2017-ORGA,567,523130,0.5231300000000001,#FFFFFF,255,255,255,brain,brain,organ,0,0,
AllenCCF-Annotation-2020-577,AllenCCF-Ontology-2017-8,AllenCCF-Ontology-2017-CATE,567,523130,0.5231300000000001,#BFDAE3,191,218,227,Basic cell groups and regions,grey,category,1,1,AllenCCF-Ontology-2017-997
AllenCCF-Annotation-2020-577,AllenCCF-Ontology-2017-315,AllenCCF-Ontology-2017-DIVI,567,523130,0.5231300000000001,#70FF71,112,255,113,Isocortex,Isocortex,division,2,1,AllenCCF-Ontology-2017-8
AllenCCF-Annotation-2020-577,AllenCCF-Ontology-2017-369,AllenCCF-Ontology-2017-STRU,567,523130,0.5231300000000001,#188064,24,128,100,"Primary somatosensory area, upper limb",SSp-ul,structure,3,8,AllenCCF-Ontology-2017-315
AllenCCF-Annotation-2020-577,AllenCCF-Ontology-2017-577,AllenCCF-Ontology-2017-SUBS,567,523130,0.5231300000000001,#188064,24,128,100,"Primary somatosensory area, upper limb, layer 4",SSp-ul4,substructure,4,43,AllenCCF-Ontology-2017-369
AllenCCF-Annotation-2020-625,AllenCCF-Ontology-2017-997,AllenCCF-Ontology-2017-ORGA,615,792298,0.7922980000000002,#FFFFFF,255,255,255,brain,brain,organ,0,0,
AllenCCF-Annotation-2020-625,AllenCCF-Ontology-2017-8,AllenCCF-Ontology-2017-CATE,615,792298,0.7922980000000002,#BFDAE3,191,218,227,Basic cell groups and regions,grey,category,1,1,AllenCCF-Ontology-2017-997
AllenCCF-Annotation-2020-625,AllenCCF-Ontology-2017-315,AllenCCF-Ontology-2017-DIVI,615,792298,0.7922980000000002,#70FF71,112,255,113,Isocortex,Isocortex,division,2,1,AllenCCF-Ontology-2017-8
AllenCCF-Annotation-2020-625,AllenCCF-Ontology-2017-369,AllenCCF-Ontology-2017-STRU,615,792298,0.7922980000000002,#188064,24,128,100,"Primary somatosensory area, upper limb",SSp-ul,structure,3,8,AllenCCF-Ontology-2017-315
AllenCCF-Annotation-2020-625,AllenCCF-Ontology-2017-625,AllenCCF-Ontology-2017-SUBS,615,792298,0.7922980000000002,#188064,24,128,100,"Primary somatosensory area, upper limb, layer 5",SSp-ul5,substructure,4,44,AllenCCF-Ontology-2017-369
AllenCCF-Annotation-2020-945,AllenCCF-Ontology-2017-997,AllenCCF-Ontology-2017-ORGA,935,942014,0.9420140000000001,#FFFFFF,255,255,255,brain,brain,organ,0,0,
AllenCCF-Annotation-2020-945,AllenCCF-Ontology-2017-8,AllenCCF-Ontology-2017-CATE,935,942014,0.9420140000000001,#BFDAE3,191,218,227,Basic cell groups and regions,grey,category,1,1,AllenCCF-Ontology-2017-997
AllenCCF-Annotation-2020-945,AllenCCF-Ontology-2017-315,AllenCCF-Ontology-2017-DIVI,935,942014,0.9420140000000001,#70FF71,112,255,113,Isocortex,Isocortex,division,2,1,AllenCCF-Ontology-2017-8
AllenCCF-Annotation-2020-945,AllenCCF-Ontology-2017-369,AllenCCF-Ontology-2017-STRU,935,942014,0.9420140000000001,#188064,24,128,100,"Primary somatosensory area, upper limb",SSp-ul,structure,3,8,AllenCCF-Ontology-2017-315
AllenCCF-Annotation-2020-945,AllenCCF-Ontology-2017-945,AllenCCF-Ontology-2017-SUBS,935,942014,0.9420140000000001,#188064,24,128,100,"Primary somatosensory area, upper limb, layer 6a",SSp-ul6a,substructure,4,45,AllenCCF-Ontology-2017-369
AllenCCF-Annotation-2020-1026,AllenCCF-Ontology-2017-997,AllenCCF-Ontology-2017-ORGA,1015,73244,0.07324400000000002,#FFFFFF,255,255,255,brain,brain,organ,0,0,
AllenCCF-Annotation-2020-1026,AllenCCF-Ontology-2017-8,AllenCCF-Ontology-2017-CATE,1015,73244,0.07324400000000002,#BFDAE3,191,218,227,Basic cell groups and regions,grey,category,1,1,AllenCCF-Ontology-2017-997
AllenCCF-Annotation-2020-1026,AllenCCF-Ontology-2017-315,AllenCCF-Ontology-2017-DIVI,1015,73244,0.07324400000000002,#70FF71,112,255,113,Isocortex,Isocortex,division,2,1,AllenCCF-Ontology-2017-8
AllenCCF-Annotation-2020-1026,AllenCCF-Ontology-2017-369,AllenCCF-Ontology-2017-STRU,1015,73244,0.07324400000000002,#188064,24,128,100,"Primary somatosensory area, upper limb",SSp-ul,structure,3,8,AllenCCF-Ontology-2017-315
AllenCCF-Annotation-2020-1026,AllenCCF-Ontology-2017-1026,AllenCCF-Ontology-2017-SUBS,1015,73244,0.07324400000000002,#188064,24,128,100,"Primary somatosensory area, upper limb, layer 6b",SSp-ul6b,substructure,4,46,AllenCCF-Ontology-2017-369
AllenCCF-Annotation-2020-1006,AllenCCF-Ontology-2017-997,AllenCCF-Ontology-2017-ORGA,996,205640,0.20564000000000004,#FFFFFF,255,255,255,brain,brain,organ,0,0,
AllenCCF-Annotation-2020-1006,AllenCCF-Ontology-2017-8,AllenCCF-Ontology-2017-CATE,996,205640,0.20564000000000004,#BFDAE3,191,218,227,Basic cell groups and regions,grey,category,1,1,AllenCCF-Ontology-2017-997
AllenCCF-Annotation-2020-1006,AllenCCF-Ontology-2017-315,AllenCCF-Ontology-2017-DIVI,996,205640,0.20564000000000004,#70FF71,112,255,113,Isocortex,Isocortex,division,2,1,AllenCCF-Ontology-2017-8
AllenCCF-Annotation-2020-1006,AllenCCF-Ontology-2017-361,AllenCCF-Ontology-2017-STRU,996,205640,0.20564000000000004,#188064,24,128,100,"Primary somatosensory area, trunk",SSp-tr,structure,3,9,AllenCCF-Ontology-2017-315
AllenCCF-Annotation-2020-1006,AllenCCF-Ontology-2017-1006,AllenCCF-Ontology-2017-SUBS,996,205640,0.20564000000000004,#188064,24,128,100,"Primary somatosensory area, trunk, layer 1",SSp-tr1,substructure,4,47,AllenCCF-Ontology-2017-361
AllenCCF-Annotation-2020-670,AllenCCF-Ontology-2017-997,AllenCCF-Ontology-2017-ORGA,660,423734,0.42373400000000006,#FFFFFF,255,255,255,brain,brain,organ,0,0,
AllenCCF-Annotation-2020-670,AllenCCF-Ontology-2017-8,AllenCCF-Ontology-2017-CATE,660,423734,0.42373400000000006,#BFDAE3,191,218,227,Basic cell groups and regions,grey,category,1,1,AllenCCF-Ontology-2017-997
AllenCCF-Annotation-2020-670,AllenCCF-Ontology-2017-315,AllenCCF-Ontology-2017-DIVI,660,423734,0.42373400000000006,#70FF71,112,255,113,Isocortex,Isocortex,division,2,1,AllenCCF-Ontology-2017-8
AllenCCF-Annotation-2020-670,AllenCCF-Ontology-2017-361,AllenCCF-Ontology-2017-STRU,660,423734,0.42373400000000006,#188064,24,128,100,"Primary somatosensory area, trunk",SSp-tr,structure,3,9,AllenCCF-Ontology-2017-315
AllenCCF-Annotation-2020-670,AllenCCF-Ontology-2017-670,AllenCCF-Ontology-2017-SUBS,660,423734,0.42373400000000006,#188064,24,128,100,"Primary somatosensory area, trunk, layer 2/3",SSp-tr2/3,substructure,4,48,AllenCCF-Ontology-2017-361
AllenCCF-Annotation-2020-1086,AllenCCF-Ontology-2017-997,AllenCCF-Ontology-2017-ORGA,1075,152746,0.15274600000000002,#FFFFFF,255,255,255,brain,brain,organ,0,0,
AllenCCF-Annotation-2020-1086,AllenCCF-Ontology-2017-8,AllenCCF-Ontology-2017-CATE,1075,152746,0.15274600000000002,#BFDAE3,191,218,227,Basic cell groups and regions,grey,category,1,1,AllenCCF-Ontology-2017-997
AllenCCF-Annotation-2020-1086,AllenCCF-Ontology-2017-315,AllenCCF-Ontology-2017-DIVI,1075,152746,0.15274600000000002,#70FF71,112,255,113,Isocortex,Isocortex,division,2,1,AllenCCF-Ontology-2017-8
AllenCCF-Annotation-2020-1086,AllenCCF-Ontology-2017-361,AllenCCF-Ontology-2017-STRU,1075,152746,0.15274600000000002,#188064,24,128,100,"Primary somatosensory area, trunk",SSp-tr,structure,3,9,AllenCCF-Ontology-2017-315
AllenCCF-Annotation-2020-1086,AllenCCF-Ontology-2017-1086,AllenCCF-Ontology-2017-SUBS,1075,152746,0.15274600000000002,#188064,24,128,100,"Primary somatosensory area, trunk, layer 4",SSp-tr4,substructure,4,49,AllenCCF-Ontology-2017-361
AllenCCF-Annotation-2020-1111,AllenCCF-Ontology-2017-997,AllenCCF-Ontology-2017-ORGA,1100,353006,0.35300600000000004,#FFFFFF,255,255,255,brain,brain,organ,0,0,
AllenCCF-Annotation-2020-1111,AllenCCF-Ontology-2017-8,AllenCCF-Ontology-2017-CATE,1100,353006,0.35300600000000004,#BFDAE3,191,218,227,Basic cell groups and regions,grey,category,1,1,AllenCCF-Ontology-2017-997
AllenCCF-Annotation-2020-1111,AllenCCF-Ontology-2017-315,AllenCCF-Ontology-2017-DIVI,1100,353006,0.35300600000000004,#70FF71,112,255,113,Isocortex,Isocortex,division,2,1,AllenCCF-Ontology-2017-8
AllenCCF-Annotation-2020-1111,AllenCCF-Ontology-2017-361,AllenCCF-Ontology-2017-STRU,1100,353006,0.35300600000000004,#188064,24,128,100,"Primary somatosensory area, trunk",SSp-tr,structure,3,9,AllenCCF-Ontology-2017-315
AllenCCF-Annotation-2020-1111,AllenCCF-Ontology-2017-1111,AllenCCF-Ontology-2017-SUBS,1100,353006,0.35300600000000004,#188064,24,128,100,"Primary somatosensory area, trunk, layer 5",SSp-tr5,substructure,4,50,AllenCCF-Ontology-2017-361
AllenCCF-Annotation-2020-9,AllenCCF-Ontology-2017-997,AllenCCF-Ontology-2017-ORGA,8,232906,0.23290600000000003,#FFFFFF,255,255,255,brain,brain,organ,0,0,
AllenCCF-Annotation-2020-9,AllenCCF-Ontology-2017-8,AllenCCF-Ontology-2017-CATE,8,232906,0.23290600000000003,#BFDAE3,191,218,227,Basic cell groups and regions,grey,category,1,1,AllenCCF-Ontology-2017-997
AllenCCF-Annotation-2020-9,AllenCCF-Ontology-2017-315,AllenCCF-Ontology-2017-DIVI,8,232906,0.23290600000000003,#70FF71,112,255,113,Isocortex,Isocortex,division,2,1,AllenCCF-Ontology-2017-8
AllenCCF-Annotation-2020-9,AllenCCF-Ontology-2017-361,AllenCCF-Ontology-2017-STRU,8,232906,0.23290600000000003,#188064,24,128,100,"Primary somatosensory area, trunk",SSp-tr,structure,3,9,AllenCCF-Ontology-2017-315
AllenCCF-Annotation-2020-9,AllenCCF-Ontology-2017-9,AllenCCF-Ontology-2017-SUBS,8,232906,0.23290600000000003,#188064,24,128,100,"Primary somatosensory area, trunk, layer 6a",SSp-tr6a,substructure,4,51,AllenCCF-Ontology-2017-361
AllenCCF-Annotation-2020-461,AllenCCF-Ontology-2017-997,AllenCCF-Ontology-2017-ORGA,451,33666,0.03366600000000001,#FFFFFF,255,255,255,brain,brain,organ,0,0,
AllenCCF-Annotation-2020-461,AllenCCF-Ontology-2017-8,AllenCCF-Ontology-2017-CATE,451,33666,0.03366600000000001,#BFDAE3,191,218,227,Basic cell groups and regions,grey,category,1,1,AllenCCF-Ontology-2017-997
AllenCCF-Annotation-2020-461,AllenCCF-Ontology-2017-315,AllenCCF-Ontology-2017-DIVI,451,33666,0.03366600000000001,#70FF71,112,255,113,Isocortex,Isocortex,division,2,1,AllenCCF-Ontology-2017-8
AllenCCF-Annotation-2020-461,AllenCCF-Ontology-2017-361,AllenCCF-Ontology-2017-STRU,451,33666,0.03366600000000001,#188064,24,128,100,"Primary somatosensory area, trunk",SSp-tr,structure,3,9,AllenCCF-Ontology-2017-315
AllenCCF-Annotation-2020-461,AllenCCF-Ontology-2017-461,AllenCCF-Ontology-2017-SUBS,451,33666,0.03366600000000001,#188064,24,128,100,"Primary somatosensory area, trunk, layer 6b",SSp-tr6b,substructure,4,52,AllenCCF-Ontology-2017-361
AllenCCF-Annotation-2020-182305693,AllenCCF-Ontology-2017-997,AllenCCF-Ontology-2017-ORGA,1201,166240,0.16624000000000003,#FFFFFF,255,255,255,brain,brain,organ,0,0,
AllenCCF-Annotation-2020-182305693,AllenCCF-Ontology-2017-8,AllenCCF-Ontology-2017-CATE,1201,166240,0.16624000000000003,#BFDAE3,191,218,227,Basic cell groups and regions,grey,category,1,1,AllenCCF-Ontology-2017-997
AllenCCF-Annotation-2020-182305693,AllenCCF-Ontology-2017-315,AllenCCF-Ontology-2017-DIVI,1201,166240,0.16624000000000003,#70FF71,112,255,113,Isocortex,Isocortex,division,2,1,AllenCCF-Ontology-2017-8
AllenCCF-Annotation-2020-182305693,AllenCCF-Ontology-2017-182305689,AllenCCF-Ontology-2017-STRU,1201,166240,0.16624000000000003,#188064,24,128,100,"Primary somatosensory area, unassigned",SSp-un,structure,3,10,AllenCCF-Ontology-2017-315
AllenCCF-Annotation-2020-182305693,AllenCCF-Ontology-2017-182305693,AllenCCF-Ontology-2017-SUBS,1201,166240,0.16624000000000003,#188064,24,128,100,"Primary somatosensory area, unassigned, layer 1",SSp-un1,substructure,4,53,AllenCCF-Ontology-2017-182305689
AllenCCF-Annotation-2020-182305697,AllenCCF-Ontology-2017-997,AllenCCF-Ontology-2017-ORGA,1202,331476,0.33147600000000005,#FFFFFF,255,255,255,brain,brain,organ,0,0,
AllenCCF-Annotation-2020-182305697,AllenCCF-Ontology-2017-8,AllenCCF-Ontology-2017-CATE,1202,331476,0.33147600000000005,#BFDAE3,191,218,227,Basic cell groups and regions,grey,category,1,1,AllenCCF-Ontology-2017-997
AllenCCF-Annotation-2020-182305697,AllenCCF-Ontology-2017-315,AllenCCF-Ontology-2017-DIVI,1202,331476,0.33147600000000005,#70FF71,112,255,113,Isocortex,Isocortex,division,2,1,AllenCCF-Ontology-2017-8
AllenCCF-Annotation-2020-182305697,AllenCCF-Ontology-2017-182305689,AllenCCF-Ontology-2017-STRU,1202,331476,0.33147600000000005,#188064,24,128,100,"Primary somatosensory area, unassigned",SSp-un,structure,3,10,AllenCCF-Ontology-2017-315
AllenCCF-Annotation-2020-182305697,AllenCCF-Ontology-2017-182305697,AllenCCF-Ontology-2017-SUBS,1202,331476,0.33147600000000005,#188064,24,128,100,"Primary somatosensory area, unassigned, layer 2/3",SSp-un2/3,substructure,4,54,AllenCCF-Ontology-2017-182305689
AllenCCF-Annotation-2020-182305701,AllenCCF-Ontology-2017-997,AllenCCF-Ontology-2017-ORGA,1203,187930,0.18793000000000004,#FFFFFF,255,255,255,brain,brain,organ,0,0,
AllenCCF-Annotation-2020-182305701,AllenCCF-Ontology-2017-8,AllenCCF-Ontology-2017-CATE,1203,187930,0.18793000000000004,#BFDAE3,191,218,227,Basic cell groups and regions,grey,category,1,1,AllenCCF-Ontology-2017-997
AllenCCF-Annotation-2020-182305701,AllenCCF-Ontology-2017-315,AllenCCF-Ontology-2017-DIVI,1203,187930,0.18793000000000004,#70FF71,112,255,113,Isocortex,Isocortex,division,2,1,AllenCCF-Ontology-2017-8
AllenCCF-Annotation-2020-182305701,AllenCCF-Ontology-2017-182305689,AllenCCF-Ontology-2017-STRU,1203,187930,0.18793000000000004,#188064,24,128,100,"Primary somatosensory area, unassigned",SSp-un,structure,3,10,AllenCCF-Ontology-2017-315
AllenCCF-Annotation-2020-182305701,AllenCCF-Ontology-2017-182305701,AllenCCF-Ontology-2017-SUBS,1203,187930,0.18793000000000004,#188064,24,128,100,"Primary somatosensory area, unassigned, layer 4",SSp-un4,substructure,4,55,AllenCCF-Ontology-2017-182305689
AllenCCF-Annotation-2020-182305705,AllenCCF-Ontology-2017-997,AllenCCF-Ontology-2017-ORGA,1204,257978,0.25797800000000004,#FFFFFF,255,255,255,brain,brain,organ,0,0,
AllenCCF-Annotation-2020-182305705,AllenCCF-Ontology-2017-8,AllenCCF-Ontology-2017-CATE,1204,257978,0.25797800000000004,#BFDAE3,191,218,227,Basic cell groups and regions,grey,category,1,1,AllenCCF-Ontology-2017-997
AllenCCF-Annotation-2020-182305705,AllenCCF-Ontology-2017-315,AllenCCF-Ontology-2017-DIVI,1204,257978,0.25797800000000004,#70FF71,112,255,113,Isocortex,Isocortex,division,2,1,AllenCCF-Ontology-2017-8
AllenCCF-Annotation-2020-182305705,AllenCCF-Ontology-2017-182305689,AllenCCF-Ontology-2017-STRU,1204,257978,0.25797800000000004,#188064,24,128,100,"Primary somatosensory area, unassigned",SSp-un,structure,3,10,AllenCCF-Ontology-2017-315
AllenCCF-Annotation-2020-182305705,AllenCCF-Ontology-2017-182305705,AllenCCF-Ontology-2017-SUBS,1204,257978,0.25797800000000004,#188064,24,128,100,"Primary somatosensory area, unassigned, layer 5",SSp-un5,substructure,4,56,AllenCCF-Ontology-2017-182305689
AllenCCF-Annotation-2020-182305709,AllenCCF-Ontology-2017-997,AllenCCF-Ontology-2017-ORGA,1205,294142,0.29414200000000007,#FFFFFF,255,255,255,brain,brain,organ,0,0,
AllenCCF-Annotation-2020-182305709,AllenCCF-Ontology-2017-8,AllenCCF-Ontology-2017-CATE,1205,294142,0.29414200000000007,#BFDAE3,191,218,227,Basic cell groups and regions,grey,category,1,1,AllenCCF-Ontology-2017-997
AllenCCF-Annotation-2020-182305709,AllenCCF-Ontology-2017-315,AllenCCF-Ontology-2017-DIVI,1205,294142,0.29414200000000007,#70FF71,112,255,113,Isocortex,Isocortex,division,2,1,AllenCCF-Ontology-2017-8
AllenCCF-Annotation-2020-182305709,AllenCCF-Ontology-2017-182305689,AllenCCF-Ontology-2017-STRU,1205,294142,0.29414200000000007,#188064,24,128,100,"Primary somatosensory area, unassigned",SSp-un,structure,3,10,AllenCCF-Ontology-2017-315
AllenCCF-Annotation-2020-182305709,AllenCCF-Ontology-2017-182305709,AllenCCF-Ontology-2017-SUBS,1205,294142,0.29414200000000007,#188064,24,128,100,"Primary somatosensory area, unassigned, layer 6a",SSp-un6a,substructure,4,57,AllenCCF-Ontology-2017-182305689
AllenCCF-Annotation-2020-182305713,AllenCCF-Ontology-2017-997,AllenCCF-Ontology-2017-ORGA,1206,24566,0.024566000000000004,#FFFFFF,255,255,255,brain,brain,organ,0,0,
AllenCCF-Annotation-2020-182305713,AllenCCF-Ontology-2017-8,AllenCCF-Ontology-2017-CATE,1206,24566,0.024566000000000004,#BFDAE3,191,218,227,Basic cell groups and regions,grey,category,1,1,AllenCCF-Ontology-2017-997
AllenCCF-Annotation-2020-182305713,AllenCCF-Ontology-2017-315,AllenCCF-Ontology-2017-DIVI,1206,24566,0.024566000000000004,#70FF71,112,255,113,Isocortex,Isocortex,division,2,1,AllenCCF-Ontology-2017-8
AllenCCF-Annotation-2020-182305713,AllenCCF-Ontology-2017-182305689,AllenCCF-Ontology-2017-STRU,1206,24566,0.024566000000000004,#188064,24,128,100,"Primary somatosensory area, unassigned",SSp-un,structure,3,10,AllenCCF-Ontology-2017-315
AllenCCF-Annotation-2020-182305713,AllenCCF-Ontology-2017-182305713,AllenCCF-Ontology-2017-SUBS,1206,24566,0.024566000000000004,#188064,24,128,100,"Primary somatosensory area, unassigned, layer 6b",SSp-un6b,substructure,4,58,AllenCCF-Ontology-2017-182305689
AllenCCF-Annotation-2020-873,AllenCCF-Ontology-2017-997,AllenCCF-Ontology-2017-ORGA,863,1238064,1.2380640000000003,#FFFFFF,255,255,255,brain,brain,organ,0,0,
AllenCCF-Annotation-2020-873,AllenCCF-Ontology-2017-8,AllenCCF-Ontology-2017-CATE,863,1238064,1.2380640000000003,#BFDAE3,191,218,227,Basic cell groups and regions,grey,category,1,1,AllenCCF-Ontology-2017-997
AllenCCF-Annotation-2020-873,AllenCCF-Ontology-2017-315,AllenCCF-Ontology-2017-DIVI,863,1238064,1.2380640000000003,#70FF71,112,255,113,Isocortex,Isocortex,division,2,1,AllenCCF-Ontology-2017-8
AllenCCF-Annotation-2020-873,AllenCCF-Ontology-2017-378,AllenCCF-Ontology-2017-STRU,863,1238064,1.2380640000000003,#188064,24,128,100,Supplemental somatosensory area,SSs,structure,3,11,AllenCCF-Ontology-2017-315
AllenCCF-Annotation-2020-873,AllenCCF-Ontology-2017-873,AllenCCF-Ontology-2017-SUBS,863,1238064,1.2380640000000003,#188064,24,128,100,"Supplemental somatosensory area, layer 1",SSs1,substructure,4,59,AllenCCF-Ontology-2017-378
AllenCCF-Annotation-2020-806,AllenCCF-Ontology-2017-997,AllenCCF-Ontology-2017-ORGA,796,2146234,2.146234,#FFFFFF,255,255,255,brain,brain,organ,0,0,
AllenCCF-Annotation-2020-806,AllenCCF-Ontology-2017-8,AllenCCF-Ontology-2017-CATE,796,2146234,2.146234,#BFDAE3,191,218,227,Basic cell groups and regions,grey,category,1,1,AllenCCF-Ontology-2017-997
AllenCCF-Annotation-2020-806,AllenCCF-Ontology-2017-315,AllenCCF-Ontology-2017-DIVI,796,2146234,2.146234,#70FF71,112,255,113,Isocortex,Isocortex,division,2,1,AllenCCF-Ontology-2017-8
AllenCCF-Annotation-2020-806,AllenCCF-Ontology-2017-378,AllenCCF-Ontology-2017-STRU,796,2146234,2.146234,#188064,24,128,100,Supplemental somatosensory area,SSs,structure,3,11,AllenCCF-Ontology-2017-315
AllenCCF-Annotation-2020-806,AllenCCF-Ontology-2017-806,AllenCCF-Ontology-2017-SUBS,796,2146234,2.146234,#188064,24,128,100,"Supplemental somatosensory area, layer 2/3",SSs2/3,substructure,4,60,AllenCCF-Ontology-2017-378
AllenCCF-Annotation-2020-1035,AllenCCF-Ontology-2017-997,AllenCCF-Ontology-2017-ORGA,1024,1167164,1.167164,#FFFFFF,255,255,255,brain,brain,organ,0,0,
AllenCCF-Annotation-2020-1035,AllenCCF-Ontology-2017-8,AllenCCF-Ontology-2017-CATE,1024,1167164,1.167164,#BFDAE3,191,218,227,Basic cell groups and regions,grey,category,1,1,AllenCCF-Ontology-2017-997
AllenCCF-Annotation-2020-1035,AllenCCF-Ontology-2017-315,AllenCCF-Ontology-2017-DIVI,1024,1167164,1.167164,#70FF71,112,255,113,Isocortex,Isocortex,division,2,1,AllenCCF-Ontology-2017-8
AllenCCF-Annotation-2020-1035,AllenCCF-Ontology-2017-378,AllenCCF-Ontology-2017-STRU,1024,1167164,1.167164,#188064,24,128,100,Supplemental somatosensory area,SSs,structure,3,11,AllenCCF-Ontology-2017-315
AllenCCF-Annotation-2020-1035,AllenCCF-Ontology-2017-1035,AllenCCF-Ontology-2017-SUBS,1024,1167164,1.167164,#188064,24,128,100,"Supplemental somatosensory area, layer 4",SSs4,substructure,4,61,AllenCCF-Ontology-2017-378
AllenCCF-Annotation-2020-1090,AllenCCF-Ontology-2017-997,AllenCCF-Ontology-2017-ORGA,1079,2185516,2.1855160000000002,#FFFFFF,255,255,255,brain,brain,organ,0,0,
AllenCCF-Annotation-2020-1090,AllenCCF-Ontology-2017-8,AllenCCF-Ontology-2017-CATE,1079,2185516,2.1855160000000002,#BFDAE3,191,218,227,Basic cell groups and regions,grey,category,1,1,AllenCCF-Ontology-2017-997
AllenCCF-Annotation-2020-1090,AllenCCF-Ontology-2017-315,AllenCCF-Ontology-2017-DIVI,1079,2185516,2.1855160000000002,#70FF71,112,255,113,Isocortex,Isocortex,division,2,1,AllenCCF-Ontology-2017-8
AllenCCF-Annotation-2020-1090,AllenCCF-Ontology-2017-378,AllenCCF-Ontology-2017-STRU,1079,2185516,2.1855160000000002,#188064,24,128,100,Supplemental somatosensory area,SSs,structure,3,11,AllenCCF-Ontology-2017-315
AllenCCF-Annotation-2020-1090,AllenCCF-Ontology-2017-1090,AllenCCF-Ontology-2017-SUBS,1079,2185516,2.1855160000000002,#188064,24,128,100,"Supplemental somatosensory area, layer 5",SSs5,substructure,4,62,AllenCCF-Ontology-2017-378
AllenCCF-Annotation-2020-862,AllenCCF-Ontology-2017-997,AllenCCF-Ontology-2017-ORGA,852,2073148,2.073148,#FFFFFF,255,255,255,brain,brain,organ,0,0,
AllenCCF-Annotation-2020-862,AllenCCF-Ontology-2017-8,AllenCCF-Ontology-2017-CATE,852,2073148,2.073148,#BFDAE3,191,218,227,Basic cell groups and regions,grey,category,1,1,AllenCCF-Ontology-2017-997
AllenCCF-Annotation-2020-862,AllenCCF-Ontology-2017-315,AllenCCF-Ontology-2017-DIVI,852,2073148,2.073148,#70FF71,112,255,113,Isocortex,Isocortex,division,2,1,AllenCCF-Ontology-2017-8
AllenCCF-Annotation-2020-862,AllenCCF-Ontology-2017-378,AllenCCF-Ontology-2017-STRU,852,2073148,2.073148,#188064,24,128,100,Supplemental somatosensory area,SSs,structure,3,11,AllenCCF-Ontology-2017-315
AllenCCF-Annotation-2020-862,AllenCCF-Ontology-2017-862,AllenCCF-Ontology-2017-SUBS,852,2073148,2.073148,#188064,24,128,100,"Supplemental somatosensory area, layer 6a",SSs6a,substructure,4,63,AllenCCF-Ontology-2017-378
AllenCCF-Annotation-2020-893,AllenCCF-Ontology-2017-997,AllenCCF-Ontology-2017-ORGA,883,208036,0.20803600000000003,#FFFFFF,255,255,255,brain,brain,organ,0,0,
AllenCCF-Annotation-2020-893,AllenCCF-Ontology-2017-8,AllenCCF-Ontology-2017-CATE,883,208036,0.20803600000000003,#BFDAE3,191,218,227,Basic cell groups and regions,grey,category,1,1,AllenCCF-Ontology-2017-997
AllenCCF-Annotation-2020-893,AllenCCF-Ontology-2017-315,AllenCCF-Ontology-2017-DIVI,883,208036,0.20803600000000003,#70FF71,112,255,113,Isocortex,Isocortex,division,2,1,AllenCCF-Ontology-2017-8
AllenCCF-Annotation-2020-893,AllenCCF-Ontology-2017-378,AllenCCF-Ontology-2017-STRU,883,208036,0.20803600000000003,#188064,24,128,100,Supplemental somatosensory area,SSs,structure,3,11,AllenCCF-Ontology-2017-315
AllenCCF-Annotation-2020-893,AllenCCF-Ontology-2017-893,AllenCCF-Ontology-2017-SUBS,883,208036,0.20803600000000003,#188064,24,128,100,"Supplemental somatosensory area, layer 6b",SSs6b,substructure,4,64,AllenCCF-Ontology-2017-378
AllenCCF-Annotation-2020-36,AllenCCF-Ontology-2017-997,AllenCCF-Ontology-2017-ORGA,32,196246,0.19624600000000003,#FFFFFF,255,255,255,brain,brain,organ,0,0,
AllenCCF-Annotation-2020-36,AllenCCF-Ontology-2017-8,AllenCCF-Ontology-2017-CATE,32,196246,0.19624600000000003,#BFDAE3,191,218,227,Basic cell groups and regions,grey,category,1,1,AllenCCF-Ontology-2017-997
AllenCCF-Annotation-2020-36,AllenCCF-Ontology-2017-315,AllenCCF-Ontology-2017-DIVI,32,196246,0.19624600000000003,#70FF71,112,255,113,Isocortex,Isocortex,division,2,1,AllenCCF-Ontology-2017-8
AllenCCF-Annotation-2020-36,AllenCCF-Ontology-2017-1057,AllenCCF-Ontology-2017-STRU,32,196246,0.19624600000000003,#009C75,0,156,117,Gustatory areas,GU,structure,3,12,AllenCCF-Ontology-2017-315
AllenCCF-Annotation-2020-36,AllenCCF-Ontology-2017-36,AllenCCF-Ontology-2017-SUBS,32,196246,0.19624600000000003,#009C75,0,156,117,"Gustatory areas, layer 1",GU1,substructure,4,65,AllenCCF-Ontology-2017-1057
AllenCCF-Annotation-2020-180,AllenCCF-Ontology-2017-997,AllenCCF-Ontology-2017-ORGA,173,401948,0.4019480000000001,#FFFFFF,255,255,255,brain,brain,organ,0,0,
AllenCCF-Annotation-2020-180,AllenCCF-Ontology-2017-8,AllenCCF-Ontology-2017-CATE,173,401948,0.4019480000000001,#BFDAE3,191,218,227,Basic cell groups and regions,grey,category,1,1,AllenCCF-Ontology-2017-997
AllenCCF-Annotation-2020-180,AllenCCF-Ontology-2017-315,AllenCCF-Ontology-2017-DIVI,173,401948,0.4019480000000001,#70FF71,112,255,113,Isocortex,Isocortex,division,2,1,AllenCCF-Ontology-2017-8
AllenCCF-Annotation-2020-180,AllenCCF-Ontology-2017-1057,AllenCCF-Ontology-2017-STRU,173,401948,0.4019480000000001,#009C75,0,156,117,Gustatory areas,GU,structure,3,12,AllenCCF-Ontology-2017-315
AllenCCF-Annotation-2020-180,AllenCCF-Ontology-2017-180,AllenCCF-Ontology-2017-SUBS,173,401948,0.4019480000000001,#009C75,0,156,117,"Gustatory areas, layer 2/3",GU2/3,substructure,4,66,AllenCCF-Ontology-2017-1057
AllenCCF-Annotation-2020-148,AllenCCF-Ontology-2017-997,AllenCCF-Ontology-2017-ORGA,143,146630,0.14663000000000004,#FFFFFF,255,255,255,brain,brain,organ,0,0,
AllenCCF-Annotation-2020-148,AllenCCF-Ontology-2017-8,AllenCCF-Ontology-2017-CATE,143,146630,0.14663000000000004,#BFDAE3,191,218,227,Basic cell groups and regions,grey,category,1,1,AllenCCF-Ontology-2017-997
AllenCCF-Annotation-2020-148,AllenCCF-Ontology-2017-315,AllenCCF-Ontology-2017-DIVI,143,146630,0.14663000000000004,#70FF71,112,255,113,Isocortex,Isocortex,division,2,1,AllenCCF-Ontology-2017-8
AllenCCF-Annotation-2020-148,AllenCCF-Ontology-2017-1057,AllenCCF-Ontology-2017-STRU,143,146630,0.14663000000000004,#009C75,0,156,117,Gustatory areas,GU,structure,3,12,AllenCCF-Ontology-2017-315
AllenCCF-Annotation-2020-148,AllenCCF-Ontology-2017-148,AllenCCF-Ontology-2017-SUBS,143,146630,0.14663000000000004,#009C75,0,156,117,"Gustatory areas, layer 4",GU4,substructure,4,67,AllenCCF-Ontology-2017-1057
AllenCCF-Annotation-2020-187,AllenCCF-Ontology-2017-997,AllenCCF-Ontology-2017-ORGA,180,545318,0.5453180000000001,#FFFFFF,255,255,255,brain,brain,organ,0,0,
AllenCCF-Annotation-2020-187,AllenCCF-Ontology-2017-8,AllenCCF-Ontology-2017-CATE,180,545318,0.5453180000000001,#BFDAE3,191,218,227,Basic cell groups and regions,grey,category,1,1,AllenCCF-Ontology-2017-997
AllenCCF-Annotation-2020-187,AllenCCF-Ontology-2017-315,AllenCCF-Ontology-2017-DIVI,180,545318,0.5453180000000001,#70FF71,112,255,113,Isocortex,Isocortex,division,2,1,AllenCCF-Ontology-2017-8
AllenCCF-Annotation-2020-187,AllenCCF-Ontology-2017-1057,AllenCCF-Ontology-2017-STRU,180,545318,0.5453180000000001,#009C75,0,156,117,Gustatory areas,GU,structure,3,12,AllenCCF-Ontology-2017-315
AllenCCF-Annotation-2020-187,AllenCCF-Ontology-2017-187,AllenCCF-Ontology-2017-SUBS,180,545318,0.5453180000000001,#009C75,0,156,117,"Gustatory areas, layer 5",GU5,substructure,4,68,AllenCCF-Ontology-2017-1057
AllenCCF-Annotation-2020-638,AllenCCF-Ontology-2017-997,AllenCCF-Ontology-2017-ORGA,628,438828,0.43882800000000005,#FFFFFF,255,255,255,brain,brain,organ,0,0,
AllenCCF-Annotation-2020-638,AllenCCF-Ontology-2017-8,AllenCCF-Ontology-2017-CATE,628,438828,0.43882800000000005,#BFDAE3,191,218,227,Basic cell groups and regions,grey,category,1,1,AllenCCF-Ontology-2017-997
AllenCCF-Annotation-2020-638,AllenCCF-Ontology-2017-315,AllenCCF-Ontology-2017-DIVI,628,438828,0.43882800000000005,#70FF71,112,255,113,Isocortex,Isocortex,division,2,1,AllenCCF-Ontology-2017-8
AllenCCF-Annotation-2020-638,AllenCCF-Ontology-2017-1057,AllenCCF-Ontology-2017-STRU,628,438828,0.43882800000000005,#009C75,0,156,117,Gustatory areas,GU,structure,3,12,AllenCCF-Ontology-2017-315
AllenCCF-Annotation-2020-638,AllenCCF-Ontology-2017-638,AllenCCF-Ontology-2017-SUBS,628,438828,0.43882800000000005,#009C75,0,156,117,"Gustatory areas, layer 6a",GU6a,substructure,4,69,AllenCCF-Ontology-2017-1057
AllenCCF-Annotation-2020-662,AllenCCF-Ontology-2017-997,AllenCCF-Ontology-2017-ORGA,652,39344,0.039344000000000004,#FFFFFF,255,255,255,brain,brain,organ,0,0,
AllenCCF-Annotation-2020-662,AllenCCF-Ontology-2017-8,AllenCCF-Ontology-2017-CATE,652,39344,0.039344000000000004,#BFDAE3,191,218,227,Basic cell groups and regions,grey,category,1,1,AllenCCF-Ontology-2017-997
AllenCCF-Annotation-2020-662,AllenCCF-Ontology-2017-315,AllenCCF-Ontology-2017-DIVI,652,39344,0.039344000000000004,#70FF71,112,255,113,Isocortex,Isocortex,division,2,1,AllenCCF-Ontology-2017-8
AllenCCF-Annotation-2020-662,AllenCCF-Ontology-2017-1057,AllenCCF-Ontology-2017-STRU,652,39344,0.039344000000000004,#009C75,0,156,117,Gustatory areas,GU,structure,3,12,AllenCCF-Ontology-2017-315
AllenCCF-Annotation-2020-662,AllenCCF-Ontology-2017-662,AllenCCF-Ontology-2017-SUBS,652,39344,0.039344000000000004,#009C75,0,156,117,"Gustatory areas, layer 6b",GU6b,substructure,4,70,AllenCCF-Ontology-2017-1057
AllenCCF-Annotation-2020-897,AllenCCF-Ontology-2017-997,AllenCCF-Ontology-2017-ORGA,887,335070,0.33507000000000003,#FFFFFF,255,255,255,brain,brain,organ,0,0,
AllenCCF-Annotation-2020-897,AllenCCF-Ontology-2017-8,AllenCCF-Ontology-2017-CATE,887,335070,0.33507000000000003,#BFDAE3,191,218,227,Basic cell groups and regions,grey,category,1,1,AllenCCF-Ontology-2017-997
AllenCCF-Annotation-2020-897,AllenCCF-Ontology-2017-315,AllenCCF-Ontology-2017-DIVI,887,335070,0.33507000000000003,#70FF71,112,255,113,Isocortex,Isocortex,division,2,1,AllenCCF-Ontology-2017-8
AllenCCF-Annotation-2020-897,AllenCCF-Ontology-2017-677,AllenCCF-Ontology-2017-STRU,887,335070,0.33507000000000003,#11AD83,17,173,131,Visceral area,VISC,structure,3,13,AllenCCF-Ontology-2017-315
AllenCCF-Annotation-2020-897,AllenCCF-Ontology-2017-897,AllenCCF-Ontology-2017-SUBS,887,335070,0.33507000000000003,#11AD83,17,173,131,"Visceral area, layer 1",VISC1,substructure,4,71,AllenCCF-Ontology-2017-677
AllenCCF-Annotation-2020-1106,AllenCCF-Ontology-2017-997,AllenCCF-Ontology-2017-ORGA,1095,539812,0.5398120000000001,#FFFFFF,255,255,255,brain,brain,organ,0,0,
AllenCCF-Annotation-2020-1106,AllenCCF-Ontology-2017-8,AllenCCF-Ontology-2017-CATE,1095,539812,0.5398120000000001,#BFDAE3,191,218,227,Basic cell groups and regions,grey,category,1,1,AllenCCF-Ontology-2017-997
AllenCCF-Annotation-2020-1106,AllenCCF-Ontology-2017-315,AllenCCF-Ontology-2017-DIVI,1095,539812,0.5398120000000001,#70FF71,112,255,113,Isocortex,Isocortex,division,2,1,AllenCCF-Ontology-2017-8
AllenCCF-Annotation-2020-1106,AllenCCF-Ontology-2017-677,AllenCCF-Ontology-2017-STRU,1095,539812,0.5398120000000001,#11AD83,17,173,131,Visceral area,VISC,structure,3,13,AllenCCF-Ontology-2017-315
AllenCCF-Annotation-2020-1106,AllenCCF-Ontology-2017-1106,AllenCCF-Ontology-2017-SUBS,1095,539812,0.5398120000000001,#11AD83,17,173,131,"Visceral area, layer 2/3",VISC2/3,substructure,4,72,AllenCCF-Ontology-2017-677
AllenCCF-Annotation-2020-1010,AllenCCF-Ontology-2017-997,AllenCCF-Ontology-2017-ORGA,1000,181330,0.18133000000000002,#FFFFFF,255,255,255,brain,brain,organ,0,0,
AllenCCF-Annotation-2020-1010,AllenCCF-Ontology-2017-8,AllenCCF-Ontology-2017-CATE,1000,181330,0.18133000000000002,#BFDAE3,191,218,227,Basic cell groups and regions,grey,category,1,1,AllenCCF-Ontology-2017-997
AllenCCF-Annotation-2020-1010,AllenCCF-Ontology-2017-315,AllenCCF-Ontology-2017-DIVI,1000,181330,0.18133000000000002,#70FF71,112,255,113,Isocortex,Isocortex,division,2,1,AllenCCF-Ontology-2017-8
AllenCCF-Annotation-2020-1010,AllenCCF-Ontology-2017-677,AllenCCF-Ontology-2017-STRU,1000,181330,0.18133000000000002,#11AD83,17,173,131,Visceral area,VISC,structure,3,13,AllenCCF-Ontology-2017-315
AllenCCF-Annotation-2020-1010,AllenCCF-Ontology-2017-1010,AllenCCF-Ontology-2017-SUBS,1000,181330,0.18133000000000002,#11AD83,17,173,131,"Visceral area, layer 4",VISC4,substructure,4,73,AllenCCF-Ontology-2017-677
AllenCCF-Annotation-2020-1058,AllenCCF-Ontology-2017-997,AllenCCF-Ontology-2017-ORGA,1047,706434,0.7064340000000001,#FFFFFF,255,255,255,brain,brain,organ,0,0,
AllenCCF-Annotation-2020-1058,AllenCCF-Ontology-2017-8,AllenCCF-Ontology-2017-CATE,1047,706434,0.7064340000000001,#BFDAE3,191,218,227,Basic cell groups and regions,grey,category,1,1,AllenCCF-Ontology-2017-997
AllenCCF-Annotation-2020-1058,AllenCCF-Ontology-2017-315,AllenCCF-Ontology-2017-DIVI,1047,706434,0.7064340000000001,#70FF71,112,255,113,Isocortex,Isocortex,division,2,1,AllenCCF-Ontology-2017-8
AllenCCF-Annotation-2020-1058,AllenCCF-Ontology-2017-677,AllenCCF-Ontology-2017-STRU,1047,706434,0.7064340000000001,#11AD83,17,173,131,Visceral area,VISC,structure,3,13,AllenCCF-Ontology-2017-315
AllenCCF-Annotation-2020-1058,AllenCCF-Ontology-2017-1058,AllenCCF-Ontology-2017-SUBS,1047,706434,0.7064340000000001,#11AD83,17,173,131,"Visceral area, layer 5",VISC5,substructure,4,74,AllenCCF-Ontology-2017-677
AllenCCF-Annotation-2020-857,AllenCCF-Ontology-2017-997,AllenCCF-Ontology-2017-ORGA,847,534756,0.5347560000000001,#FFFFFF,255,255,255,brain,brain,organ,0,0,
AllenCCF-Annotation-2020-857,AllenCCF-Ontology-2017-8,AllenCCF-Ontology-2017-CATE,847,534756,0.5347560000000001,#BFDAE3,191,218,227,Basic cell groups and regions,grey,category,1,1,AllenCCF-Ontology-2017-997
AllenCCF-Annotation-2020-857,AllenCCF-Ontology-2017-315,AllenCCF-Ontology-2017-DIVI,847,534756,0.5347560000000001,#70FF71,112,255,113,Isocortex,Isocortex,division,2,1,AllenCCF-Ontology-2017-8
AllenCCF-Annotation-2020-857,AllenCCF-Ontology-2017-677,AllenCCF-Ontology-2017-STRU,847,534756,0.5347560000000001,#11AD83,17,173,131,Visceral area,VISC,structure,3,13,AllenCCF-Ontology-2017-315
AllenCCF-Annotation-2020-857,AllenCCF-Ontology-2017-857,AllenCCF-Ontology-2017-SUBS,847,534756,0.5347560000000001,#11AD83,17,173,131,"Visceral area, layer 6a",VISC6a,substructure,4,75,AllenCCF-Ontology-2017-677
AllenCCF-Annotation-2020-849,AllenCCF-Ontology-2017-997,AllenCCF-Ontology-2017-ORGA,839,52158,0.05215800000000001,#FFFFFF,255,255,255,brain,brain,organ,0,0,
AllenCCF-Annotation-2020-849,AllenCCF-Ontology-2017-8,AllenCCF-Ontology-2017-CATE,839,52158,0.05215800000000001,#BFDAE3,191,218,227,Basic cell groups and regions,grey,category,1,1,AllenCCF-Ontology-2017-997
AllenCCF-Annotation-2020-849,AllenCCF-Ontology-2017-315,AllenCCF-Ontology-2017-DIVI,839,52158,0.05215800000000001,#70FF71,112,255,113,Isocortex,Isocortex,division,2,1,AllenCCF-Ontology-2017-8
AllenCCF-Annotation-2020-849,AllenCCF-Ontology-2017-677,AllenCCF-Ontology-2017-STRU,839,52158,0.05215800000000001,#11AD83,17,173,131,Visceral area,VISC,structure,3,13,AllenCCF-Ontology-2017-315
AllenCCF-Annotation-2020-849,AllenCCF-Ontology-2017-849,AllenCCF-Ontology-2017-SUBS,839,52158,0.05215800000000001,#11AD83,17,173,131,"Visceral area, layer 6b",VISC6b,substructure,4,76,AllenCCF-Ontology-2017-677
AllenCCF-Annotation-2020-527,AllenCCF-Ontology-2017-997,AllenCCF-Ontology-2017-ORGA,517,196898,0.19689800000000005,#FFFFFF,255,255,255,brain,brain,organ,0,0,
AllenCCF-Annotation-2020-527,AllenCCF-Ontology-2017-8,AllenCCF-Ontology-2017-CATE,517,196898,0.19689800000000005,#BFDAE3,191,218,227,Basic cell groups and regions,grey,category,1,1,AllenCCF-Ontology-2017-997
AllenCCF-Annotation-2020-527,AllenCCF-Ontology-2017-315,AllenCCF-Ontology-2017-DIVI,517,196898,0.19689800000000005,#70FF71,112,255,113,Isocortex,Isocortex,division,2,1,AllenCCF-Ontology-2017-8
AllenCCF-Annotation-2020-527,AllenCCF-Ontology-2017-1011,AllenCCF-Ontology-2017-STRU,517,196898,0.19689800000000005,#019399,1,147,153,Dorsal auditory area,AUDd,structure,3,14,AllenCCF-Ontology-2017-315
AllenCCF-Annotation-2020-527,AllenCCF-Ontology-2017-527,AllenCCF-Ontology-2017-SUBS,517,196898,0.19689800000000005,#019399,1,147,153,"Dorsal auditory area, layer 1",AUDd1,substructure,4,77,AllenCCF-Ontology-2017-1011
AllenCCF-Annotation-2020-600,AllenCCF-Ontology-2017-997,AllenCCF-Ontology-2017-ORGA,590,327356,0.32735600000000004,#FFFFFF,255,255,255,brain,brain,organ,0,0,
AllenCCF-Annotation-2020-600,AllenCCF-Ontology-2017-8,AllenCCF-Ontology-2017-CATE,590,327356,0.32735600000000004,#BFDAE3,191,218,227,Basic cell groups and regions,grey,category,1,1,AllenCCF-Ontology-2017-997
AllenCCF-Annotation-2020-600,AllenCCF-Ontology-2017-315,AllenCCF-Ontology-2017-DIVI,590,327356,0.32735600000000004,#70FF71,112,255,113,Isocortex,Isocortex,division,2,1,AllenCCF-Ontology-2017-8
AllenCCF-Annotation-2020-600,AllenCCF-Ontology-2017-1011,AllenCCF-Ontology-2017-STRU,590,327356,0.32735600000000004,#019399,1,147,153,Dorsal auditory area,AUDd,structure,3,14,AllenCCF-Ontology-2017-315
AllenCCF-Annotation-2020-600,AllenCCF-Ontology-2017-600,AllenCCF-Ontology-2017-SUBS,590,327356,0.32735600000000004,#019399,1,147,153,"Dorsal auditory area, layer 2/3",AUDd2/3,substructure,4,78,AllenCCF-Ontology-2017-1011
AllenCCF-Annotation-2020-678,AllenCCF-Ontology-2017-997,AllenCCF-Ontology-2017-ORGA,668,132508,0.13250800000000001,#FFFFFF,255,255,255,brain,brain,organ,0,0,
AllenCCF-Annotation-2020-678,AllenCCF-Ontology-2017-8,AllenCCF-Ontology-2017-CATE,668,132508,0.13250800000000001,#BFDAE3,191,218,227,Basic cell groups and regions,grey,category,1,1,AllenCCF-Ontology-2017-997
AllenCCF-Annotation-2020-678,AllenCCF-Ontology-2017-315,AllenCCF-Ontology-2017-DIVI,668,132508,0.13250800000000001,#70FF71,112,255,113,Isocortex,Isocortex,division,2,1,AllenCCF-Ontology-2017-8
AllenCCF-Annotation-2020-678,AllenCCF-Ontology-2017-1011,AllenCCF-Ontology-2017-STRU,668,132508,0.13250800000000001,#019399,1,147,153,Dorsal auditory area,AUDd,structure,3,14,AllenCCF-Ontology-2017-315
AllenCCF-Annotation-2020-678,AllenCCF-Ontology-2017-678,AllenCCF-Ontology-2017-SUBS,668,132508,0.13250800000000001,#019399,1,147,153,"Dorsal auditory area, layer 4",AUDd4,substructure,4,79,AllenCCF-Ontology-2017-1011
AllenCCF-Annotation-2020-252,AllenCCF-Ontology-2017-997,AllenCCF-Ontology-2017-ORGA,245,343066,0.34306600000000004,#FFFFFF,255,255,255,brain,brain,organ,0,0,
AllenCCF-Annotation-2020-252,AllenCCF-Ontology-2017-8,AllenCCF-Ontology-2017-CATE,245,343066,0.34306600000000004,#BFDAE3,191,218,227,Basic cell groups and regions,grey,category,1,1,AllenCCF-Ontology-2017-997
AllenCCF-Annotation-2020-252,AllenCCF-Ontology-2017-315,AllenCCF-Ontology-2017-DIVI,245,343066,0.34306600000000004,#70FF71,112,255,113,Isocortex,Isocortex,division,2,1,AllenCCF-Ontology-2017-8
AllenCCF-Annotation-2020-252,AllenCCF-Ontology-2017-1011,AllenCCF-Ontology-2017-STRU,245,343066,0.34306600000000004,#019399,1,147,153,Dorsal auditory area,AUDd,structure,3,14,AllenCCF-Ontology-2017-315
AllenCCF-Annotation-2020-252,AllenCCF-Ontology-2017-252,AllenCCF-Ontology-2017-SUBS,245,343066,0.34306600000000004,#019399,1,147,153,"Dorsal auditory area, layer 5",AUDd5,substructure,4,80,AllenCCF-Ontology-2017-1011
AllenCCF-Annotation-2020-156,AllenCCF-Ontology-2017-997,AllenCCF-Ontology-2017-ORGA,151,184538,0.18453800000000004,#FFFFFF,255,255,255,brain,brain,organ,0,0,
AllenCCF-Annotation-2020-156,AllenCCF-Ontology-2017-8,AllenCCF-Ontology-2017-CATE,151,184538,0.18453800000000004,#BFDAE3,191,218,227,Basic cell groups and regions,grey,category,1,1,AllenCCF-Ontology-2017-997
AllenCCF-Annotation-2020-156,AllenCCF-Ontology-2017-315,AllenCCF-Ontology-2017-DIVI,151,184538,0.18453800000000004,#70FF71,112,255,113,Isocortex,Isocortex,division,2,1,AllenCCF-Ontology-2017-8
AllenCCF-Annotation-2020-156,AllenCCF-Ontology-2017-1011,AllenCCF-Ontology-2017-STRU,151,184538,0.18453800000000004,#019399,1,147,153,Dorsal auditory area,AUDd,structure,3,14,AllenCCF-Ontology-2017-315
AllenCCF-Annotation-2020-156,AllenCCF-Ontology-2017-156,AllenCCF-Ontology-2017-SUBS,151,184538,0.18453800000000004,#019399,1,147,153,"Dorsal auditory area, layer 6a",AUDd6a,substructure,4,81,AllenCCF-Ontology-2017-1011
AllenCCF-Annotation-2020-243,AllenCCF-Ontology-2017-997,AllenCCF-Ontology-2017-ORGA,236,30460,0.030460000000000004,#FFFFFF,255,255,255,brain,brain,organ,0,0,
AllenCCF-Annotation-2020-243,AllenCCF-Ontology-2017-8,AllenCCF-Ontology-2017-CATE,236,30460,0.030460000000000004,#BFDAE3,191,218,227,Basic cell groups and regions,grey,category,1,1,AllenCCF-Ontology-2017-997
AllenCCF-Annotation-2020-243,AllenCCF-Ontology-2017-315,AllenCCF-Ontology-2017-DIVI,236,30460,0.030460000000000004,#70FF71,112,255,113,Isocortex,Isocortex,division,2,1,AllenCCF-Ontology-2017-8
AllenCCF-Annotation-2020-243,AllenCCF-Ontology-2017-1011,AllenCCF-Ontology-2017-STRU,236,30460,0.030460000000000004,#019399,1,147,153,Dorsal auditory area,AUDd,structure,3,14,AllenCCF-Ontology-2017-315
AllenCCF-Annotation-2020-243,AllenCCF-Ontology-2017-243,AllenCCF-Ontology-2017-SUBS,236,30460,0.030460000000000004,#019399,1,147,153,"Dorsal auditory area, layer 6b",AUDd6b,substructure,4,82,AllenCCF-Ontology-2017-1011
AllenCCF-Annotation-2020-735,AllenCCF-Ontology-2017-997,AllenCCF-Ontology-2017-ORGA,725,374988,0.37498800000000004,#FFFFFF,255,255,255,brain,brain,organ,0,0,
AllenCCF-Annotation-2020-735,AllenCCF-Ontology-2017-8,AllenCCF-Ontology-2017-CATE,725,374988,0.37498800000000004,#BFDAE3,191,218,227,Basic cell groups and regions,grey,category,1,1,AllenCCF-Ontology-2017-997
AllenCCF-Annotation-2020-735,AllenCCF-Ontology-2017-315,AllenCCF-Ontology-2017-DIVI,725,374988,0.37498800000000004,#70FF71,112,255,113,Isocortex,Isocortex,division,2,1,AllenCCF-Ontology-2017-8
AllenCCF-Annotation-2020-735,AllenCCF-Ontology-2017-1002,AllenCCF-Ontology-2017-STRU,725,374988,0.37498800000000004,#019399,1,147,153,Primary auditory area,AUDp,structure,3,15,AllenCCF-Ontology-2017-315
AllenCCF-Annotation-2020-735,AllenCCF-Ontology-2017-735,AllenCCF-Ontology-2017-SUBS,725,374988,0.37498800000000004,#019399,1,147,153,"Primary auditory area, layer 1",AUDp1,substructure,4,84,AllenCCF-Ontology-2017-1002
AllenCCF-Annotation-2020-251,AllenCCF-Ontology-2017-997,AllenCCF-Ontology-2017-ORGA,244,472208,0.47220800000000007,#FFFFFF,255,255,255,brain,brain,organ,0,0,
AllenCCF-Annotation-2020-251,AllenCCF-Ontology-2017-8,AllenCCF-Ontology-2017-CATE,244,472208,0.47220800000000007,#BFDAE3,191,218,227,Basic cell groups and regions,grey,category,1,1,AllenCCF-Ontology-2017-997
AllenCCF-Annotation-2020-251,AllenCCF-Ontology-2017-315,AllenCCF-Ontology-2017-DIVI,244,472208,0.47220800000000007,#70FF71,112,255,113,Isocortex,Isocortex,division,2,1,AllenCCF-Ontology-2017-8
AllenCCF-Annotation-2020-251,AllenCCF-Ontology-2017-1002,AllenCCF-Ontology-2017-STRU,244,472208,0.47220800000000007,#019399,1,147,153,Primary auditory area,AUDp,structure,3,15,AllenCCF-Ontology-2017-315
AllenCCF-Annotation-2020-251,AllenCCF-Ontology-2017-251,AllenCCF-Ontology-2017-SUBS,244,472208,0.47220800000000007,#019399,1,147,153,"Primary auditory area, layer 2/3",AUDp2/3,substructure,4,85,AllenCCF-Ontology-2017-1002
AllenCCF-Annotation-2020-816,AllenCCF-Ontology-2017-997,AllenCCF-Ontology-2017-ORGA,806,234926,0.23492600000000005,#FFFFFF,255,255,255,brain,brain,organ,0,0,
AllenCCF-Annotation-2020-816,AllenCCF-Ontology-2017-8,AllenCCF-Ontology-2017-CATE,806,234926,0.23492600000000005,#BFDAE3,191,218,227,Basic cell groups and regions,grey,category,1,1,AllenCCF-Ontology-2017-997
AllenCCF-Annotation-2020-816,AllenCCF-Ontology-2017-315,AllenCCF-Ontology-2017-DIVI,806,234926,0.23492600000000005,#70FF71,112,255,113,Isocortex,Isocortex,division,2,1,AllenCCF-Ontology-2017-8
AllenCCF-Annotation-2020-816,AllenCCF-Ontology-2017-1002,AllenCCF-Ontology-2017-STRU,806,234926,0.23492600000000005,#019399,1,147,153,Primary auditory area,AUDp,structure,3,15,AllenCCF-Ontology-2017-315
AllenCCF-Annotation-2020-816,AllenCCF-Ontology-2017-816,AllenCCF-Ontology-2017-SUBS,806,234926,0.23492600000000005,#019399,1,147,153,"Primary auditory area, layer 4",AUDp4,substructure,4,86,AllenCCF-Ontology-2017-1002
AllenCCF-Annotation-2020-847,AllenCCF-Ontology-2017-997,AllenCCF-Ontology-2017-ORGA,837,713892,0.7138920000000001,#FFFFFF,255,255,255,brain,brain,organ,0,0,
AllenCCF-Annotation-2020-847,AllenCCF-Ontology-2017-8,AllenCCF-Ontology-2017-CATE,837,713892,0.7138920000000001,#BFDAE3,191,218,227,Basic cell groups and regions,grey,category,1,1,AllenCCF-Ontology-2017-997
AllenCCF-Annotation-2020-847,AllenCCF-Ontology-2017-315,AllenCCF-Ontology-2017-DIVI,837,713892,0.7138920000000001,#70FF71,112,255,113,Isocortex,Isocortex,division,2,1,AllenCCF-Ontology-2017-8
AllenCCF-Annotation-2020-847,AllenCCF-Ontology-2017-1002,AllenCCF-Ontology-2017-STRU,837,713892,0.7138920000000001,#019399,1,147,153,Primary auditory area,AUDp,structure,3,15,AllenCCF-Ontology-2017-315
AllenCCF-Annotation-2020-847,AllenCCF-Ontology-2017-847,AllenCCF-Ontology-2017-SUBS,837,713892,0.7138920000000001,#019399,1,147,153,"Primary auditory area, layer 5",AUDp5,substructure,4,87,AllenCCF-Ontology-2017-1002
AllenCCF-Annotation-2020-954,AllenCCF-Ontology-2017-997,AllenCCF-Ontology-2017-ORGA,944,297736,0.29773600000000006,#FFFFFF,255,255,255,brain,brain,organ,0,0,
AllenCCF-Annotation-2020-954,AllenCCF-Ontology-2017-8,AllenCCF-Ontology-2017-CATE,944,297736,0.29773600000000006,#BFDAE3,191,218,227,Basic cell groups and regions,grey,category,1,1,AllenCCF-Ontology-2017-997
AllenCCF-Annotation-2020-954,AllenCCF-Ontology-2017-315,AllenCCF-Ontology-2017-DIVI,944,297736,0.29773600000000006,#70FF71,112,255,113,Isocortex,Isocortex,division,2,1,AllenCCF-Ontology-2017-8
AllenCCF-Annotation-2020-954,AllenCCF-Ontology-2017-1002,AllenCCF-Ontology-2017-STRU,944,297736,0.29773600000000006,#019399,1,147,153,Primary auditory area,AUDp,structure,3,15,AllenCCF-Ontology-2017-315
AllenCCF-Annotation-2020-954,AllenCCF-Ontology-2017-954,AllenCCF-Ontology-2017-SUBS,944,297736,0.29773600000000006,#019399,1,147,153,"Primary auditory area, layer 6a",AUDp6a,substructure,4,88,AllenCCF-Ontology-2017-1002
AllenCCF-Annotation-2020-1005,AllenCCF-Ontology-2017-997,AllenCCF-Ontology-2017-ORGA,995,55246,0.05524600000000001,#FFFFFF,255,255,255,brain,brain,organ,0,0,
AllenCCF-Annotation-2020-1005,AllenCCF-Ontology-2017-8,AllenCCF-Ontology-2017-CATE,995,55246,0.05524600000000001,#BFDAE3,191,218,227,Basic cell groups and regions,grey,category,1,1,AllenCCF-Ontology-2017-997
AllenCCF-Annotation-2020-1005,AllenCCF-Ontology-2017-315,AllenCCF-Ontology-2017-DIVI,995,55246,0.05524600000000001,#70FF71,112,255,113,Isocortex,Isocortex,division,2,1,AllenCCF-Ontology-2017-8
AllenCCF-Annotation-2020-1005,AllenCCF-Ontology-2017-1002,AllenCCF-Ontology-2017-STRU,995,55246,0.05524600000000001,#019399,1,147,153,Primary auditory area,AUDp,structure,3,15,AllenCCF-Ontology-2017-315
AllenCCF-Annotation-2020-1005,AllenCCF-Ontology-2017-1005,AllenCCF-Ontology-2017-SUBS,995,55246,0.05524600000000001,#019399,1,147,153,"Primary auditory area, layer 6b",AUDp6b,substructure,4,89,AllenCCF-Ontology-2017-1002
AllenCCF-Annotation-2020-696,AllenCCF-Ontology-2017-997,AllenCCF-Ontology-2017-ORGA,686,112688,0.11268800000000002,#FFFFFF,255,255,255,brain,brain,organ,0,0,
AllenCCF-Annotation-2020-696,AllenCCF-Ontology-2017-8,AllenCCF-Ontology-2017-CATE,686,112688,0.11268800000000002,#BFDAE3,191,218,227,Basic cell groups and regions,grey,category,1,1,AllenCCF-Ontology-2017-997
AllenCCF-Annotation-2020-696,AllenCCF-Ontology-2017-315,AllenCCF-Ontology-2017-DIVI,686,112688,0.11268800000000002,#70FF71,112,255,113,Isocortex,Isocortex,division,2,1,AllenCCF-Ontology-2017-8
AllenCCF-Annotation-2020-696,AllenCCF-Ontology-2017-1027,AllenCCF-Ontology-2017-STRU,686,112688,0.11268800000000002,#019399,1,147,153,Posterior auditory area,AUDpo,structure,3,16,AllenCCF-Ontology-2017-315
AllenCCF-Annotation-2020-696,AllenCCF-Ontology-2017-696,AllenCCF-Ontology-2017-SUBS,686,112688,0.11268800000000002,#019399,1,147,153,"Posterior auditory area, layer 1",AUDpo1,substructure,4,90,AllenCCF-Ontology-2017-1027
AllenCCF-Annotation-2020-643,AllenCCF-Ontology-2017-997,AllenCCF-Ontology-2017-ORGA,633,146946,0.14694600000000002,#FFFFFF,255,255,255,brain,brain,organ,0,0,
AllenCCF-Annotation-2020-643,AllenCCF-Ontology-2017-8,AllenCCF-Ontology-2017-CATE,633,146946,0.14694600000000002,#BFDAE3,191,218,227,Basic cell groups and regions,grey,category,1,1,AllenCCF-Ontology-2017-997
AllenCCF-Annotation-2020-643,AllenCCF-Ontology-2017-315,AllenCCF-Ontology-2017-DIVI,633,146946,0.14694600000000002,#70FF71,112,255,113,Isocortex,Isocortex,division,2,1,AllenCCF-Ontology-2017-8
AllenCCF-Annotation-2020-643,AllenCCF-Ontology-2017-1027,AllenCCF-Ontology-2017-STRU,633,146946,0.14694600000000002,#019399,1,147,153,Posterior auditory area,AUDpo,structure,3,16,AllenCCF-Ontology-2017-315
AllenCCF-Annotation-2020-643,AllenCCF-Ontology-2017-643,AllenCCF-Ontology-2017-SUBS,633,146946,0.14694600000000002,#019399,1,147,153,"Posterior auditory area, layer 2/3",AUDpo2/3,substructure,4,91,AllenCCF-Ontology-2017-1027
AllenCCF-Annotation-2020-759,AllenCCF-Ontology-2017-997,AllenCCF-Ontology-2017-ORGA,749,74198,0.07419800000000001,#FFFFFF,255,255,255,brain,brain,organ,0,0,
AllenCCF-Annotation-2020-759,AllenCCF-Ontology-2017-8,AllenCCF-Ontology-2017-CATE,749,74198,0.07419800000000001,#BFDAE3,191,218,227,Basic cell groups and regions,grey,category,1,1,AllenCCF-Ontology-2017-997
AllenCCF-Annotation-2020-759,AllenCCF-Ontology-2017-315,AllenCCF-Ontology-2017-DIVI,749,74198,0.07419800000000001,#70FF71,112,255,113,Isocortex,Isocortex,division,2,1,AllenCCF-Ontology-2017-8
AllenCCF-Annotation-2020-759,AllenCCF-Ontology-2017-1027,AllenCCF-Ontology-2017-STRU,749,74198,0.07419800000000001,#019399,1,147,153,Posterior auditory area,AUDpo,structure,3,16,AllenCCF-Ontology-2017-315
AllenCCF-Annotation-2020-759,AllenCCF-Ontology-2017-759,AllenCCF-Ontology-2017-SUBS,749,74198,0.07419800000000001,#019399,1,147,153,"Posterior auditory area, layer 4",AUDpo4,substructure,4,92,AllenCCF-Ontology-2017-1027
AllenCCF-Annotation-2020-791,AllenCCF-Ontology-2017-997,AllenCCF-Ontology-2017-ORGA,781,181350,0.18135000000000004,#FFFFFF,255,255,255,brain,brain,organ,0,0,
AllenCCF-Annotation-2020-791,AllenCCF-Ontology-2017-8,AllenCCF-Ontology-2017-CATE,781,181350,0.18135000000000004,#BFDAE3,191,218,227,Basic cell groups and regions,grey,category,1,1,AllenCCF-Ontology-2017-997
AllenCCF-Annotation-2020-791,AllenCCF-Ontology-2017-315,AllenCCF-Ontology-2017-DIVI,781,181350,0.18135000000000004,#70FF71,112,255,113,Isocortex,Isocortex,division,2,1,AllenCCF-Ontology-2017-8
AllenCCF-Annotation-2020-791,AllenCCF-Ontology-2017-1027,AllenCCF-Ontology-2017-STRU,781,181350,0.18135000000000004,#019399,1,147,153,Posterior auditory area,AUDpo,structure,3,16,AllenCCF-Ontology-2017-315
AllenCCF-Annotation-2020-791,AllenCCF-Ontology-2017-791,AllenCCF-Ontology-2017-SUBS,781,181350,0.18135000000000004,#019399,1,147,153,"Posterior auditory area, layer 5",AUDpo5,substructure,4,93,AllenCCF-Ontology-2017-1027
AllenCCF-Annotation-2020-249,AllenCCF-Ontology-2017-997,AllenCCF-Ontology-2017-ORGA,242,79384,0.07938400000000001,#FFFFFF,255,255,255,brain,brain,organ,0,0,
AllenCCF-Annotation-2020-249,AllenCCF-Ontology-2017-8,AllenCCF-Ontology-2017-CATE,242,79384,0.07938400000000001,#BFDAE3,191,218,227,Basic cell groups and regions,grey,category,1,1,AllenCCF-Ontology-2017-997
AllenCCF-Annotation-2020-249,AllenCCF-Ontology-2017-315,AllenCCF-Ontology-2017-DIVI,242,79384,0.07938400000000001,#70FF71,112,255,113,Isocortex,Isocortex,division,2,1,AllenCCF-Ontology-2017-8
AllenCCF-Annotation-2020-249,AllenCCF-Ontology-2017-1027,AllenCCF-Ontology-2017-STRU,242,79384,0.07938400000000001,#019399,1,147,153,Posterior auditory area,AUDpo,structure,3,16,AllenCCF-Ontology-2017-315
AllenCCF-Annotation-2020-249,AllenCCF-Ontology-2017-249,AllenCCF-Ontology-2017-SUBS,242,79384,0.07938400000000001,#019399,1,147,153,"Posterior auditory area, layer 6a",AUDpo6a,substructure,4,94,AllenCCF-Ontology-2017-1027
AllenCCF-Annotation-2020-456,AllenCCF-Ontology-2017-997,AllenCCF-Ontology-2017-ORGA,446,17638,0.017638000000000004,#FFFFFF,255,255,255,brain,brain,organ,0,0,
AllenCCF-Annotation-2020-456,AllenCCF-Ontology-2017-8,AllenCCF-Ontology-2017-CATE,446,17638,0.017638000000000004,#BFDAE3,191,218,227,Basic cell groups and regions,grey,category,1,1,AllenCCF-Ontology-2017-997
AllenCCF-Annotation-2020-456,AllenCCF-Ontology-2017-315,AllenCCF-Ontology-2017-DIVI,446,17638,0.017638000000000004,#70FF71,112,255,113,Isocortex,Isocortex,division,2,1,AllenCCF-Ontology-2017-8
AllenCCF-Annotation-2020-456,AllenCCF-Ontology-2017-1027,AllenCCF-Ontology-2017-STRU,446,17638,0.017638000000000004,#019399,1,147,153,Posterior auditory area,AUDpo,structure,3,16,AllenCCF-Ontology-2017-315
AllenCCF-Annotation-2020-456,AllenCCF-Ontology-2017-456,AllenCCF-Ontology-2017-SUBS,446,17638,0.017638000000000004,#019399,1,147,153,"Posterior auditory area, layer 6b",AUDpo6b,substructure,4,95,AllenCCF-Ontology-2017-1027
AllenCCF-Annotation-2020-959,AllenCCF-Ontology-2017-997,AllenCCF-Ontology-2017-ORGA,949,285310,0.28531000000000006,#FFFFFF,255,255,255,brain,brain,organ,0,0,
AllenCCF-Annotation-2020-959,AllenCCF-Ontology-2017-8,AllenCCF-Ontology-2017-CATE,949,285310,0.28531000000000006,#BFDAE3,191,218,227,Basic cell groups and regions,grey,category,1,1,AllenCCF-Ontology-2017-997
AllenCCF-Annotation-2020-959,AllenCCF-Ontology-2017-315,AllenCCF-Ontology-2017-DIVI,949,285310,0.28531000000000006,#70FF71,112,255,113,Isocortex,Isocortex,division,2,1,AllenCCF-Ontology-2017-8
AllenCCF-Annotation-2020-959,AllenCCF-Ontology-2017-1018,AllenCCF-Ontology-2017-STRU,949,285310,0.28531000000000006,#019399,1,147,153,Ventral auditory area,AUDv,structure,3,17,AllenCCF-Ontology-2017-315
AllenCCF-Annotation-2020-959,AllenCCF-Ontology-2017-959,AllenCCF-Ontology-2017-SUBS,949,285310,0.28531000000000006,#019399,1,147,153,"Ventral auditory area, layer 1",AUDv1,substructure,4,96,AllenCCF-Ontology-2017-1018
AllenCCF-Annotation-2020-755,AllenCCF-Ontology-2017-997,AllenCCF-Ontology-2017-ORGA,745,387476,0.38747600000000004,#FFFFFF,255,255,255,brain,brain,organ,0,0,
AllenCCF-Annotation-2020-755,AllenCCF-Ontology-2017-8,AllenCCF-Ontology-2017-CATE,745,387476,0.38747600000000004,#BFDAE3,191,218,227,Basic cell groups and regions,grey,category,1,1,AllenCCF-Ontology-2017-997
AllenCCF-Annotation-2020-755,AllenCCF-Ontology-2017-315,AllenCCF-Ontology-2017-DIVI,745,387476,0.38747600000000004,#70FF71,112,255,113,Isocortex,Isocortex,division,2,1,AllenCCF-Ontology-2017-8
AllenCCF-Annotation-2020-755,AllenCCF-Ontology-2017-1018,AllenCCF-Ontology-2017-STRU,745,387476,0.38747600000000004,#019399,1,147,153,Ventral auditory area,AUDv,structure,3,17,AllenCCF-Ontology-2017-315
AllenCCF-Annotation-2020-755,AllenCCF-Ontology-2017-755,AllenCCF-Ontology-2017-SUBS,745,387476,0.38747600000000004,#019399,1,147,153,"Ventral auditory area, layer 2/3",AUDv2/3,substructure,4,97,AllenCCF-Ontology-2017-1018
AllenCCF-Annotation-2020-990,AllenCCF-Ontology-2017-997,AllenCCF-Ontology-2017-ORGA,980,213616,0.21361600000000003,#FFFFFF,255,255,255,brain,brain,organ,0,0,
AllenCCF-Annotation-2020-990,AllenCCF-Ontology-2017-8,AllenCCF-Ontology-2017-CATE,980,213616,0.21361600000000003,#BFDAE3,191,218,227,Basic cell groups and regions,grey,category,1,1,AllenCCF-Ontology-2017-997
AllenCCF-Annotation-2020-990,AllenCCF-Ontology-2017-315,AllenCCF-Ontology-2017-DIVI,980,213616,0.21361600000000003,#70FF71,112,255,113,Isocortex,Isocortex,division,2,1,AllenCCF-Ontology-2017-8
AllenCCF-Annotation-2020-990,AllenCCF-Ontology-2017-1018,AllenCCF-Ontology-2017-STRU,980,213616,0.21361600000000003,#019399,1,147,153,Ventral auditory area,AUDv,structure,3,17,AllenCCF-Ontology-2017-315
AllenCCF-Annotation-2020-990,AllenCCF-Ontology-2017-990,AllenCCF-Ontology-2017-SUBS,980,213616,0.21361600000000003,#019399,1,147,153,"Ventral auditory area, layer 4",AUDv4,substructure,4,98,AllenCCF-Ontology-2017-1018
AllenCCF-Annotation-2020-1023,AllenCCF-Ontology-2017-997,AllenCCF-Ontology-2017-ORGA,1012,604668,0.6046680000000001,#FFFFFF,255,255,255,brain,brain,organ,0,0,
AllenCCF-Annotation-2020-1023,AllenCCF-Ontology-2017-8,AllenCCF-Ontology-2017-CATE,1012,604668,0.6046680000000001,#BFDAE3,191,218,227,Basic cell groups and regions,grey,category,1,1,AllenCCF-Ontology-2017-997
AllenCCF-Annotation-2020-1023,AllenCCF-Ontology-2017-315,AllenCCF-Ontology-2017-DIVI,1012,604668,0.6046680000000001,#70FF71,112,255,113,Isocortex,Isocortex,division,2,1,AllenCCF-Ontology-2017-8
AllenCCF-Annotation-2020-1023,AllenCCF-Ontology-2017-1018,AllenCCF-Ontology-2017-STRU,1012,604668,0.6046680000000001,#019399,1,147,153,Ventral auditory area,AUDv,structure,3,17,AllenCCF-Ontology-2017-315
AllenCCF-Annotation-2020-1023,AllenCCF-Ontology-2017-1023,AllenCCF-Ontology-2017-SUBS,1012,604668,0.6046680000000001,#019399,1,147,153,"Ventral auditory area, layer 5",AUDv5,substructure,4,99,AllenCCF-Ontology-2017-1018
AllenCCF-Annotation-2020-520,AllenCCF-Ontology-2017-997,AllenCCF-Ontology-2017-ORGA,510,281102,0.2811020000000001,#FFFFFF,255,255,255,brain,brain,organ,0,0,
AllenCCF-Annotation-2020-520,AllenCCF-Ontology-2017-8,AllenCCF-Ontology-2017-CATE,510,281102,0.2811020000000001,#BFDAE3,191,218,227,Basic cell groups and regions,grey,category,1,1,AllenCCF-Ontology-2017-997
AllenCCF-Annotation-2020-520,AllenCCF-Ontology-2017-315,AllenCCF-Ontology-2017-DIVI,510,281102,0.2811020000000001,#70FF71,112,255,113,Isocortex,Isocortex,division,2,1,AllenCCF-Ontology-2017-8
AllenCCF-Annotation-2020-520,AllenCCF-Ontology-2017-1018,AllenCCF-Ontology-2017-STRU,510,281102,0.2811020000000001,#019399,1,147,153,Ventral auditory area,AUDv,structure,3,17,AllenCCF-Ontology-2017-315
AllenCCF-Annotation-2020-520,AllenCCF-Ontology-2017-520,AllenCCF-Ontology-2017-SUBS,510,281102,0.2811020000000001,#019399,1,147,153,"Ventral auditory area, layer 6a",AUDv6a,substructure,4,100,AllenCCF-Ontology-2017-1018
AllenCCF-Annotation-2020-598,AllenCCF-Ontology-2017-997,AllenCCF-Ontology-2017-ORGA,588,46050,0.04605000000000001,#FFFFFF,255,255,255,brain,brain,organ,0,0,
AllenCCF-Annotation-2020-598,AllenCCF-Ontology-2017-8,AllenCCF-Ontology-2017-CATE,588,46050,0.04605000000000001,#BFDAE3,191,218,227,Basic cell groups and regions,grey,category,1,1,AllenCCF-Ontology-2017-997
AllenCCF-Annotation-2020-598,AllenCCF-Ontology-2017-315,AllenCCF-Ontology-2017-DIVI,588,46050,0.04605000000000001,#70FF71,112,255,113,Isocortex,Isocortex,division,2,1,AllenCCF-Ontology-2017-8
AllenCCF-Annotation-2020-598,AllenCCF-Ontology-2017-1018,AllenCCF-Ontology-2017-STRU,588,46050,0.04605000000000001,#019399,1,147,153,Ventral auditory area,AUDv,structure,3,17,AllenCCF-Ontology-2017-315
AllenCCF-Annotation-2020-598,AllenCCF-Ontology-2017-598,AllenCCF-Ontology-2017-SUBS,588,46050,0.04605000000000001,#019399,1,147,153,"Ventral auditory area, layer 6b",AUDv6b,substructure,4,101,AllenCCF-Ontology-2017-1018
AllenCCF-Annotation-2020-1074,AllenCCF-Ontology-2017-997,AllenCCF-Ontology-2017-ORGA,1063,117892,0.11789200000000002,#FFFFFF,255,255,255,brain,brain,organ,0,0,
AllenCCF-Annotation-2020-1074,AllenCCF-Ontology-2017-8,AllenCCF-Ontology-2017-CATE,1063,117892,0.11789200000000002,#BFDAE3,191,218,227,Basic cell groups and regions,grey,category,1,1,AllenCCF-Ontology-2017-997
AllenCCF-Annotation-2020-1074,AllenCCF-Ontology-2017-315,AllenCCF-Ontology-2017-DIVI,1063,117892,0.11789200000000002,#70FF71,112,255,113,Isocortex,Isocortex,division,2,1,AllenCCF-Ontology-2017-8
AllenCCF-Annotation-2020-1074,AllenCCF-Ontology-2017-402,AllenCCF-Ontology-2017-STRU,1063,117892,0.11789200000000002,#08858C,8,133,140,Anterolateral visual area,VISal,structure,3,18,AllenCCF-Ontology-2017-315
AllenCCF-Annotation-2020-1074,AllenCCF-Ontology-2017-1074,AllenCCF-Ontology-2017-SUBS,1063,117892,0.11789200000000002,#08858C,8,133,140,"Anterolateral visual area, layer 1",VISal1,substructure,4,102,AllenCCF-Ontology-2017-402
AllenCCF-Annotation-2020-905,AllenCCF-Ontology-2017-997,AllenCCF-Ontology-2017-ORGA,895,199314,0.19931400000000005,#FFFFFF,255,255,255,brain,brain,organ,0,0,
AllenCCF-Annotation-2020-905,AllenCCF-Ontology-2017-8,AllenCCF-Ontology-2017-CATE,895,199314,0.19931400000000005,#BFDAE3,191,218,227,Basic cell groups and regions,grey,category,1,1,AllenCCF-Ontology-2017-997
AllenCCF-Annotation-2020-905,AllenCCF-Ontology-2017-315,AllenCCF-Ontology-2017-DIVI,895,199314,0.19931400000000005,#70FF71,112,255,113,Isocortex,Isocortex,division,2,1,AllenCCF-Ontology-2017-8
AllenCCF-Annotation-2020-905,AllenCCF-Ontology-2017-402,AllenCCF-Ontology-2017-STRU,895,199314,0.19931400000000005,#08858C,8,133,140,Anterolateral visual area,VISal,structure,3,18,AllenCCF-Ontology-2017-315
AllenCCF-Annotation-2020-905,AllenCCF-Ontology-2017-905,AllenCCF-Ontology-2017-SUBS,895,199314,0.19931400000000005,#08858C,8,133,140,"Anterolateral visual area, layer 2/3",VISal2/3,substructure,4,103,AllenCCF-Ontology-2017-402
AllenCCF-Annotation-2020-1114,AllenCCF-Ontology-2017-997,AllenCCF-Ontology-2017-ORGA,1103,104152,0.10415200000000002,#FFFFFF,255,255,255,brain,brain,organ,0,0,
AllenCCF-Annotation-2020-1114,AllenCCF-Ontology-2017-8,AllenCCF-Ontology-2017-CATE,1103,104152,0.10415200000000002,#BFDAE3,191,218,227,Basic cell groups and regions,grey,category,1,1,AllenCCF-Ontology-2017-997
AllenCCF-Annotation-2020-1114,AllenCCF-Ontology-2017-315,AllenCCF-Ontology-2017-DIVI,1103,104152,0.10415200000000002,#70FF71,112,255,113,Isocortex,Isocortex,division,2,1,AllenCCF-Ontology-2017-8
AllenCCF-Annotation-2020-1114,AllenCCF-Ontology-2017-402,AllenCCF-Ontology-2017-STRU,1103,104152,0.10415200000000002,#08858C,8,133,140,Anterolateral visual area,VISal,structure,3,18,AllenCCF-Ontology-2017-315
AllenCCF-Annotation-2020-1114,AllenCCF-Ontology-2017-1114,AllenCCF-Ontology-2017-SUBS,1103,104152,0.10415200000000002,#08858C,8,133,140,"Anterolateral visual area, layer 4",VISal4,substructure,4,104,AllenCCF-Ontology-2017-402
AllenCCF-Annotation-2020-233,AllenCCF-Ontology-2017-997,AllenCCF-Ontology-2017-ORGA,226,202942,0.20294200000000004,#FFFFFF,255,255,255,brain,brain,organ,0,0,
AllenCCF-Annotation-2020-233,AllenCCF-Ontology-2017-8,AllenCCF-Ontology-2017-CATE,226,202942,0.20294200000000004,#BFDAE3,191,218,227,Basic cell groups and regions,grey,category,1,1,AllenCCF-Ontology-2017-997
AllenCCF-Annotation-2020-233,AllenCCF-Ontology-2017-315,AllenCCF-Ontology-2017-DIVI,226,202942,0.20294200000000004,#70FF71,112,255,113,Isocortex,Isocortex,division,2,1,AllenCCF-Ontology-2017-8
AllenCCF-Annotation-2020-233,AllenCCF-Ontology-2017-402,AllenCCF-Ontology-2017-STRU,226,202942,0.20294200000000004,#08858C,8,133,140,Anterolateral visual area,VISal,structure,3,18,AllenCCF-Ontology-2017-315
AllenCCF-Annotation-2020-233,AllenCCF-Ontology-2017-233,AllenCCF-Ontology-2017-SUBS,226,202942,0.20294200000000004,#08858C,8,133,140,"Anterolateral visual area, layer 5",VISal5,substructure,4,105,AllenCCF-Ontology-2017-402
AllenCCF-Annotation-2020-601,AllenCCF-Ontology-2017-997,AllenCCF-Ontology-2017-ORGA,591,111674,0.11167400000000002,#FFFFFF,255,255,255,brain,brain,organ,0,0,
AllenCCF-Annotation-2020-601,AllenCCF-Ontology-2017-8,AllenCCF-Ontology-2017-CATE,591,111674,0.11167400000000002,#BFDAE3,191,218,227,Basic cell groups and regions,grey,category,1,1,AllenCCF-Ontology-2017-997
AllenCCF-Annotation-2020-601,AllenCCF-Ontology-2017-315,AllenCCF-Ontology-2017-DIVI,591,111674,0.11167400000000002,#70FF71,112,255,113,Isocortex,Isocortex,division,2,1,AllenCCF-Ontology-2017-8
AllenCCF-Annotation-2020-601,AllenCCF-Ontology-2017-402,AllenCCF-Ontology-2017-STRU,591,111674,0.11167400000000002,#08858C,8,133,140,Anterolateral visual area,VISal,structure,3,18,AllenCCF-Ontology-2017-315
AllenCCF-Annotation-2020-601,AllenCCF-Ontology-2017-601,AllenCCF-Ontology-2017-SUBS,591,111674,0.11167400000000002,#08858C,8,133,140,"Anterolateral visual area, layer 6a",VISal6a,substructure,4,106,AllenCCF-Ontology-2017-402
AllenCCF-Annotation-2020-649,AllenCCF-Ontology-2017-997,AllenCCF-Ontology-2017-ORGA,639,22250,0.022250000000000002,#FFFFFF,255,255,255,brain,brain,organ,0,0,
AllenCCF-Annotation-2020-649,AllenCCF-Ontology-2017-8,AllenCCF-Ontology-2017-CATE,639,22250,0.022250000000000002,#BFDAE3,191,218,227,Basic cell groups and regions,grey,category,1,1,AllenCCF-Ontology-2017-997
AllenCCF-Annotation-2020-649,AllenCCF-Ontology-2017-315,AllenCCF-Ontology-2017-DIVI,639,22250,0.022250000000000002,#70FF71,112,255,113,Isocortex,Isocortex,division,2,1,AllenCCF-Ontology-2017-8
AllenCCF-Annotation-2020-649,AllenCCF-Ontology-2017-402,AllenCCF-Ontology-2017-STRU,639,22250,0.022250000000000002,#08858C,8,133,140,Anterolateral visual area,VISal,structure,3,18,AllenCCF-Ontology-2017-315
AllenCCF-Annotation-2020-649,AllenCCF-Ontology-2017-649,AllenCCF-Ontology-2017-SUBS,639,22250,0.022250000000000002,#08858C,8,133,140,"Anterolateral visual area, layer 6b",VISal6b,substructure,4,107,AllenCCF-Ontology-2017-402
AllenCCF-Annotation-2020-281,AllenCCF-Ontology-2017-997,AllenCCF-Ontology-2017-ORGA,272,136038,0.13603800000000002,#FFFFFF,255,255,255,brain,brain,organ,0,0,
AllenCCF-Annotation-2020-281,AllenCCF-Ontology-2017-8,AllenCCF-Ontology-2017-CATE,272,136038,0.13603800000000002,#BFDAE3,191,218,227,Basic cell groups and regions,grey,category,1,1,AllenCCF-Ontology-2017-997
AllenCCF-Annotation-2020-281,AllenCCF-Ontology-2017-315,AllenCCF-Ontology-2017-DIVI,272,136038,0.13603800000000002,#70FF71,112,255,113,Isocortex,Isocortex,division,2,1,AllenCCF-Ontology-2017-8
AllenCCF-Annotation-2020-281,AllenCCF-Ontology-2017-394,AllenCCF-Ontology-2017-STRU,272,136038,0.13603800000000002,#08858C,8,133,140,Anteromedial visual area,VISam,structure,3,19,AllenCCF-Ontology-2017-315
AllenCCF-Annotation-2020-281,AllenCCF-Ontology-2017-281,AllenCCF-Ontology-2017-SUBS,272,136038,0.13603800000000002,#08858C,8,133,140,"Anteromedial visual area, layer 1",VISam1,substructure,4,108,AllenCCF-Ontology-2017-394
AllenCCF-Annotation-2020-1066,AllenCCF-Ontology-2017-997,AllenCCF-Ontology-2017-ORGA,1055,206952,0.20695200000000002,#FFFFFF,255,255,255,brain,brain,organ,0,0,
AllenCCF-Annotation-2020-1066,AllenCCF-Ontology-2017-8,AllenCCF-Ontology-2017-CATE,1055,206952,0.20695200000000002,#BFDAE3,191,218,227,Basic cell groups and regions,grey,category,1,1,AllenCCF-Ontology-2017-997
AllenCCF-Annotation-2020-1066,AllenCCF-Ontology-2017-315,AllenCCF-Ontology-2017-DIVI,1055,206952,0.20695200000000002,#70FF71,112,255,113,Isocortex,Isocortex,division,2,1,AllenCCF-Ontology-2017-8
AllenCCF-Annotation-2020-1066,AllenCCF-Ontology-2017-394,AllenCCF-Ontology-2017-STRU,1055,206952,0.20695200000000002,#08858C,8,133,140,Anteromedial visual area,VISam,structure,3,19,AllenCCF-Ontology-2017-315
AllenCCF-Annotation-2020-1066,AllenCCF-Ontology-2017-1066,AllenCCF-Ontology-2017-SUBS,1055,206952,0.20695200000000002,#08858C,8,133,140,"Anteromedial visual area, layer 2/3",VISam2/3,substructure,4,109,AllenCCF-Ontology-2017-394
AllenCCF-Annotation-2020-401,AllenCCF-Ontology-2017-997,AllenCCF-Ontology-2017-ORGA,391,59858,0.05985800000000001,#FFFFFF,255,255,255,brain,brain,organ,0,0,
AllenCCF-Annotation-2020-401,AllenCCF-Ontology-2017-8,AllenCCF-Ontology-2017-CATE,391,59858,0.05985800000000001,#BFDAE3,191,218,227,Basic cell groups and regions,grey,category,1,1,AllenCCF-Ontology-2017-997
AllenCCF-Annotation-2020-401,AllenCCF-Ontology-2017-315,AllenCCF-Ontology-2017-DIVI,391,59858,0.05985800000000001,#70FF71,112,255,113,Isocortex,Isocortex,division,2,1,AllenCCF-Ontology-2017-8
AllenCCF-Annotation-2020-401,AllenCCF-Ontology-2017-394,AllenCCF-Ontology-2017-STRU,391,59858,0.05985800000000001,#08858C,8,133,140,Anteromedial visual area,VISam,structure,3,19,AllenCCF-Ontology-2017-315
AllenCCF-Annotation-2020-401,AllenCCF-Ontology-2017-401,AllenCCF-Ontology-2017-SUBS,391,59858,0.05985800000000001,#08858C,8,133,140,"Anteromedial visual area, layer 4",VISam4,substructure,4,110,AllenCCF-Ontology-2017-394
AllenCCF-Annotation-2020-433,AllenCCF-Ontology-2017-997,AllenCCF-Ontology-2017-ORGA,423,227464,0.22746400000000003,#FFFFFF,255,255,255,brain,brain,organ,0,0,
AllenCCF-Annotation-2020-433,AllenCCF-Ontology-2017-8,AllenCCF-Ontology-2017-CATE,423,227464,0.22746400000000003,#BFDAE3,191,218,227,Basic cell groups and regions,grey,category,1,1,AllenCCF-Ontology-2017-997
AllenCCF-Annotation-2020-433,AllenCCF-Ontology-2017-315,AllenCCF-Ontology-2017-DIVI,423,227464,0.22746400000000003,#70FF71,112,255,113,Isocortex,Isocortex,division,2,1,AllenCCF-Ontology-2017-8
AllenCCF-Annotation-2020-433,AllenCCF-Ontology-2017-394,AllenCCF-Ontology-2017-STRU,423,227464,0.22746400000000003,#08858C,8,133,140,Anteromedial visual area,VISam,structure,3,19,AllenCCF-Ontology-2017-315
AllenCCF-Annotation-2020-433,AllenCCF-Ontology-2017-433,AllenCCF-Ontology-2017-SUBS,423,227464,0.22746400000000003,#08858C,8,133,140,"Anteromedial visual area, layer 5",VISam5,substructure,4,111,AllenCCF-Ontology-2017-394
AllenCCF-Annotation-2020-1046,AllenCCF-Ontology-2017-997,AllenCCF-Ontology-2017-ORGA,1035,138620,0.13862000000000002,#FFFFFF,255,255,255,brain,brain,organ,0,0,
AllenCCF-Annotation-2020-1046,AllenCCF-Ontology-2017-8,AllenCCF-Ontology-2017-CATE,1035,138620,0.13862000000000002,#BFDAE3,191,218,227,Basic cell groups and regions,grey,category,1,1,AllenCCF-Ontology-2017-997
AllenCCF-Annotation-2020-1046,AllenCCF-Ontology-2017-315,AllenCCF-Ontology-2017-DIVI,1035,138620,0.13862000000000002,#70FF71,112,255,113,Isocortex,Isocortex,division,2,1,AllenCCF-Ontology-2017-8
AllenCCF-Annotation-2020-1046,AllenCCF-Ontology-2017-394,AllenCCF-Ontology-2017-STRU,1035,138620,0.13862000000000002,#08858C,8,133,140,Anteromedial visual area,VISam,structure,3,19,AllenCCF-Ontology-2017-315
AllenCCF-Annotation-2020-1046,AllenCCF-Ontology-2017-1046,AllenCCF-Ontology-2017-SUBS,1035,138620,0.13862000000000002,#08858C,8,133,140,"Anteromedial visual area, layer 6a",VISam6a,substructure,4,112,AllenCCF-Ontology-2017-394
AllenCCF-Annotation-2020-441,AllenCCF-Ontology-2017-997,AllenCCF-Ontology-2017-ORGA,431,23626,0.023626000000000005,#FFFFFF,255,255,255,brain,brain,organ,0,0,
AllenCCF-Annotation-2020-441,AllenCCF-Ontology-2017-8,AllenCCF-Ontology-2017-CATE,431,23626,0.023626000000000005,#BFDAE3,191,218,227,Basic cell groups and regions,grey,category,1,1,AllenCCF-Ontology-2017-997
AllenCCF-Annotation-2020-441,AllenCCF-Ontology-2017-315,AllenCCF-Ontology-2017-DIVI,431,23626,0.023626000000000005,#70FF71,112,255,113,Isocortex,Isocortex,division,2,1,AllenCCF-Ontology-2017-8
AllenCCF-Annotation-2020-441,AllenCCF-Ontology-2017-394,AllenCCF-Ontology-2017-STRU,431,23626,0.023626000000000005,#08858C,8,133,140,Anteromedial visual area,VISam,structure,3,19,AllenCCF-Ontology-2017-315
AllenCCF-Annotation-2020-441,AllenCCF-Ontology-2017-441,AllenCCF-Ontology-2017-SUBS,431,23626,0.023626000000000005,#08858C,8,133,140,"Anteromedial visual area, layer 6b",VISam6b,substructure,4,113,AllenCCF-Ontology-2017-394
AllenCCF-Annotation-2020-421,AllenCCF-Ontology-2017-997,AllenCCF-Ontology-2017-ORGA,411,185148,0.18514800000000003,#FFFFFF,255,255,255,brain,brain,organ,0,0,
AllenCCF-Annotation-2020-421,AllenCCF-Ontology-2017-8,AllenCCF-Ontology-2017-CATE,411,185148,0.18514800000000003,#BFDAE3,191,218,227,Basic cell groups and regions,grey,category,1,1,AllenCCF-Ontology-2017-997
AllenCCF-Annotation-2020-421,AllenCCF-Ontology-2017-315,AllenCCF-Ontology-2017-DIVI,411,185148,0.18514800000000003,#70FF71,112,255,113,Isocortex,Isocortex,division,2,1,AllenCCF-Ontology-2017-8
AllenCCF-Annotation-2020-421,AllenCCF-Ontology-2017-409,AllenCCF-Ontology-2017-STRU,411,185148,0.18514800000000003,#08858C,8,133,140,Lateral visual area,VISl,structure,3,20,AllenCCF-Ontology-2017-315
AllenCCF-Annotation-2020-421,AllenCCF-Ontology-2017-421,AllenCCF-Ontology-2017-SUBS,411,185148,0.18514800000000003,#08858C,8,133,140,"Lateral visual area, layer 1",VISl1,substructure,4,114,AllenCCF-Ontology-2017-409
AllenCCF-Annotation-2020-973,AllenCCF-Ontology-2017-997,AllenCCF-Ontology-2017-ORGA,963,301588,0.301588,#FFFFFF,255,255,255,brain,brain,organ,0,0,
AllenCCF-Annotation-2020-973,AllenCCF-Ontology-2017-8,AllenCCF-Ontology-2017-CATE,963,301588,0.301588,#BFDAE3,191,218,227,Basic cell groups and regions,grey,category,1,1,AllenCCF-Ontology-2017-997
AllenCCF-Annotation-2020-973,AllenCCF-Ontology-2017-315,AllenCCF-Ontology-2017-DIVI,963,301588,0.301588,#70FF71,112,255,113,Isocortex,Isocortex,division,2,1,AllenCCF-Ontology-2017-8
AllenCCF-Annotation-2020-973,AllenCCF-Ontology-2017-409,AllenCCF-Ontology-2017-STRU,963,301588,0.301588,#08858C,8,133,140,Lateral visual area,VISl,structure,3,20,AllenCCF-Ontology-2017-315
AllenCCF-Annotation-2020-973,AllenCCF-Ontology-2017-973,AllenCCF-Ontology-2017-SUBS,963,301588,0.301588,#08858C,8,133,140,"Lateral visual area, layer 2/3",VISl2/3,substructure,4,115,AllenCCF-Ontology-2017-409
AllenCCF-Annotation-2020-573,AllenCCF-Ontology-2017-997,AllenCCF-Ontology-2017-ORGA,563,179084,0.17908400000000002,#FFFFFF,255,255,255,brain,brain,organ,0,0,
AllenCCF-Annotation-2020-573,AllenCCF-Ontology-2017-8,AllenCCF-Ontology-2017-CATE,563,179084,0.17908400000000002,#BFDAE3,191,218,227,Basic cell groups and regions,grey,category,1,1,AllenCCF-Ontology-2017-997
AllenCCF-Annotation-2020-573,AllenCCF-Ontology-2017-315,AllenCCF-Ontology-2017-DIVI,563,179084,0.17908400000000002,#70FF71,112,255,113,Isocortex,Isocortex,division,2,1,AllenCCF-Ontology-2017-8
AllenCCF-Annotation-2020-573,AllenCCF-Ontology-2017-409,AllenCCF-Ontology-2017-STRU,563,179084,0.17908400000000002,#08858C,8,133,140,Lateral visual area,VISl,structure,3,20,AllenCCF-Ontology-2017-315
AllenCCF-Annotation-2020-573,AllenCCF-Ontology-2017-573,AllenCCF-Ontology-2017-SUBS,563,179084,0.17908400000000002,#08858C,8,133,140,"Lateral visual area, layer 4",VISl4,substructure,4,116,AllenCCF-Ontology-2017-409
AllenCCF-Annotation-2020-613,AllenCCF-Ontology-2017-997,AllenCCF-Ontology-2017-ORGA,603,314522,0.3145220000000001,#FFFFFF,255,255,255,brain,brain,organ,0,0,
AllenCCF-Annotation-2020-613,AllenCCF-Ontology-2017-8,AllenCCF-Ontology-2017-CATE,603,314522,0.3145220000000001,#BFDAE3,191,218,227,Basic cell groups and regions,grey,category,1,1,AllenCCF-Ontology-2017-997
AllenCCF-Annotation-2020-613,AllenCCF-Ontology-2017-315,AllenCCF-Ontology-2017-DIVI,603,314522,0.3145220000000001,#70FF71,112,255,113,Isocortex,Isocortex,division,2,1,AllenCCF-Ontology-2017-8
AllenCCF-Annotation-2020-613,AllenCCF-Ontology-2017-409,AllenCCF-Ontology-2017-STRU,603,314522,0.3145220000000001,#08858C,8,133,140,Lateral visual area,VISl,structure,3,20,AllenCCF-Ontology-2017-315
AllenCCF-Annotation-2020-613,AllenCCF-Ontology-2017-613,AllenCCF-Ontology-2017-SUBS,603,314522,0.3145220000000001,#08858C,8,133,140,"Lateral visual area, layer 5",VISl5,substructure,4,117,AllenCCF-Ontology-2017-409
AllenCCF-Annotation-2020-74,AllenCCF-Ontology-2017-997,AllenCCF-Ontology-2017-ORGA,69,207042,0.20704200000000003,#FFFFFF,255,255,255,brain,brain,organ,0,0,
AllenCCF-Annotation-2020-74,AllenCCF-Ontology-2017-8,AllenCCF-Ontology-2017-CATE,69,207042,0.20704200000000003,#BFDAE3,191,218,227,Basic cell groups and regions,grey,category,1,1,AllenCCF-Ontology-2017-997
AllenCCF-Annotation-2020-74,AllenCCF-Ontology-2017-315,AllenCCF-Ontology-2017-DIVI,69,207042,0.20704200000000003,#70FF71,112,255,113,Isocortex,Isocortex,division,2,1,AllenCCF-Ontology-2017-8
AllenCCF-Annotation-2020-74,AllenCCF-Ontology-2017-409,AllenCCF-Ontology-2017-STRU,69,207042,0.20704200000000003,#08858C,8,133,140,Lateral visual area,VISl,structure,3,20,AllenCCF-Ontology-2017-315
AllenCCF-Annotation-2020-74,AllenCCF-Ontology-2017-74,AllenCCF-Ontology-2017-SUBS,69,207042,0.20704200000000003,#08858C,8,133,140,"Lateral visual area, layer 6a",VISl6a,substructure,4,118,AllenCCF-Ontology-2017-409
AllenCCF-Annotation-2020-121,AllenCCF-Ontology-2017-997,AllenCCF-Ontology-2017-ORGA,116,38240,0.03824,#FFFFFF,255,255,255,brain,brain,organ,0,0,
AllenCCF-Annotation-2020-121,AllenCCF-Ontology-2017-8,AllenCCF-Ontology-2017-CATE,116,38240,0.03824,#BFDAE3,191,218,227,Basic cell groups and regions,grey,category,1,1,AllenCCF-Ontology-2017-997
AllenCCF-Annotation-2020-121,AllenCCF-Ontology-2017-315,AllenCCF-Ontology-2017-DIVI,116,38240,0.03824,#70FF71,112,255,113,Isocortex,Isocortex,division,2,1,AllenCCF-Ontology-2017-8
AllenCCF-Annotation-2020-121,AllenCCF-Ontology-2017-409,AllenCCF-Ontology-2017-STRU,116,38240,0.03824,#08858C,8,133,140,Lateral visual area,VISl,structure,3,20,AllenCCF-Ontology-2017-315
AllenCCF-Annotation-2020-121,AllenCCF-Ontology-2017-121,AllenCCF-Ontology-2017-SUBS,116,38240,0.03824,#08858C,8,133,140,"Lateral visual area, layer 6b",VISl6b,substructure,4,119,AllenCCF-Ontology-2017-409
AllenCCF-Annotation-2020-593,AllenCCF-Ontology-2017-997,AllenCCF-Ontology-2017-ORGA,583,1263430,1.2634300000000003,#FFFFFF,255,255,255,brain,brain,organ,0,0,
AllenCCF-Annotation-2020-593,AllenCCF-Ontology-2017-8,AllenCCF-Ontology-2017-CATE,583,1263430,1.2634300000000003,#BFDAE3,191,218,227,Basic cell groups and regions,grey,category,1,1,AllenCCF-Ontology-2017-997
AllenCCF-Annotation-2020-593,AllenCCF-Ontology-2017-315,AllenCCF-Ontology-2017-DIVI,583,1263430,1.2634300000000003,#70FF71,112,255,113,Isocortex,Isocortex,division,2,1,AllenCCF-Ontology-2017-8
AllenCCF-Annotation-2020-593,AllenCCF-Ontology-2017-385,AllenCCF-Ontology-2017-STRU,583,1263430,1.2634300000000003,#08858C,8,133,140,Primary visual area,VISp,structure,3,21,AllenCCF-Ontology-2017-315
AllenCCF-Annotation-2020-593,AllenCCF-Ontology-2017-593,AllenCCF-Ontology-2017-SUBS,583,1263430,1.2634300000000003,#08858C,8,133,140,"Primary visual area, layer 1",VISp1,substructure,4,120,AllenCCF-Ontology-2017-385
AllenCCF-Annotation-2020-821,AllenCCF-Ontology-2017-997,AllenCCF-Ontology-2017-ORGA,811,1999040,1.9990400000000004,#FFFFFF,255,255,255,brain,brain,organ,0,0,
AllenCCF-Annotation-2020-821,AllenCCF-Ontology-2017-8,AllenCCF-Ontology-2017-CATE,811,1999040,1.9990400000000004,#BFDAE3,191,218,227,Basic cell groups and regions,grey,category,1,1,AllenCCF-Ontology-2017-997
AllenCCF-Annotation-2020-821,AllenCCF-Ontology-2017-315,AllenCCF-Ontology-2017-DIVI,811,1999040,1.9990400000000004,#70FF71,112,255,113,Isocortex,Isocortex,division,2,1,AllenCCF-Ontology-2017-8
AllenCCF-Annotation-2020-821,AllenCCF-Ontology-2017-385,AllenCCF-Ontology-2017-STRU,811,1999040,1.9990400000000004,#08858C,8,133,140,Primary visual area,VISp,structure,3,21,AllenCCF-Ontology-2017-315
AllenCCF-Annotation-2020-821,AllenCCF-Ontology-2017-821,AllenCCF-Ontology-2017-SUBS,811,1999040,1.9990400000000004,#08858C,8,133,140,"Primary visual area, layer 2/3",VISp2/3,substructure,4,121,AllenCCF-Ontology-2017-385
AllenCCF-Annotation-2020-721,AllenCCF-Ontology-2017-997,AllenCCF-Ontology-2017-ORGA,711,1023640,1.02364,#FFFFFF,255,255,255,brain,brain,organ,0,0,
AllenCCF-Annotation-2020-721,AllenCCF-Ontology-2017-8,AllenCCF-Ontology-2017-CATE,711,1023640,1.02364,#BFDAE3,191,218,227,Basic cell groups and regions,grey,category,1,1,AllenCCF-Ontology-2017-997
AllenCCF-Annotation-2020-721,AllenCCF-Ontology-2017-315,AllenCCF-Ontology-2017-DIVI,711,1023640,1.02364,#70FF71,112,255,113,Isocortex,Isocortex,division,2,1,AllenCCF-Ontology-2017-8
AllenCCF-Annotation-2020-721,AllenCCF-Ontology-2017-385,AllenCCF-Ontology-2017-STRU,711,1023640,1.02364,#08858C,8,133,140,Primary visual area,VISp,structure,3,21,AllenCCF-Ontology-2017-315
AllenCCF-Annotation-2020-721,AllenCCF-Ontology-2017-721,AllenCCF-Ontology-2017-SUBS,711,1023640,1.02364,#08858C,8,133,140,"Primary visual area, layer 4",VISp4,substructure,4,122,AllenCCF-Ontology-2017-385
AllenCCF-Annotation-2020-778,AllenCCF-Ontology-2017-997,AllenCCF-Ontology-2017-ORGA,768,1552688,1.5526880000000003,#FFFFFF,255,255,255,brain,brain,organ,0,0,
AllenCCF-Annotation-2020-778,AllenCCF-Ontology-2017-8,AllenCCF-Ontology-2017-CATE,768,1552688,1.5526880000000003,#BFDAE3,191,218,227,Basic cell groups and regions,grey,category,1,1,AllenCCF-Ontology-2017-997
AllenCCF-Annotation-2020-778,AllenCCF-Ontology-2017-315,AllenCCF-Ontology-2017-DIVI,768,1552688,1.5526880000000003,#70FF71,112,255,113,Isocortex,Isocortex,division,2,1,AllenCCF-Ontology-2017-8
AllenCCF-Annotation-2020-778,AllenCCF-Ontology-2017-385,AllenCCF-Ontology-2017-STRU,768,1552688,1.5526880000000003,#08858C,8,133,140,Primary visual area,VISp,structure,3,21,AllenCCF-Ontology-2017-315
AllenCCF-Annotation-2020-778,AllenCCF-Ontology-2017-778,AllenCCF-Ontology-2017-SUBS,768,1552688,1.5526880000000003,#08858C,8,133,140,"Primary visual area, layer 5",VISp5,substructure,4,123,AllenCCF-Ontology-2017-385
AllenCCF-Annotation-2020-33,AllenCCF-Ontology-2017-997,AllenCCF-Ontology-2017-ORGA,29,1070864,1.0708640000000003,#FFFFFF,255,255,255,brain,brain,organ,0,0,
AllenCCF-Annotation-2020-33,AllenCCF-Ontology-2017-8,AllenCCF-Ontology-2017-CATE,29,1070864,1.0708640000000003,#BFDAE3,191,218,227,Basic cell groups and regions,grey,category,1,1,AllenCCF-Ontology-2017-997
AllenCCF-Annotation-2020-33,AllenCCF-Ontology-2017-315,AllenCCF-Ontology-2017-DIVI,29,1070864,1.0708640000000003,#70FF71,112,255,113,Isocortex,Isocortex,division,2,1,AllenCCF-Ontology-2017-8
AllenCCF-Annotation-2020-33,AllenCCF-Ontology-2017-385,AllenCCF-Ontology-2017-STRU,29,1070864,1.0708640000000003,#08858C,8,133,140,Primary visual area,VISp,structure,3,21,AllenCCF-Ontology-2017-315
AllenCCF-Annotation-2020-33,AllenCCF-Ontology-2017-33,AllenCCF-Ontology-2017-SUBS,29,1070864,1.0708640000000003,#08858C,8,133,140,"Primary visual area, layer 6a",VISp6a,substructure,4,124,AllenCCF-Ontology-2017-385
AllenCCF-Annotation-2020-305,AllenCCF-Ontology-2017-997,AllenCCF-Ontology-2017-ORGA,295,164472,0.16447200000000003,#FFFFFF,255,255,255,brain,brain,organ,0,0,
AllenCCF-Annotation-2020-305,AllenCCF-Ontology-2017-8,AllenCCF-Ontology-2017-CATE,295,164472,0.16447200000000003,#BFDAE3,191,218,227,Basic cell groups and regions,grey,category,1,1,AllenCCF-Ontology-2017-997
AllenCCF-Annotation-2020-305,AllenCCF-Ontology-2017-315,AllenCCF-Ontology-2017-DIVI,295,164472,0.16447200000000003,#70FF71,112,255,113,Isocortex,Isocortex,division,2,1,AllenCCF-Ontology-2017-8
AllenCCF-Annotation-2020-305,AllenCCF-Ontology-2017-385,AllenCCF-Ontology-2017-STRU,295,164472,0.16447200000000003,#08858C,8,133,140,Primary visual area,VISp,structure,3,21,AllenCCF-Ontology-2017-315
AllenCCF-Annotation-2020-305,AllenCCF-Ontology-2017-305,AllenCCF-Ontology-2017-SUBS,295,164472,0.16447200000000003,#08858C,8,133,140,"Primary visual area, layer 6b",VISp6b,substructure,4,125,AllenCCF-Ontology-2017-385
AllenCCF-Annotation-2020-750,AllenCCF-Ontology-2017-997,AllenCCF-Ontology-2017-ORGA,740,193790,0.19379000000000005,#FFFFFF,255,255,255,brain,brain,organ,0,0,
AllenCCF-Annotation-2020-750,AllenCCF-Ontology-2017-8,AllenCCF-Ontology-2017-CATE,740,193790,0.19379000000000005,#BFDAE3,191,218,227,Basic cell groups and regions,grey,category,1,1,AllenCCF-Ontology-2017-997
AllenCCF-Annotation-2020-750,AllenCCF-Ontology-2017-315,AllenCCF-Ontology-2017-DIVI,740,193790,0.19379000000000005,#70FF71,112,255,113,Isocortex,Isocortex,division,2,1,AllenCCF-Ontology-2017-8
AllenCCF-Annotation-2020-750,AllenCCF-Ontology-2017-425,AllenCCF-Ontology-2017-STRU,740,193790,0.19379000000000005,#08858C,8,133,140,Posterolateral visual area,VISpl,structure,3,22,AllenCCF-Ontology-2017-315
AllenCCF-Annotation-2020-750,AllenCCF-Ontology-2017-750,AllenCCF-Ontology-2017-SUBS,740,193790,0.19379000000000005,#08858C,8,133,140,"Posterolateral visual area, layer 1",VISpl1,substructure,4,126,AllenCCF-Ontology-2017-425
AllenCCF-Annotation-2020-269,AllenCCF-Ontology-2017-997,AllenCCF-Ontology-2017-ORGA,261,205150,0.20515000000000003,#FFFFFF,255,255,255,brain,brain,organ,0,0,
AllenCCF-Annotation-2020-269,AllenCCF-Ontology-2017-8,AllenCCF-Ontology-2017-CATE,261,205150,0.20515000000000003,#BFDAE3,191,218,227,Basic cell groups and regions,grey,category,1,1,AllenCCF-Ontology-2017-997
AllenCCF-Annotation-2020-269,AllenCCF-Ontology-2017-315,AllenCCF-Ontology-2017-DIVI,261,205150,0.20515000000000003,#70FF71,112,255,113,Isocortex,Isocortex,division,2,1,AllenCCF-Ontology-2017-8
AllenCCF-Annotation-2020-269,AllenCCF-Ontology-2017-425,AllenCCF-Ontology-2017-STRU,261,205150,0.20515000000000003,#08858C,8,133,140,Posterolateral visual area,VISpl,structure,3,22,AllenCCF-Ontology-2017-315
AllenCCF-Annotation-2020-269,AllenCCF-Ontology-2017-269,AllenCCF-Ontology-2017-SUBS,261,205150,0.20515000000000003,#08858C,8,133,140,"Posterolateral visual area, layer 2/3",VISpl2/3,substructure,4,127,AllenCCF-Ontology-2017-425
AllenCCF-Annotation-2020-869,AllenCCF-Ontology-2017-997,AllenCCF-Ontology-2017-ORGA,859,36638,0.036638000000000004,#FFFFFF,255,255,255,brain,brain,organ,0,0,
AllenCCF-Annotation-2020-869,AllenCCF-Ontology-2017-8,AllenCCF-Ontology-2017-CATE,859,36638,0.036638000000000004,#BFDAE3,191,218,227,Basic cell groups and regions,grey,category,1,1,AllenCCF-Ontology-2017-997
AllenCCF-Annotation-2020-869,AllenCCF-Ontology-2017-315,AllenCCF-Ontology-2017-DIVI,859,36638,0.036638000000000004,#70FF71,112,255,113,Isocortex,Isocortex,division,2,1,AllenCCF-Ontology-2017-8
AllenCCF-Annotation-2020-869,AllenCCF-Ontology-2017-425,AllenCCF-Ontology-2017-STRU,859,36638,0.036638000000000004,#08858C,8,133,140,Posterolateral visual area,VISpl,structure,3,22,AllenCCF-Ontology-2017-315
AllenCCF-Annotation-2020-869,AllenCCF-Ontology-2017-869,AllenCCF-Ontology-2017-SUBS,859,36638,0.036638000000000004,#08858C,8,133,140,"Posterolateral visual area, layer 4",VISpl4,substructure,4,128,AllenCCF-Ontology-2017-425
AllenCCF-Annotation-2020-902,AllenCCF-Ontology-2017-997,AllenCCF-Ontology-2017-ORGA,892,242812,0.24281200000000003,#FFFFFF,255,255,255,brain,brain,organ,0,0,
AllenCCF-Annotation-2020-902,AllenCCF-Ontology-2017-8,AllenCCF-Ontology-2017-CATE,892,242812,0.24281200000000003,#BFDAE3,191,218,227,Basic cell groups and regions,grey,category,1,1,AllenCCF-Ontology-2017-997
AllenCCF-Annotation-2020-902,AllenCCF-Ontology-2017-315,AllenCCF-Ontology-2017-DIVI,892,242812,0.24281200000000003,#70FF71,112,255,113,Isocortex,Isocortex,division,2,1,AllenCCF-Ontology-2017-8
AllenCCF-Annotation-2020-902,AllenCCF-Ontology-2017-425,AllenCCF-Ontology-2017-STRU,892,242812,0.24281200000000003,#08858C,8,133,140,Posterolateral visual area,VISpl,structure,3,22,AllenCCF-Ontology-2017-315
AllenCCF-Annotation-2020-902,AllenCCF-Ontology-2017-902,AllenCCF-Ontology-2017-SUBS,892,242812,0.24281200000000003,#08858C,8,133,140,"Posterolateral visual area, layer 5",VISpl5,substructure,4,129,AllenCCF-Ontology-2017-425
AllenCCF-Annotation-2020-377,AllenCCF-Ontology-2017-997,AllenCCF-Ontology-2017-ORGA,367,107274,0.10727400000000002,#FFFFFF,255,255,255,brain,brain,organ,0,0,
AllenCCF-Annotation-2020-377,AllenCCF-Ontology-2017-8,AllenCCF-Ontology-2017-CATE,367,107274,0.10727400000000002,#BFDAE3,191,218,227,Basic cell groups and regions,grey,category,1,1,AllenCCF-Ontology-2017-997
AllenCCF-Annotation-2020-377,AllenCCF-Ontology-2017-315,AllenCCF-Ontology-2017-DIVI,367,107274,0.10727400000000002,#70FF71,112,255,113,Isocortex,Isocortex,division,2,1,AllenCCF-Ontology-2017-8
AllenCCF-Annotation-2020-377,AllenCCF-Ontology-2017-425,AllenCCF-Ontology-2017-STRU,367,107274,0.10727400000000002,#08858C,8,133,140,Posterolateral visual area,VISpl,structure,3,22,AllenCCF-Ontology-2017-315
AllenCCF-Annotation-2020-377,AllenCCF-Ontology-2017-377,AllenCCF-Ontology-2017-SUBS,367,107274,0.10727400000000002,#08858C,8,133,140,"Posterolateral visual area, layer 6a",VISpl6a,substructure,4,130,AllenCCF-Ontology-2017-425
AllenCCF-Annotation-2020-393,AllenCCF-Ontology-2017-997,AllenCCF-Ontology-2017-ORGA,383,8802,0.008802,#FFFFFF,255,255,255,brain,brain,organ,0,0,
AllenCCF-Annotation-2020-393,AllenCCF-Ontology-2017-8,AllenCCF-Ontology-2017-CATE,383,8802,0.008802,#BFDAE3,191,218,227,Basic cell groups and regions,grey,category,1,1,AllenCCF-Ontology-2017-997
AllenCCF-Annotation-2020-393,AllenCCF-Ontology-2017-315,AllenCCF-Ontology-2017-DIVI,383,8802,0.008802,#70FF71,112,255,113,Isocortex,Isocortex,division,2,1,AllenCCF-Ontology-2017-8
AllenCCF-Annotation-2020-393,AllenCCF-Ontology-2017-425,AllenCCF-Ontology-2017-STRU,383,8802,0.008802,#08858C,8,133,140,Posterolateral visual area,VISpl,structure,3,22,AllenCCF-Ontology-2017-315
AllenCCF-Annotation-2020-393,AllenCCF-Ontology-2017-393,AllenCCF-Ontology-2017-SUBS,383,8802,0.008802,#08858C,8,133,140,"Posterolateral visual area, layer 6b",VISpl6b,substructure,4,131,AllenCCF-Ontology-2017-425
AllenCCF-Annotation-2020-805,AllenCCF-Ontology-2017-997,AllenCCF-Ontology-2017-ORGA,795,190650,0.19065000000000004,#FFFFFF,255,255,255,brain,brain,organ,0,0,
AllenCCF-Annotation-2020-805,AllenCCF-Ontology-2017-8,AllenCCF-Ontology-2017-CATE,795,190650,0.19065000000000004,#BFDAE3,191,218,227,Basic cell groups and regions,grey,category,1,1,AllenCCF-Ontology-2017-997
AllenCCF-Annotation-2020-805,AllenCCF-Ontology-2017-315,AllenCCF-Ontology-2017-DIVI,795,190650,0.19065000000000004,#70FF71,112,255,113,Isocortex,Isocortex,division,2,1,AllenCCF-Ontology-2017-8
AllenCCF-Annotation-2020-805,AllenCCF-Ontology-2017-533,AllenCCF-Ontology-2017-STRU,795,190650,0.19065000000000004,#08858C,8,133,140,posteromedial visual area,VISpm,structure,3,23,AllenCCF-Ontology-2017-315
AllenCCF-Annotation-2020-805,AllenCCF-Ontology-2017-805,AllenCCF-Ontology-2017-SUBS,795,190650,0.19065000000000004,#08858C,8,133,140,"posteromedial visual area, layer 1",VISpm1,substructure,4,132,AllenCCF-Ontology-2017-533
AllenCCF-Annotation-2020-41,AllenCCF-Ontology-2017-997,AllenCCF-Ontology-2017-ORGA,36,292206,0.292206,#FFFFFF,255,255,255,brain,brain,organ,0,0,
AllenCCF-Annotation-2020-41,AllenCCF-Ontology-2017-8,AllenCCF-Ontology-2017-CATE,36,292206,0.292206,#BFDAE3,191,218,227,Basic cell groups and regions,grey,category,1,1,AllenCCF-Ontology-2017-997
AllenCCF-Annotation-2020-41,AllenCCF-Ontology-2017-315,AllenCCF-Ontology-2017-DIVI,36,292206,0.292206,#70FF71,112,255,113,Isocortex,Isocortex,division,2,1,AllenCCF-Ontology-2017-8
AllenCCF-Annotation-2020-41,AllenCCF-Ontology-2017-533,AllenCCF-Ontology-2017-STRU,36,292206,0.292206,#08858C,8,133,140,posteromedial visual area,VISpm,structure,3,23,AllenCCF-Ontology-2017-315
AllenCCF-Annotation-2020-41,AllenCCF-Ontology-2017-41,AllenCCF-Ontology-2017-SUBS,36,292206,0.292206,#08858C,8,133,140,"posteromedial visual area, layer 2/3",VISpm2/3,substructure,4,133,AllenCCF-Ontology-2017-533
AllenCCF-Annotation-2020-501,AllenCCF-Ontology-2017-997,AllenCCF-Ontology-2017-ORGA,491,98818,0.09881800000000002,#FFFFFF,255,255,255,brain,brain,organ,0,0,
AllenCCF-Annotation-2020-501,AllenCCF-Ontology-2017-8,AllenCCF-Ontology-2017-CATE,491,98818,0.09881800000000002,#BFDAE3,191,218,227,Basic cell groups and regions,grey,category,1,1,AllenCCF-Ontology-2017-997
AllenCCF-Annotation-2020-501,AllenCCF-Ontology-2017-315,AllenCCF-Ontology-2017-DIVI,491,98818,0.09881800000000002,#70FF71,112,255,113,Isocortex,Isocortex,division,2,1,AllenCCF-Ontology-2017-8
AllenCCF-Annotation-2020-501,AllenCCF-Ontology-2017-533,AllenCCF-Ontology-2017-STRU,491,98818,0.09881800000000002,#08858C,8,133,140,posteromedial visual area,VISpm,structure,3,23,AllenCCF-Ontology-2017-315
AllenCCF-Annotation-2020-501,AllenCCF-Ontology-2017-501,AllenCCF-Ontology-2017-SUBS,491,98818,0.09881800000000002,#08858C,8,133,140,"posteromedial visual area, layer 4",VISpm4,substructure,4,134,AllenCCF-Ontology-2017-533
AllenCCF-Annotation-2020-565,AllenCCF-Ontology-2017-997,AllenCCF-Ontology-2017-ORGA,555,287120,0.28712000000000004,#FFFFFF,255,255,255,brain,brain,organ,0,0,
AllenCCF-Annotation-2020-565,AllenCCF-Ontology-2017-8,AllenCCF-Ontology-2017-CATE,555,287120,0.28712000000000004,#BFDAE3,191,218,227,Basic cell groups and regions,grey,category,1,1,AllenCCF-Ontology-2017-997
AllenCCF-Annotation-2020-565,AllenCCF-Ontology-2017-315,AllenCCF-Ontology-2017-DIVI,555,287120,0.28712000000000004,#70FF71,112,255,113,Isocortex,Isocortex,division,2,1,AllenCCF-Ontology-2017-8
AllenCCF-Annotation-2020-565,AllenCCF-Ontology-2017-533,AllenCCF-Ontology-2017-STRU,555,287120,0.28712000000000004,#08858C,8,133,140,posteromedial visual area,VISpm,structure,3,23,AllenCCF-Ontology-2017-315
AllenCCF-Annotation-2020-565,AllenCCF-Ontology-2017-565,AllenCCF-Ontology-2017-SUBS,555,287120,0.28712000000000004,#08858C,8,133,140,"posteromedial visual area, layer 5",VISpm5,substructure,4,135,AllenCCF-Ontology-2017-533
AllenCCF-Annotation-2020-257,AllenCCF-Ontology-2017-997,AllenCCF-Ontology-2017-ORGA,250,151974,0.15197400000000003,#FFFFFF,255,255,255,brain,brain,organ,0,0,
AllenCCF-Annotation-2020-257,AllenCCF-Ontology-2017-8,AllenCCF-Ontology-2017-CATE,250,151974,0.15197400000000003,#BFDAE3,191,218,227,Basic cell groups and regions,grey,category,1,1,AllenCCF-Ontology-2017-997
AllenCCF-Annotation-2020-257,AllenCCF-Ontology-2017-315,AllenCCF-Ontology-2017-DIVI,250,151974,0.15197400000000003,#70FF71,112,255,113,Isocortex,Isocortex,division,2,1,AllenCCF-Ontology-2017-8
AllenCCF-Annotation-2020-257,AllenCCF-Ontology-2017-533,AllenCCF-Ontology-2017-STRU,250,151974,0.15197400000000003,#08858C,8,133,140,posteromedial visual area,VISpm,structure,3,23,AllenCCF-Ontology-2017-315
AllenCCF-Annotation-2020-257,AllenCCF-Ontology-2017-257,AllenCCF-Ontology-2017-SUBS,250,151974,0.15197400000000003,#08858C,8,133,140,"posteromedial visual area, layer 6a",VISpm6a,substructure,4,136,AllenCCF-Ontology-2017-533
AllenCCF-Annotation-2020-469,AllenCCF-Ontology-2017-997,AllenCCF-Ontology-2017-ORGA,459,27996,0.027996000000000004,#FFFFFF,255,255,255,brain,brain,organ,0,0,
AllenCCF-Annotation-2020-469,AllenCCF-Ontology-2017-8,AllenCCF-Ontology-2017-CATE,459,27996,0.027996000000000004,#BFDAE3,191,218,227,Basic cell groups and regions,grey,category,1,1,AllenCCF-Ontology-2017-997
AllenCCF-Annotation-2020-469,AllenCCF-Ontology-2017-315,AllenCCF-Ontology-2017-DIVI,459,27996,0.027996000000000004,#70FF71,112,255,113,Isocortex,Isocortex,division,2,1,AllenCCF-Ontology-2017-8
AllenCCF-Annotation-2020-469,AllenCCF-Ontology-2017-533,AllenCCF-Ontology-2017-STRU,459,27996,0.027996000000000004,#08858C,8,133,140,posteromedial visual area,VISpm,structure,3,23,AllenCCF-Ontology-2017-315
AllenCCF-Annotation-2020-469,AllenCCF-Ontology-2017-469,AllenCCF-Ontology-2017-SUBS,459,27996,0.027996000000000004,#08858C,8,133,140,"posteromedial visual area, layer 6b",VISpm6b,substructure,4,137,AllenCCF-Ontology-2017-533
AllenCCF-Annotation-2020-312782578,AllenCCF-Ontology-2017-997,AllenCCF-Ontology-2017-ORGA,1216,74152,0.07415200000000001,#FFFFFF,255,255,255,brain,brain,organ,0,0,
AllenCCF-Annotation-2020-312782578,AllenCCF-Ontology-2017-8,AllenCCF-Ontology-2017-CATE,1216,74152,0.07415200000000001,#BFDAE3,191,218,227,Basic cell groups and regions,grey,category,1,1,AllenCCF-Ontology-2017-997
AllenCCF-Annotation-2020-312782578,AllenCCF-Ontology-2017-315,AllenCCF-Ontology-2017-DIVI,1216,74152,0.07415200000000001,#70FF71,112,255,113,Isocortex,Isocortex,division,2,1,AllenCCF-Ontology-2017-8
AllenCCF-Annotation-2020-312782578,AllenCCF-Ontology-2017-312782574,AllenCCF-Ontology-2017-STRU,1216,74152,0.07415200000000001,#08858C,8,133,140,Laterointermediate area,VISli,structure,3,24,AllenCCF-Ontology-2017-315
AllenCCF-Annotation-2020-312782578,AllenCCF-Ontology-2017-312782578,AllenCCF-Ontology-2017-SUBS,1216,74152,0.07415200000000001,#08858C,8,133,140,"Laterointermediate area, layer 1",VISli1,substructure,4,138,AllenCCF-Ontology-2017-312782574
AllenCCF-Annotation-2020-312782582,AllenCCF-Ontology-2017-997,AllenCCF-Ontology-2017-ORGA,1217,117252,0.11725200000000002,#FFFFFF,255,255,255,brain,brain,organ,0,0,
AllenCCF-Annotation-2020-312782582,AllenCCF-Ontology-2017-8,AllenCCF-Ontology-2017-CATE,1217,117252,0.11725200000000002,#BFDAE3,191,218,227,Basic cell groups and regions,grey,category,1,1,AllenCCF-Ontology-2017-997
AllenCCF-Annotation-2020-312782582,AllenCCF-Ontology-2017-315,AllenCCF-Ontology-2017-DIVI,1217,117252,0.11725200000000002,#70FF71,112,255,113,Isocortex,Isocortex,division,2,1,AllenCCF-Ontology-2017-8
AllenCCF-Annotation-2020-312782582,AllenCCF-Ontology-2017-312782574,AllenCCF-Ontology-2017-STRU,1217,117252,0.11725200000000002,#08858C,8,133,140,Laterointermediate area,VISli,structure,3,24,AllenCCF-Ontology-2017-315
AllenCCF-Annotation-2020-312782582,AllenCCF-Ontology-2017-312782582,AllenCCF-Ontology-2017-SUBS,1217,117252,0.11725200000000002,#08858C,8,133,140,"Laterointermediate area, layer 2/3",VISli2/3,substructure,4,139,AllenCCF-Ontology-2017-312782574
AllenCCF-Annotation-2020-312782586,AllenCCF-Ontology-2017-997,AllenCCF-Ontology-2017-ORGA,1218,57256,0.05725600000000001,#FFFFFF,255,255,255,brain,brain,organ,0,0,
AllenCCF-Annotation-2020-312782586,AllenCCF-Ontology-2017-8,AllenCCF-Ontology-2017-CATE,1218,57256,0.05725600000000001,#BFDAE3,191,218,227,Basic cell groups and regions,grey,category,1,1,AllenCCF-Ontology-2017-997
AllenCCF-Annotation-2020-312782586,AllenCCF-Ontology-2017-315,AllenCCF-Ontology-2017-DIVI,1218,57256,0.05725600000000001,#70FF71,112,255,113,Isocortex,Isocortex,division,2,1,AllenCCF-Ontology-2017-8
AllenCCF-Annotation-2020-312782586,AllenCCF-Ontology-2017-312782574,AllenCCF-Ontology-2017-STRU,1218,57256,0.05725600000000001,#08858C,8,133,140,Laterointermediate area,VISli,structure,3,24,AllenCCF-Ontology-2017-315
AllenCCF-Annotation-2020-312782586,AllenCCF-Ontology-2017-312782586,AllenCCF-Ontology-2017-SUBS,1218,57256,0.05725600000000001,#08858C,8,133,140,"Laterointermediate area, layer 4",VISli4,substructure,4,140,AllenCCF-Ontology-2017-312782574
AllenCCF-Annotation-2020-312782590,AllenCCF-Ontology-2017-997,AllenCCF-Ontology-2017-ORGA,1219,147946,0.14794600000000002,#FFFFFF,255,255,255,brain,brain,organ,0,0,
AllenCCF-Annotation-2020-312782590,AllenCCF-Ontology-2017-8,AllenCCF-Ontology-2017-CATE,1219,147946,0.14794600000000002,#BFDAE3,191,218,227,Basic cell groups and regions,grey,category,1,1,AllenCCF-Ontology-2017-997
AllenCCF-Annotation-2020-312782590,AllenCCF-Ontology-2017-315,AllenCCF-Ontology-2017-DIVI,1219,147946,0.14794600000000002,#70FF71,112,255,113,Isocortex,Isocortex,division,2,1,AllenCCF-Ontology-2017-8
AllenCCF-Annotation-2020-312782590,AllenCCF-Ontology-2017-312782574,AllenCCF-Ontology-2017-STRU,1219,147946,0.14794600000000002,#08858C,8,133,140,Laterointermediate area,VISli,structure,3,24,AllenCCF-Ontology-2017-315
AllenCCF-Annotation-2020-312782590,AllenCCF-Ontology-2017-312782590,AllenCCF-Ontology-2017-SUBS,1219,147946,0.14794600000000002,#08858C,8,133,140,"Laterointermediate area, layer 5",VISli5,substructure,4,141,AllenCCF-Ontology-2017-312782574
AllenCCF-Annotation-2020-312782594,AllenCCF-Ontology-2017-997,AllenCCF-Ontology-2017-ORGA,1220,79344,0.07934400000000001,#FFFFFF,255,255,255,brain,brain,organ,0,0,
AllenCCF-Annotation-2020-312782594,AllenCCF-Ontology-2017-8,AllenCCF-Ontology-2017-CATE,1220,79344,0.07934400000000001,#BFDAE3,191,218,227,Basic cell groups and regions,grey,category,1,1,AllenCCF-Ontology-2017-997
AllenCCF-Annotation-2020-312782594,AllenCCF-Ontology-2017-315,AllenCCF-Ontology-2017-DIVI,1220,79344,0.07934400000000001,#70FF71,112,255,113,Isocortex,Isocortex,division,2,1,AllenCCF-Ontology-2017-8
AllenCCF-Annotation-2020-312782594,AllenCCF-Ontology-2017-312782574,AllenCCF-Ontology-2017-STRU,1220,79344,0.07934400000000001,#08858C,8,133,140,Laterointermediate area,VISli,structure,3,24,AllenCCF-Ontology-2017-315
AllenCCF-Annotation-2020-312782594,AllenCCF-Ontology-2017-312782594,AllenCCF-Ontology-2017-SUBS,1220,79344,0.07934400000000001,#08858C,8,133,140,"Laterointermediate area, layer 6a",VISli6a,substructure,4,142,AllenCCF-Ontology-2017-312782574
AllenCCF-Annotation-2020-312782598,AllenCCF-Ontology-2017-997,AllenCCF-Ontology-2017-ORGA,1221,16136,0.016136,#FFFFFF,255,255,255,brain,brain,organ,0,0,
AllenCCF-Annotation-2020-312782598,AllenCCF-Ontology-2017-8,AllenCCF-Ontology-2017-CATE,1221,16136,0.016136,#BFDAE3,191,218,227,Basic cell groups and regions,grey,category,1,1,AllenCCF-Ontology-2017-997
AllenCCF-Annotation-2020-312782598,AllenCCF-Ontology-2017-315,AllenCCF-Ontology-2017-DIVI,1221,16136,0.016136,#70FF71,112,255,113,Isocortex,Isocortex,division,2,1,AllenCCF-Ontology-2017-8
AllenCCF-Annotation-2020-312782598,AllenCCF-Ontology-2017-312782574,AllenCCF-Ontology-2017-STRU,1221,16136,0.016136,#08858C,8,133,140,Laterointermediate area,VISli,structure,3,24,AllenCCF-Ontology-2017-315
AllenCCF-Annotation-2020-312782598,AllenCCF-Ontology-2017-312782598,AllenCCF-Ontology-2017-SUBS,1221,16136,0.016136,#08858C,8,133,140,"Laterointermediate area, layer 6b",VISli6b,substructure,4,143,AllenCCF-Ontology-2017-312782574
AllenCCF-Annotation-2020-312782632,AllenCCF-Ontology-2017-997,AllenCCF-Ontology-2017-ORGA,1229,249644,0.24964400000000003,#FFFFFF,255,255,255,brain,brain,organ,0,0,
AllenCCF-Annotation-2020-312782632,AllenCCF-Ontology-2017-8,AllenCCF-Ontology-2017-CATE,1229,249644,0.24964400000000003,#BFDAE3,191,218,227,Basic cell groups and regions,grey,category,1,1,AllenCCF-Ontology-2017-997
AllenCCF-Annotation-2020-312782632,AllenCCF-Ontology-2017-315,AllenCCF-Ontology-2017-DIVI,1229,249644,0.24964400000000003,#70FF71,112,255,113,Isocortex,Isocortex,division,2,1,AllenCCF-Ontology-2017-8
AllenCCF-Annotation-2020-312782632,AllenCCF-Ontology-2017-312782628,AllenCCF-Ontology-2017-STRU,1229,249644,0.24964400000000003,#08858C,8,133,140,Postrhinal area,VISpor,structure,3,25,AllenCCF-Ontology-2017-315
AllenCCF-Annotation-2020-312782632,AllenCCF-Ontology-2017-312782632,AllenCCF-Ontology-2017-SUBS,1229,249644,0.24964400000000003,#08858C,8,133,140,"Postrhinal area, layer 1",VISpor1,substructure,4,144,AllenCCF-Ontology-2017-312782628
AllenCCF-Annotation-2020-312782636,AllenCCF-Ontology-2017-997,AllenCCF-Ontology-2017-ORGA,1230,373972,0.3739720000000001,#FFFFFF,255,255,255,brain,brain,organ,0,0,
AllenCCF-Annotation-2020-312782636,AllenCCF-Ontology-2017-8,AllenCCF-Ontology-2017-CATE,1230,373972,0.3739720000000001,#BFDAE3,191,218,227,Basic cell groups and regions,grey,category,1,1,AllenCCF-Ontology-2017-997
AllenCCF-Annotation-2020-312782636,AllenCCF-Ontology-2017-315,AllenCCF-Ontology-2017-DIVI,1230,373972,0.3739720000000001,#70FF71,112,255,113,Isocortex,Isocortex,division,2,1,AllenCCF-Ontology-2017-8
AllenCCF-Annotation-2020-312782636,AllenCCF-Ontology-2017-312782628,AllenCCF-Ontology-2017-STRU,1230,373972,0.3739720000000001,#08858C,8,133,140,Postrhinal area,VISpor,structure,3,25,AllenCCF-Ontology-2017-315
AllenCCF-Annotation-2020-312782636,AllenCCF-Ontology-2017-312782636,AllenCCF-Ontology-2017-SUBS,1230,373972,0.3739720000000001,#08858C,8,133,140,"Postrhinal area, layer 2/3",VISpor2/3,substructure,4,145,AllenCCF-Ontology-2017-312782628
AllenCCF-Annotation-2020-312782640,AllenCCF-Ontology-2017-997,AllenCCF-Ontology-2017-ORGA,1231,60632,0.06063200000000001,#FFFFFF,255,255,255,brain,brain,organ,0,0,
AllenCCF-Annotation-2020-312782640,AllenCCF-Ontology-2017-8,AllenCCF-Ontology-2017-CATE,1231,60632,0.06063200000000001,#BFDAE3,191,218,227,Basic cell groups and regions,grey,category,1,1,AllenCCF-Ontology-2017-997
AllenCCF-Annotation-2020-312782640,AllenCCF-Ontology-2017-315,AllenCCF-Ontology-2017-DIVI,1231,60632,0.06063200000000001,#70FF71,112,255,113,Isocortex,Isocortex,division,2,1,AllenCCF-Ontology-2017-8
AllenCCF-Annotation-2020-312782640,AllenCCF-Ontology-2017-312782628,AllenCCF-Ontology-2017-STRU,1231,60632,0.06063200000000001,#08858C,8,133,140,Postrhinal area,VISpor,structure,3,25,AllenCCF-Ontology-2017-315
AllenCCF-Annotation-2020-312782640,AllenCCF-Ontology-2017-312782640,AllenCCF-Ontology-2017-SUBS,1231,60632,0.06063200000000001,#08858C,8,133,140,"Postrhinal area, layer 4",VISpor4,substructure,4,146,AllenCCF-Ontology-2017-312782628
AllenCCF-Annotation-2020-312782644,AllenCCF-Ontology-2017-997,AllenCCF-Ontology-2017-ORGA,1232,385168,0.38516800000000007,#FFFFFF,255,255,255,brain,brain,organ,0,0,
AllenCCF-Annotation-2020-312782644,AllenCCF-Ontology-2017-8,AllenCCF-Ontology-2017-CATE,1232,385168,0.38516800000000007,#BFDAE3,191,218,227,Basic cell groups and regions,grey,category,1,1,AllenCCF-Ontology-2017-997
AllenCCF-Annotation-2020-312782644,AllenCCF-Ontology-2017-315,AllenCCF-Ontology-2017-DIVI,1232,385168,0.38516800000000007,#70FF71,112,255,113,Isocortex,Isocortex,division,2,1,AllenCCF-Ontology-2017-8
AllenCCF-Annotation-2020-312782644,AllenCCF-Ontology-2017-312782628,AllenCCF-Ontology-2017-STRU,1232,385168,0.38516800000000007,#08858C,8,133,140,Postrhinal area,VISpor,structure,3,25,AllenCCF-Ontology-2017-315
AllenCCF-Annotation-2020-312782644,AllenCCF-Ontology-2017-312782644,AllenCCF-Ontology-2017-SUBS,1232,385168,0.38516800000000007,#08858C,8,133,140,"Postrhinal area, layer 5",VISpor5,substructure,4,147,AllenCCF-Ontology-2017-312782628
AllenCCF-Annotation-2020-312782648,AllenCCF-Ontology-2017-997,AllenCCF-Ontology-2017-ORGA,1233,180262,0.18026200000000003,#FFFFFF,255,255,255,brain,brain,organ,0,0,
AllenCCF-Annotation-2020-312782648,AllenCCF-Ontology-2017-8,AllenCCF-Ontology-2017-CATE,1233,180262,0.18026200000000003,#BFDAE3,191,218,227,Basic cell groups and regions,grey,category,1,1,AllenCCF-Ontology-2017-997
AllenCCF-Annotation-2020-312782648,AllenCCF-Ontology-2017-315,AllenCCF-Ontology-2017-DIVI,1233,180262,0.18026200000000003,#70FF71,112,255,113,Isocortex,Isocortex,division,2,1,AllenCCF-Ontology-2017-8
AllenCCF-Annotation-2020-312782648,AllenCCF-Ontology-2017-312782628,AllenCCF-Ontology-2017-STRU,1233,180262,0.18026200000000003,#08858C,8,133,140,Postrhinal area,VISpor,structure,3,25,AllenCCF-Ontology-2017-315
AllenCCF-Annotation-2020-312782648,AllenCCF-Ontology-2017-312782648,AllenCCF-Ontology-2017-SUBS,1233,180262,0.18026200000000003,#08858C,8,133,140,"Postrhinal area, layer 6a",VISpor6a,substructure,4,148,AllenCCF-Ontology-2017-312782628
AllenCCF-Annotation-2020-312782652,AllenCCF-Ontology-2017-997,AllenCCF-Ontology-2017-ORGA,1234,32726,0.032726000000000005,#FFFFFF,255,255,255,brain,brain,organ,0,0,
AllenCCF-Annotation-2020-312782652,AllenCCF-Ontology-2017-8,AllenCCF-Ontology-2017-CATE,1234,32726,0.032726000000000005,#BFDAE3,191,218,227,Basic cell groups and regions,grey,category,1,1,AllenCCF-Ontology-2017-997
AllenCCF-Annotation-2020-312782652,AllenCCF-Ontology-2017-315,AllenCCF-Ontology-2017-DIVI,1234,32726,0.032726000000000005,#70FF71,112,255,113,Isocortex,Isocortex,division,2,1,AllenCCF-Ontology-2017-8
AllenCCF-Annotation-2020-312782652,AllenCCF-Ontology-2017-312782628,AllenCCF-Ontology-2017-STRU,1234,32726,0.032726000000000005,#08858C,8,133,140,Postrhinal area,VISpor,structure,3,25,AllenCCF-Ontology-2017-315
AllenCCF-Annotation-2020-312782652,AllenCCF-Ontology-2017-312782652,AllenCCF-Ontology-2017-SUBS,1234,32726,0.032726000000000005,#08858C,8,133,140,"Postrhinal area, layer 6b",VISpor6b,substructure,4,149,AllenCCF-Ontology-2017-312782628
AllenCCF-Annotation-2020-935,AllenCCF-Ontology-2017-997,AllenCCF-Ontology-2017-ORGA,925,605854,0.6058540000000001,#FFFFFF,255,255,255,brain,brain,organ,0,0,
AllenCCF-Annotation-2020-935,AllenCCF-Ontology-2017-8,AllenCCF-Ontology-2017-CATE,925,605854,0.6058540000000001,#BFDAE3,191,218,227,Basic cell groups and regions,grey,category,1,1,AllenCCF-Ontology-2017-997
AllenCCF-Annotation-2020-935,AllenCCF-Ontology-2017-315,AllenCCF-Ontology-2017-DIVI,925,605854,0.6058540000000001,#70FF71,112,255,113,Isocortex,Isocortex,division,2,1,AllenCCF-Ontology-2017-8
AllenCCF-Annotation-2020-935,AllenCCF-Ontology-2017-39,AllenCCF-Ontology-2017-STRU,925,605854,0.6058540000000001,#40A666,64,166,102,"Anterior cingulate area, dorsal part",ACAd,structure,3,26,AllenCCF-Ontology-2017-315
AllenCCF-Annotation-2020-935,AllenCCF-Ontology-2017-935,AllenCCF-Ontology-2017-SUBS,925,605854,0.6058540000000001,#40A666,64,166,102,"Anterior cingulate area, dorsal part, layer 1",ACAd1,substructure,4,150,AllenCCF-Ontology-2017-39
AllenCCF-Annotation-2020-211,AllenCCF-Ontology-2017-997,AllenCCF-Ontology-2017-ORGA,204,604314,0.6043140000000001,#FFFFFF,255,255,255,brain,brain,organ,0,0,
AllenCCF-Annotation-2020-211,AllenCCF-Ontology-2017-8,AllenCCF-Ontology-2017-CATE,204,604314,0.6043140000000001,#BFDAE3,191,218,227,Basic cell groups and regions,grey,category,1,1,AllenCCF-Ontology-2017-997
AllenCCF-Annotation-2020-211,AllenCCF-Ontology-2017-315,AllenCCF-Ontology-2017-DIVI,204,604314,0.6043140000000001,#70FF71,112,255,113,Isocortex,Isocortex,division,2,1,AllenCCF-Ontology-2017-8
AllenCCF-Annotation-2020-211,AllenCCF-Ontology-2017-39,AllenCCF-Ontology-2017-STRU,204,604314,0.6043140000000001,#40A666,64,166,102,"Anterior cingulate area, dorsal part",ACAd,structure,3,26,AllenCCF-Ontology-2017-315
AllenCCF-Annotation-2020-211,AllenCCF-Ontology-2017-211,AllenCCF-Ontology-2017-SUBS,204,604314,0.6043140000000001,#40A666,64,166,102,"Anterior cingulate area, dorsal part, layer 2/3",ACAd2/3,substructure,4,151,AllenCCF-Ontology-2017-39
AllenCCF-Annotation-2020-1015,AllenCCF-Ontology-2017-997,AllenCCF-Ontology-2017-ORGA,1004,1197522,1.1975220000000002,#FFFFFF,255,255,255,brain,brain,organ,0,0,
AllenCCF-Annotation-2020-1015,AllenCCF-Ontology-2017-8,AllenCCF-Ontology-2017-CATE,1004,1197522,1.1975220000000002,#BFDAE3,191,218,227,Basic cell groups and regions,grey,category,1,1,AllenCCF-Ontology-2017-997
AllenCCF-Annotation-2020-1015,AllenCCF-Ontology-2017-315,AllenCCF-Ontology-2017-DIVI,1004,1197522,1.1975220000000002,#70FF71,112,255,113,Isocortex,Isocortex,division,2,1,AllenCCF-Ontology-2017-8
AllenCCF-Annotation-2020-1015,AllenCCF-Ontology-2017-39,AllenCCF-Ontology-2017-STRU,1004,1197522,1.1975220000000002,#40A666,64,166,102,"Anterior cingulate area, dorsal part",ACAd,structure,3,26,AllenCCF-Ontology-2017-315
AllenCCF-Annotation-2020-1015,AllenCCF-Ontology-2017-1015,AllenCCF-Ontology-2017-SUBS,1004,1197522,1.1975220000000002,#40A666,64,166,102,"Anterior cingulate area, dorsal part, layer 5",ACAd5,substructure,4,152,AllenCCF-Ontology-2017-39
AllenCCF-Annotation-2020-919,AllenCCF-Ontology-2017-997,AllenCCF-Ontology-2017-ORGA,909,698928,0.6989280000000001,#FFFFFF,255,255,255,brain,brain,organ,0,0,
AllenCCF-Annotation-2020-919,AllenCCF-Ontology-2017-8,AllenCCF-Ontology-2017-CATE,909,698928,0.6989280000000001,#BFDAE3,191,218,227,Basic cell groups and regions,grey,category,1,1,AllenCCF-Ontology-2017-997
AllenCCF-Annotation-2020-919,AllenCCF-Ontology-2017-315,AllenCCF-Ontology-2017-DIVI,909,698928,0.6989280000000001,#70FF71,112,255,113,Isocortex,Isocortex,division,2,1,AllenCCF-Ontology-2017-8
AllenCCF-Annotation-2020-919,AllenCCF-Ontology-2017-39,AllenCCF-Ontology-2017-STRU,909,698928,0.6989280000000001,#40A666,64,166,102,"Anterior cingulate area, dorsal part",ACAd,structure,3,26,AllenCCF-Ontology-2017-315
AllenCCF-Annotation-2020-919,AllenCCF-Ontology-2017-919,AllenCCF-Ontology-2017-SUBS,909,698928,0.6989280000000001,#40A666,64,166,102,"Anterior cingulate area, dorsal part, layer 6a",ACAd6a,substructure,4,153,AllenCCF-Ontology-2017-39
AllenCCF-Annotation-2020-927,AllenCCF-Ontology-2017-997,AllenCCF-Ontology-2017-ORGA,917,24716,0.024716000000000005,#FFFFFF,255,255,255,brain,brain,organ,0,0,
AllenCCF-Annotation-2020-927,AllenCCF-Ontology-2017-8,AllenCCF-Ontology-2017-CATE,917,24716,0.024716000000000005,#BFDAE3,191,218,227,Basic cell groups and regions,grey,category,1,1,AllenCCF-Ontology-2017-997
AllenCCF-Annotation-2020-927,AllenCCF-Ontology-2017-315,AllenCCF-Ontology-2017-DIVI,917,24716,0.024716000000000005,#70FF71,112,255,113,Isocortex,Isocortex,division,2,1,AllenCCF-Ontology-2017-8
AllenCCF-Annotation-2020-927,AllenCCF-Ontology-2017-39,AllenCCF-Ontology-2017-STRU,917,24716,0.024716000000000005,#40A666,64,166,102,"Anterior cingulate area, dorsal part",ACAd,structure,3,26,AllenCCF-Ontology-2017-315
AllenCCF-Annotation-2020-927,AllenCCF-Ontology-2017-927,AllenCCF-Ontology-2017-SUBS,917,24716,0.024716000000000005,#40A666,64,166,102,"Anterior cingulate area, dorsal part, layer 6b",ACAd6b,substructure,4,154,AllenCCF-Ontology-2017-39
AllenCCF-Annotation-2020-588,AllenCCF-Ontology-2017-997,AllenCCF-Ontology-2017-ORGA,578,478240,0.47824000000000005,#FFFFFF,255,255,255,brain,brain,organ,0,0,
AllenCCF-Annotation-2020-588,AllenCCF-Ontology-2017-8,AllenCCF-Ontology-2017-CATE,578,478240,0.47824000000000005,#BFDAE3,191,218,227,Basic cell groups and regions,grey,category,1,1,AllenCCF-Ontology-2017-997
AllenCCF-Annotation-2020-588,AllenCCF-Ontology-2017-315,AllenCCF-Ontology-2017-DIVI,578,478240,0.47824000000000005,#70FF71,112,255,113,Isocortex,Isocortex,division,2,1,AllenCCF-Ontology-2017-8
AllenCCF-Annotation-2020-588,AllenCCF-Ontology-2017-48,AllenCCF-Ontology-2017-STRU,578,478240,0.47824000000000005,#40A666,64,166,102,"Anterior cingulate area, ventral part",ACAv,structure,3,27,AllenCCF-Ontology-2017-315
AllenCCF-Annotation-2020-588,AllenCCF-Ontology-2017-588,AllenCCF-Ontology-2017-SUBS,578,478240,0.47824000000000005,#40A666,64,166,102,"Anterior cingulate area, ventral part, layer 1",ACAv1,substructure,4,155,AllenCCF-Ontology-2017-48
AllenCCF-Annotation-2020-296,AllenCCF-Ontology-2017-997,AllenCCF-Ontology-2017-ORGA,286,502274,0.5022740000000001,#FFFFFF,255,255,255,brain,brain,organ,0,0,
AllenCCF-Annotation-2020-296,AllenCCF-Ontology-2017-8,AllenCCF-Ontology-2017-CATE,286,502274,0.5022740000000001,#BFDAE3,191,218,227,Basic cell groups and regions,grey,category,1,1,AllenCCF-Ontology-2017-997
AllenCCF-Annotation-2020-296,AllenCCF-Ontology-2017-315,AllenCCF-Ontology-2017-DIVI,286,502274,0.5022740000000001,#70FF71,112,255,113,Isocortex,Isocortex,division,2,1,AllenCCF-Ontology-2017-8
AllenCCF-Annotation-2020-296,AllenCCF-Ontology-2017-48,AllenCCF-Ontology-2017-STRU,286,502274,0.5022740000000001,#40A666,64,166,102,"Anterior cingulate area, ventral part",ACAv,structure,3,27,AllenCCF-Ontology-2017-315
AllenCCF-Annotation-2020-296,AllenCCF-Ontology-2017-296,AllenCCF-Ontology-2017-SUBS,286,502274,0.5022740000000001,#40A666,64,166,102,"Anterior cingulate area, ventral part, layer 2/3",ACAv2/3,substructure,4,156,AllenCCF-Ontology-2017-48
AllenCCF-Annotation-2020-772,AllenCCF-Ontology-2017-997,AllenCCF-Ontology-2017-ORGA,762,1002560,1.0025600000000001,#FFFFFF,255,255,255,brain,brain,organ,0,0,
AllenCCF-Annotation-2020-772,AllenCCF-Ontology-2017-8,AllenCCF-Ontology-2017-CATE,762,1002560,1.0025600000000001,#BFDAE3,191,218,227,Basic cell groups and regions,grey,category,1,1,AllenCCF-Ontology-2017-997
AllenCCF-Annotation-2020-772,AllenCCF-Ontology-2017-315,AllenCCF-Ontology-2017-DIVI,762,1002560,1.0025600000000001,#70FF71,112,255,113,Isocortex,Isocortex,division,2,1,AllenCCF-Ontology-2017-8
AllenCCF-Annotation-2020-772,AllenCCF-Ontology-2017-48,AllenCCF-Ontology-2017-STRU,762,1002560,1.0025600000000001,#40A666,64,166,102,"Anterior cingulate area, ventral part",ACAv,structure,3,27,AllenCCF-Ontology-2017-315
AllenCCF-Annotation-2020-772,AllenCCF-Ontology-2017-772,AllenCCF-Ontology-2017-SUBS,762,1002560,1.0025600000000001,#40A666,64,166,102,"Anterior cingulate area, ventral part, layer 5",ACAv5,substructure,4,157,AllenCCF-Ontology-2017-48
AllenCCF-Annotation-2020-810,AllenCCF-Ontology-2017-997,AllenCCF-Ontology-2017-ORGA,800,363392,0.36339200000000005,#FFFFFF,255,255,255,brain,brain,organ,0,0,
AllenCCF-Annotation-2020-810,AllenCCF-Ontology-2017-8,AllenCCF-Ontology-2017-CATE,800,363392,0.36339200000000005,#BFDAE3,191,218,227,Basic cell groups and regions,grey,category,1,1,AllenCCF-Ontology-2017-997
AllenCCF-Annotation-2020-810,AllenCCF-Ontology-2017-315,AllenCCF-Ontology-2017-DIVI,800,363392,0.36339200000000005,#70FF71,112,255,113,Isocortex,Isocortex,division,2,1,AllenCCF-Ontology-2017-8
AllenCCF-Annotation-2020-810,AllenCCF-Ontology-2017-48,AllenCCF-Ontology-2017-STRU,800,363392,0.36339200000000005,#40A666,64,166,102,"Anterior cingulate area, ventral part",ACAv,structure,3,27,AllenCCF-Ontology-2017-315
AllenCCF-Annotation-2020-810,AllenCCF-Ontology-2017-810,AllenCCF-Ontology-2017-SUBS,800,363392,0.36339200000000005,#40A666,64,166,102,"Anterior cingulate area, ventral part, 6a",ACAv6a,substructure,4,158,AllenCCF-Ontology-2017-48
AllenCCF-Annotation-2020-819,AllenCCF-Ontology-2017-997,AllenCCF-Ontology-2017-ORGA,809,62062,0.06206200000000001,#FFFFFF,255,255,255,brain,brain,organ,0,0,
AllenCCF-Annotation-2020-819,AllenCCF-Ontology-2017-8,AllenCCF-Ontology-2017-CATE,809,62062,0.06206200000000001,#BFDAE3,191,218,227,Basic cell groups and regions,grey,category,1,1,AllenCCF-Ontology-2017-997
AllenCCF-Annotation-2020-819,AllenCCF-Ontology-2017-315,AllenCCF-Ontology-2017-DIVI,809,62062,0.06206200000000001,#70FF71,112,255,113,Isocortex,Isocortex,division,2,1,AllenCCF-Ontology-2017-8
AllenCCF-Annotation-2020-819,AllenCCF-Ontology-2017-48,AllenCCF-Ontology-2017-STRU,809,62062,0.06206200000000001,#40A666,64,166,102,"Anterior cingulate area, ventral part",ACAv,structure,3,27,AllenCCF-Ontology-2017-315
AllenCCF-Annotation-2020-819,AllenCCF-Ontology-2017-819,AllenCCF-Ontology-2017-SUBS,809,62062,0.06206200000000001,#40A666,64,166,102,"Anterior cingulate area, ventral part, 6b",ACAv6b,substructure,4,159,AllenCCF-Ontology-2017-48
AllenCCF-Annotation-2020-171,AllenCCF-Ontology-2017-997,AllenCCF-Ontology-2017-ORGA,166,523834,0.5238340000000001,#FFFFFF,255,255,255,brain,brain,organ,0,0,
AllenCCF-Annotation-2020-171,AllenCCF-Ontology-2017-8,AllenCCF-Ontology-2017-CATE,166,523834,0.5238340000000001,#BFDAE3,191,218,227,Basic cell groups and regions,grey,category,1,1,AllenCCF-Ontology-2017-997
AllenCCF-Annotation-2020-171,AllenCCF-Ontology-2017-315,AllenCCF-Ontology-2017-DIVI,166,523834,0.5238340000000001,#70FF71,112,255,113,Isocortex,Isocortex,division,2,1,AllenCCF-Ontology-2017-8
AllenCCF-Annotation-2020-171,AllenCCF-Ontology-2017-972,AllenCCF-Ontology-2017-STRU,166,523834,0.5238340000000001,#2FA850,47,168,80,Prelimbic area,PL,structure,3,28,AllenCCF-Ontology-2017-315
AllenCCF-Annotation-2020-171,AllenCCF-Ontology-2017-171,AllenCCF-Ontology-2017-SUBS,166,523834,0.5238340000000001,#2FA850,47,168,80,"Prelimbic area, layer 1",PL1,substructure,4,160,AllenCCF-Ontology-2017-972
AllenCCF-Annotation-2020-304,AllenCCF-Ontology-2017-997,AllenCCF-Ontology-2017-ORGA,294,420622,0.42062200000000005,#FFFFFF,255,255,255,brain,brain,organ,0,0,
AllenCCF-Annotation-2020-304,AllenCCF-Ontology-2017-8,AllenCCF-Ontology-2017-CATE,294,420622,0.42062200000000005,#BFDAE3,191,218,227,Basic cell groups and regions,grey,category,1,1,AllenCCF-Ontology-2017-997
AllenCCF-Annotation-2020-304,AllenCCF-Ontology-2017-315,AllenCCF-Ontology-2017-DIVI,294,420622,0.42062200000000005,#70FF71,112,255,113,Isocortex,Isocortex,division,2,1,AllenCCF-Ontology-2017-8
AllenCCF-Annotation-2020-304,AllenCCF-Ontology-2017-972,AllenCCF-Ontology-2017-STRU,294,420622,0.42062200000000005,#2FA850,47,168,80,Prelimbic area,PL,structure,3,28,AllenCCF-Ontology-2017-315
AllenCCF-Annotation-2020-304,AllenCCF-Ontology-2017-304,AllenCCF-Ontology-2017-SUBS,294,420622,0.42062200000000005,#2FA850,47,168,80,"Prelimbic area, layer 2/3",PL2/3,substructure,4,162,AllenCCF-Ontology-2017-972
AllenCCF-Annotation-2020-363,AllenCCF-Ontology-2017-997,AllenCCF-Ontology-2017-ORGA,353,979438,0.9794380000000001,#FFFFFF,255,255,255,brain,brain,organ,0,0,
AllenCCF-Annotation-2020-363,AllenCCF-Ontology-2017-8,AllenCCF-Ontology-2017-CATE,353,979438,0.9794380000000001,#BFDAE3,191,218,227,Basic cell groups and regions,grey,category,1,1,AllenCCF-Ontology-2017-997
AllenCCF-Annotation-2020-363,AllenCCF-Ontology-2017-315,AllenCCF-Ontology-2017-DIVI,353,979438,0.9794380000000001,#70FF71,112,255,113,Isocortex,Isocortex,division,2,1,AllenCCF-Ontology-2017-8
AllenCCF-Annotation-2020-363,AllenCCF-Ontology-2017-972,AllenCCF-Ontology-2017-STRU,353,979438,0.9794380000000001,#2FA850,47,168,80,Prelimbic area,PL,structure,3,28,AllenCCF-Ontology-2017-315
AllenCCF-Annotation-2020-363,AllenCCF-Ontology-2017-363,AllenCCF-Ontology-2017-SUBS,353,979438,0.9794380000000001,#2FA850,47,168,80,"Prelimbic area, layer 5",PL5,substructure,4,163,AllenCCF-Ontology-2017-972
AllenCCF-Annotation-2020-84,AllenCCF-Ontology-2017-997,AllenCCF-Ontology-2017-ORGA,79,465136,0.4651360000000001,#FFFFFF,255,255,255,brain,brain,organ,0,0,
AllenCCF-Annotation-2020-84,AllenCCF-Ontology-2017-8,AllenCCF-Ontology-2017-CATE,79,465136,0.4651360000000001,#BFDAE3,191,218,227,Basic cell groups and regions,grey,category,1,1,AllenCCF-Ontology-2017-997
AllenCCF-Annotation-2020-84,AllenCCF-Ontology-2017-315,AllenCCF-Ontology-2017-DIVI,79,465136,0.4651360000000001,#70FF71,112,255,113,Isocortex,Isocortex,division,2,1,AllenCCF-Ontology-2017-8
AllenCCF-Annotation-2020-84,AllenCCF-Ontology-2017-972,AllenCCF-Ontology-2017-STRU,79,465136,0.4651360000000001,#2FA850,47,168,80,Prelimbic area,PL,structure,3,28,AllenCCF-Ontology-2017-315
AllenCCF-Annotation-2020-84,AllenCCF-Ontology-2017-84,AllenCCF-Ontology-2017-SUBS,79,465136,0.4651360000000001,#2FA850,47,168,80,"Prelimbic area, layer 6a",PL6a,substructure,4,164,AllenCCF-Ontology-2017-972
AllenCCF-Annotation-2020-132,AllenCCF-Ontology-2017-997,AllenCCF-Ontology-2017-ORGA,127,21368,0.021368000000000005,#FFFFFF,255,255,255,brain,brain,organ,0,0,
AllenCCF-Annotation-2020-132,AllenCCF-Ontology-2017-8,AllenCCF-Ontology-2017-CATE,127,21368,0.021368000000000005,#BFDAE3,191,218,227,Basic cell groups and regions,grey,category,1,1,AllenCCF-Ontology-2017-997
AllenCCF-Annotation-2020-132,AllenCCF-Ontology-2017-315,AllenCCF-Ontology-2017-DIVI,127,21368,0.021368000000000005,#70FF71,112,255,113,Isocortex,Isocortex,division,2,1,AllenCCF-Ontology-2017-8
AllenCCF-Annotation-2020-132,AllenCCF-Ontology-2017-972,AllenCCF-Ontology-2017-STRU,127,21368,0.021368000000000005,#2FA850,47,168,80,Prelimbic area,PL,structure,3,28,AllenCCF-Ontology-2017-315
AllenCCF-Annotation-2020-132,AllenCCF-Ontology-2017-132,AllenCCF-Ontology-2017-SUBS,127,21368,0.021368000000000005,#2FA850,47,168,80,"Prelimbic area, layer 6b",PL6b,substructure,4,165,AllenCCF-Ontology-2017-972
AllenCCF-Annotation-2020-707,AllenCCF-Ontology-2017-997,AllenCCF-Ontology-2017-ORGA,697,151252,0.15125200000000003,#FFFFFF,255,255,255,brain,brain,organ,0,0,
AllenCCF-Annotation-2020-707,AllenCCF-Ontology-2017-8,AllenCCF-Ontology-2017-CATE,697,151252,0.15125200000000003,#BFDAE3,191,218,227,Basic cell groups and regions,grey,category,1,1,AllenCCF-Ontology-2017-997
AllenCCF-Annotation-2020-707,AllenCCF-Ontology-2017-315,AllenCCF-Ontology-2017-DIVI,697,151252,0.15125200000000003,#70FF71,112,255,113,Isocortex,Isocortex,division,2,1,AllenCCF-Ontology-2017-8
AllenCCF-Annotation-2020-707,AllenCCF-Ontology-2017-44,AllenCCF-Ontology-2017-STRU,697,151252,0.15125200000000003,#59B363,89,179,99,Infralimbic area,ILA,structure,3,29,AllenCCF-Ontology-2017-315
AllenCCF-Annotation-2020-707,AllenCCF-Ontology-2017-707,AllenCCF-Ontology-2017-SUBS,697,151252,0.15125200000000003,#59B363,89,179,99,"Infralimbic area, layer 1",ILA1,substructure,4,166,AllenCCF-Ontology-2017-44
AllenCCF-Annotation-2020-556,AllenCCF-Ontology-2017-997,AllenCCF-Ontology-2017-ORGA,546,140956,0.14095600000000003,#FFFFFF,255,255,255,brain,brain,organ,0,0,
AllenCCF-Annotation-2020-556,AllenCCF-Ontology-2017-8,AllenCCF-Ontology-2017-CATE,546,140956,0.14095600000000003,#BFDAE3,191,218,227,Basic cell groups and regions,grey,category,1,1,AllenCCF-Ontology-2017-997
AllenCCF-Annotation-2020-556,AllenCCF-Ontology-2017-315,AllenCCF-Ontology-2017-DIVI,546,140956,0.14095600000000003,#70FF71,112,255,113,Isocortex,Isocortex,division,2,1,AllenCCF-Ontology-2017-8
AllenCCF-Annotation-2020-556,AllenCCF-Ontology-2017-44,AllenCCF-Ontology-2017-STRU,546,140956,0.14095600000000003,#59B363,89,179,99,Infralimbic area,ILA,structure,3,29,AllenCCF-Ontology-2017-315
AllenCCF-Annotation-2020-556,AllenCCF-Ontology-2017-556,AllenCCF-Ontology-2017-SUBS,546,140956,0.14095600000000003,#59B363,89,179,99,"Infralimbic area, layer 2/3",ILA2/3,substructure,4,168,AllenCCF-Ontology-2017-44
AllenCCF-Annotation-2020-827,AllenCCF-Ontology-2017-997,AllenCCF-Ontology-2017-ORGA,817,336210,0.33621000000000006,#FFFFFF,255,255,255,brain,brain,organ,0,0,
AllenCCF-Annotation-2020-827,AllenCCF-Ontology-2017-8,AllenCCF-Ontology-2017-CATE,817,336210,0.33621000000000006,#BFDAE3,191,218,227,Basic cell groups and regions,grey,category,1,1,AllenCCF-Ontology-2017-997
AllenCCF-Annotation-2020-827,AllenCCF-Ontology-2017-315,AllenCCF-Ontology-2017-DIVI,817,336210,0.33621000000000006,#70FF71,112,255,113,Isocortex,Isocortex,division,2,1,AllenCCF-Ontology-2017-8
AllenCCF-Annotation-2020-827,AllenCCF-Ontology-2017-44,AllenCCF-Ontology-2017-STRU,817,336210,0.33621000000000006,#59B363,89,179,99,Infralimbic area,ILA,structure,3,29,AllenCCF-Ontology-2017-315
AllenCCF-Annotation-2020-827,AllenCCF-Ontology-2017-827,AllenCCF-Ontology-2017-SUBS,817,336210,0.33621000000000006,#59B363,89,179,99,"Infralimbic area, layer 5",ILA5,substructure,4,169,AllenCCF-Ontology-2017-44
AllenCCF-Annotation-2020-1054,AllenCCF-Ontology-2017-997,AllenCCF-Ontology-2017-ORGA,1043,205076,0.20507600000000004,#FFFFFF,255,255,255,brain,brain,organ,0,0,
AllenCCF-Annotation-2020-1054,AllenCCF-Ontology-2017-8,AllenCCF-Ontology-2017-CATE,1043,205076,0.20507600000000004,#BFDAE3,191,218,227,Basic cell groups and regions,grey,category,1,1,AllenCCF-Ontology-2017-997
AllenCCF-Annotation-2020-1054,AllenCCF-Ontology-2017-315,AllenCCF-Ontology-2017-DIVI,1043,205076,0.20507600000000004,#70FF71,112,255,113,Isocortex,Isocortex,division,2,1,AllenCCF-Ontology-2017-8
AllenCCF-Annotation-2020-1054,AllenCCF-Ontology-2017-44,AllenCCF-Ontology-2017-STRU,1043,205076,0.20507600000000004,#59B363,89,179,99,Infralimbic area,ILA,structure,3,29,AllenCCF-Ontology-2017-315
AllenCCF-Annotation-2020-1054,AllenCCF-Ontology-2017-1054,AllenCCF-Ontology-2017-SUBS,1043,205076,0.20507600000000004,#59B363,89,179,99,"Infralimbic area, layer 6a",ILA6a,substructure,4,170,AllenCCF-Ontology-2017-44
AllenCCF-Annotation-2020-1081,AllenCCF-Ontology-2017-997,AllenCCF-Ontology-2017-ORGA,1070,10828,0.010828000000000003,#FFFFFF,255,255,255,brain,brain,organ,0,0,
AllenCCF-Annotation-2020-1081,AllenCCF-Ontology-2017-8,AllenCCF-Ontology-2017-CATE,1070,10828,0.010828000000000003,#BFDAE3,191,218,227,Basic cell groups and regions,grey,category,1,1,AllenCCF-Ontology-2017-997
AllenCCF-Annotation-2020-1081,AllenCCF-Ontology-2017-315,AllenCCF-Ontology-2017-DIVI,1070,10828,0.010828000000000003,#70FF71,112,255,113,Isocortex,Isocortex,division,2,1,AllenCCF-Ontology-2017-8
AllenCCF-Annotation-2020-1081,AllenCCF-Ontology-2017-44,AllenCCF-Ontology-2017-STRU,1070,10828,0.010828000000000003,#59B363,89,179,99,Infralimbic area,ILA,structure,3,29,AllenCCF-Ontology-2017-315
AllenCCF-Annotation-2020-1081,AllenCCF-Ontology-2017-1081,AllenCCF-Ontology-2017-SUBS,1070,10828,0.010828000000000003,#59B363,89,179,99,"Infralimbic area, layer 6b",ILA6b,substructure,4,171,AllenCCF-Ontology-2017-44
AllenCCF-Annotation-2020-448,AllenCCF-Ontology-2017-997,AllenCCF-Ontology-2017-ORGA,438,375418,0.3754180000000001,#FFFFFF,255,255,255,brain,brain,organ,0,0,
AllenCCF-Annotation-2020-448,AllenCCF-Ontology-2017-8,AllenCCF-Ontology-2017-CATE,438,375418,0.3754180000000001,#BFDAE3,191,218,227,Basic cell groups and regions,grey,category,1,1,AllenCCF-Ontology-2017-997
AllenCCF-Annotation-2020-448,AllenCCF-Ontology-2017-315,AllenCCF-Ontology-2017-DIVI,438,375418,0.3754180000000001,#70FF71,112,255,113,Isocortex,Isocortex,division,2,1,AllenCCF-Ontology-2017-8
AllenCCF-Annotation-2020-448,AllenCCF-Ontology-2017-723,AllenCCF-Ontology-2017-STRU,438,375418,0.3754180000000001,#248A5E,36,138,94,"Orbital area, lateral part",ORBl,structure,3,30,AllenCCF-Ontology-2017-315
AllenCCF-Annotation-2020-448,AllenCCF-Ontology-2017-448,AllenCCF-Ontology-2017-SUBS,438,375418,0.3754180000000001,#248A5E,36,138,94,"Orbital area, lateral part, layer 1",ORBl1,substructure,4,172,AllenCCF-Ontology-2017-723
AllenCCF-Annotation-2020-412,AllenCCF-Ontology-2017-997,AllenCCF-Ontology-2017-ORGA,402,621188,0.6211880000000001,#FFFFFF,255,255,255,brain,brain,organ,0,0,
AllenCCF-Annotation-2020-412,AllenCCF-Ontology-2017-8,AllenCCF-Ontology-2017-CATE,402,621188,0.6211880000000001,#BFDAE3,191,218,227,Basic cell groups and regions,grey,category,1,1,AllenCCF-Ontology-2017-997
AllenCCF-Annotation-2020-412,AllenCCF-Ontology-2017-315,AllenCCF-Ontology-2017-DIVI,402,621188,0.6211880000000001,#70FF71,112,255,113,Isocortex,Isocortex,division,2,1,AllenCCF-Ontology-2017-8
AllenCCF-Annotation-2020-412,AllenCCF-Ontology-2017-723,AllenCCF-Ontology-2017-STRU,402,621188,0.6211880000000001,#248A5E,36,138,94,"Orbital area, lateral part",ORBl,structure,3,30,AllenCCF-Ontology-2017-315
AllenCCF-Annotation-2020-412,AllenCCF-Ontology-2017-412,AllenCCF-Ontology-2017-SUBS,402,621188,0.6211880000000001,#248A5E,36,138,94,"Orbital area, lateral part, layer 2/3",ORBl2/3,substructure,4,173,AllenCCF-Ontology-2017-723
AllenCCF-Annotation-2020-630,AllenCCF-Ontology-2017-997,AllenCCF-Ontology-2017-ORGA,620,1206904,1.2069040000000002,#FFFFFF,255,255,255,brain,brain,organ,0,0,
AllenCCF-Annotation-2020-630,AllenCCF-Ontology-2017-8,AllenCCF-Ontology-2017-CATE,620,1206904,1.2069040000000002,#BFDAE3,191,218,227,Basic cell groups and regions,grey,category,1,1,AllenCCF-Ontology-2017-997
AllenCCF-Annotation-2020-630,AllenCCF-Ontology-2017-315,AllenCCF-Ontology-2017-DIVI,620,1206904,1.2069040000000002,#70FF71,112,255,113,Isocortex,Isocortex,division,2,1,AllenCCF-Ontology-2017-8
AllenCCF-Annotation-2020-630,AllenCCF-Ontology-2017-723,AllenCCF-Ontology-2017-STRU,620,1206904,1.2069040000000002,#248A5E,36,138,94,"Orbital area, lateral part",ORBl,structure,3,30,AllenCCF-Ontology-2017-315
AllenCCF-Annotation-2020-630,AllenCCF-Ontology-2017-630,AllenCCF-Ontology-2017-SUBS,620,1206904,1.2069040000000002,#248A5E,36,138,94,"Orbital area, lateral part, layer 5",ORBl5,substructure,4,174,AllenCCF-Ontology-2017-723
AllenCCF-Annotation-2020-440,AllenCCF-Ontology-2017-997,AllenCCF-Ontology-2017-ORGA,430,480880,0.4808800000000001,#FFFFFF,255,255,255,brain,brain,organ,0,0,
AllenCCF-Annotation-2020-440,AllenCCF-Ontology-2017-8,AllenCCF-Ontology-2017-CATE,430,480880,0.4808800000000001,#BFDAE3,191,218,227,Basic cell groups and regions,grey,category,1,1,AllenCCF-Ontology-2017-997
AllenCCF-Annotation-2020-440,AllenCCF-Ontology-2017-315,AllenCCF-Ontology-2017-DIVI,430,480880,0.4808800000000001,#70FF71,112,255,113,Isocortex,Isocortex,division,2,1,AllenCCF-Ontology-2017-8
AllenCCF-Annotation-2020-440,AllenCCF-Ontology-2017-723,AllenCCF-Ontology-2017-STRU,430,480880,0.4808800000000001,#248A5E,36,138,94,"Orbital area, lateral part",ORBl,structure,3,30,AllenCCF-Ontology-2017-315
AllenCCF-Annotation-2020-440,AllenCCF-Ontology-2017-440,AllenCCF-Ontology-2017-SUBS,430,480880,0.4808800000000001,#248A5E,36,138,94,"Orbital area, lateral part, layer 6a",ORBl6a,substructure,4,175,AllenCCF-Ontology-2017-723
AllenCCF-Annotation-2020-488,AllenCCF-Ontology-2017-997,AllenCCF-Ontology-2017-ORGA,478,43734,0.04373400000000001,#FFFFFF,255,255,255,brain,brain,organ,0,0,
AllenCCF-Annotation-2020-488,AllenCCF-Ontology-2017-8,AllenCCF-Ontology-2017-CATE,478,43734,0.04373400000000001,#BFDAE3,191,218,227,Basic cell groups and regions,grey,category,1,1,AllenCCF-Ontology-2017-997
AllenCCF-Annotation-2020-488,AllenCCF-Ontology-2017-315,AllenCCF-Ontology-2017-DIVI,478,43734,0.04373400000000001,#70FF71,112,255,113,Isocortex,Isocortex,division,2,1,AllenCCF-Ontology-2017-8
AllenCCF-Annotation-2020-488,AllenCCF-Ontology-2017-723,AllenCCF-Ontology-2017-STRU,478,43734,0.04373400000000001,#248A5E,36,138,94,"Orbital area, lateral part",ORBl,structure,3,30,AllenCCF-Ontology-2017-315
AllenCCF-Annotation-2020-488,AllenCCF-Ontology-2017-488,AllenCCF-Ontology-2017-SUBS,478,43734,0.04373400000000001,#248A5E,36,138,94,"Orbital area, lateral part, layer 6b",ORBl6b,substructure,4,176,AllenCCF-Ontology-2017-723
AllenCCF-Annotation-2020-484,AllenCCF-Ontology-2017-997,AllenCCF-Ontology-2017-ORGA,474,420842,0.42084200000000005,#FFFFFF,255,255,255,brain,brain,organ,0,0,
AllenCCF-Annotation-2020-484,AllenCCF-Ontology-2017-8,AllenCCF-Ontology-2017-CATE,474,420842,0.42084200000000005,#BFDAE3,191,218,227,Basic cell groups and regions,grey,category,1,1,AllenCCF-Ontology-2017-997
AllenCCF-Annotation-2020-484,AllenCCF-Ontology-2017-315,AllenCCF-Ontology-2017-DIVI,474,420842,0.42084200000000005,#70FF71,112,255,113,Isocortex,Isocortex,division,2,1,AllenCCF-Ontology-2017-8
AllenCCF-Annotation-2020-484,AllenCCF-Ontology-2017-731,AllenCCF-Ontology-2017-STRU,474,420842,0.42084200000000005,#248A5E,36,138,94,"Orbital area, medial part",ORBm,structure,3,31,AllenCCF-Ontology-2017-315
AllenCCF-Annotation-2020-484,AllenCCF-Ontology-2017-484,AllenCCF-Ontology-2017-SUBS,474,420842,0.42084200000000005,#248A5E,36,138,94,"Orbital area, medial part, layer 1",ORBm1,substructure,4,177,AllenCCF-Ontology-2017-731
AllenCCF-Annotation-2020-582,AllenCCF-Ontology-2017-997,AllenCCF-Ontology-2017-ORGA,572,316968,0.316968,#FFFFFF,255,255,255,brain,brain,organ,0,0,
AllenCCF-Annotation-2020-582,AllenCCF-Ontology-2017-8,AllenCCF-Ontology-2017-CATE,572,316968,0.316968,#BFDAE3,191,218,227,Basic cell groups and regions,grey,category,1,1,AllenCCF-Ontology-2017-997
AllenCCF-Annotation-2020-582,AllenCCF-Ontology-2017-315,AllenCCF-Ontology-2017-DIVI,572,316968,0.316968,#70FF71,112,255,113,Isocortex,Isocortex,division,2,1,AllenCCF-Ontology-2017-8
AllenCCF-Annotation-2020-582,AllenCCF-Ontology-2017-731,AllenCCF-Ontology-2017-STRU,572,316968,0.316968,#248A5E,36,138,94,"Orbital area, medial part",ORBm,structure,3,31,AllenCCF-Ontology-2017-315
AllenCCF-Annotation-2020-582,AllenCCF-Ontology-2017-582,AllenCCF-Ontology-2017-SUBS,572,316968,0.316968,#248A5E,36,138,94,"Orbital area, medial part, layer 2/3",ORBm2/3,substructure,4,179,AllenCCF-Ontology-2017-731
AllenCCF-Annotation-2020-620,AllenCCF-Ontology-2017-997,AllenCCF-Ontology-2017-ORGA,610,471140,0.47114000000000006,#FFFFFF,255,255,255,brain,brain,organ,0,0,
AllenCCF-Annotation-2020-620,AllenCCF-Ontology-2017-8,AllenCCF-Ontology-2017-CATE,610,471140,0.47114000000000006,#BFDAE3,191,218,227,Basic cell groups and regions,grey,category,1,1,AllenCCF-Ontology-2017-997
AllenCCF-Annotation-2020-620,AllenCCF-Ontology-2017-315,AllenCCF-Ontology-2017-DIVI,610,471140,0.47114000000000006,#70FF71,112,255,113,Isocortex,Isocortex,division,2,1,AllenCCF-Ontology-2017-8
AllenCCF-Annotation-2020-620,AllenCCF-Ontology-2017-731,AllenCCF-Ontology-2017-STRU,610,471140,0.47114000000000006,#248A5E,36,138,94,"Orbital area, medial part",ORBm,structure,3,31,AllenCCF-Ontology-2017-315
AllenCCF-Annotation-2020-620,AllenCCF-Ontology-2017-620,AllenCCF-Ontology-2017-SUBS,610,471140,0.47114000000000006,#248A5E,36,138,94,"Orbital area, medial part, layer 5",ORBm5,substructure,4,180,AllenCCF-Ontology-2017-731
AllenCCF-Annotation-2020-910,AllenCCF-Ontology-2017-997,AllenCCF-Ontology-2017-ORGA,900,186712,0.18671200000000004,#FFFFFF,255,255,255,brain,brain,organ,0,0,
AllenCCF-Annotation-2020-910,AllenCCF-Ontology-2017-8,AllenCCF-Ontology-2017-CATE,900,186712,0.18671200000000004,#BFDAE3,191,218,227,Basic cell groups and regions,grey,category,1,1,AllenCCF-Ontology-2017-997
AllenCCF-Annotation-2020-910,AllenCCF-Ontology-2017-315,AllenCCF-Ontology-2017-DIVI,900,186712,0.18671200000000004,#70FF71,112,255,113,Isocortex,Isocortex,division,2,1,AllenCCF-Ontology-2017-8
AllenCCF-Annotation-2020-910,AllenCCF-Ontology-2017-731,AllenCCF-Ontology-2017-STRU,900,186712,0.18671200000000004,#248A5E,36,138,94,"Orbital area, medial part",ORBm,structure,3,31,AllenCCF-Ontology-2017-315
AllenCCF-Annotation-2020-910,AllenCCF-Ontology-2017-910,AllenCCF-Ontology-2017-SUBS,900,186712,0.18671200000000004,#248A5E,36,138,94,"Orbital area, medial part, layer 6a",ORBm6a,substructure,4,181,AllenCCF-Ontology-2017-731
AllenCCF-Annotation-2020-527696977,AllenCCF-Ontology-2017-997,AllenCCF-Ontology-2017-ORGA,1291,3708,0.003708000000000001,#FFFFFF,255,255,255,brain,brain,organ,0,0,
AllenCCF-Annotation-2020-527696977,AllenCCF-Ontology-2017-8,AllenCCF-Ontology-2017-CATE,1291,3708,0.003708000000000001,#BFDAE3,191,218,227,Basic cell groups and regions,grey,category,1,1,AllenCCF-Ontology-2017-997
AllenCCF-Annotation-2020-527696977,AllenCCF-Ontology-2017-315,AllenCCF-Ontology-2017-DIVI,1291,3708,0.003708000000000001,#70FF71,112,255,113,Isocortex,Isocortex,division,2,1,AllenCCF-Ontology-2017-8
AllenCCF-Annotation-2020-527696977,AllenCCF-Ontology-2017-731,AllenCCF-Ontology-2017-STRU,1291,3708,0.003708000000000001,#248A5E,36,138,94,"Orbital area, medial part",ORBm,structure,3,31,AllenCCF-Ontology-2017-315
AllenCCF-Annotation-2020-527696977,AllenCCF-Ontology-2017-527696977,AllenCCF-Ontology-2017-SUBS,1291,3708,0.003708000000000001,#248A5E,36,138,94,"Orbital area, medial part, layer 6b",ORBm6b,substructure,4,182,AllenCCF-Ontology-2017-731
AllenCCF-Annotation-2020-969,AllenCCF-Ontology-2017-997,AllenCCF-Ontology-2017-ORGA,959,385114,0.38511400000000007,#FFFFFF,255,255,255,brain,brain,organ,0,0,
AllenCCF-Annotation-2020-969,AllenCCF-Ontology-2017-8,AllenCCF-Ontology-2017-CATE,959,385114,0.38511400000000007,#BFDAE3,191,218,227,Basic cell groups and regions,grey,category,1,1,AllenCCF-Ontology-2017-997
AllenCCF-Annotation-2020-969,AllenCCF-Ontology-2017-315,AllenCCF-Ontology-2017-DIVI,959,385114,0.38511400000000007,#70FF71,112,255,113,Isocortex,Isocortex,division,2,1,AllenCCF-Ontology-2017-8
AllenCCF-Annotation-2020-969,AllenCCF-Ontology-2017-746,AllenCCF-Ontology-2017-STRU,959,385114,0.38511400000000007,#248A5E,36,138,94,"Orbital area, ventrolateral part",ORBvl,structure,3,32,AllenCCF-Ontology-2017-315
AllenCCF-Annotation-2020-969,AllenCCF-Ontology-2017-969,AllenCCF-Ontology-2017-SUBS,959,385114,0.38511400000000007,#248A5E,36,138,94,"Orbital area, ventrolateral part, layer 1",ORBvl1,substructure,4,183,AllenCCF-Ontology-2017-746
AllenCCF-Annotation-2020-288,AllenCCF-Ontology-2017-997,AllenCCF-Ontology-2017-ORGA,278,523316,0.5233160000000001,#FFFFFF,255,255,255,brain,brain,organ,0,0,
AllenCCF-Annotation-2020-288,AllenCCF-Ontology-2017-8,AllenCCF-Ontology-2017-CATE,278,523316,0.5233160000000001,#BFDAE3,191,218,227,Basic cell groups and regions,grey,category,1,1,AllenCCF-Ontology-2017-997
AllenCCF-Annotation-2020-288,AllenCCF-Ontology-2017-315,AllenCCF-Ontology-2017-DIVI,278,523316,0.5233160000000001,#70FF71,112,255,113,Isocortex,Isocortex,division,2,1,AllenCCF-Ontology-2017-8
AllenCCF-Annotation-2020-288,AllenCCF-Ontology-2017-746,AllenCCF-Ontology-2017-STRU,278,523316,0.5233160000000001,#248A5E,36,138,94,"Orbital area, ventrolateral part",ORBvl,structure,3,32,AllenCCF-Ontology-2017-315
AllenCCF-Annotation-2020-288,AllenCCF-Ontology-2017-288,AllenCCF-Ontology-2017-SUBS,278,523316,0.5233160000000001,#248A5E,36,138,94,"Orbital area, ventrolateral part, layer 2/3",ORBvl2/3,substructure,4,184,AllenCCF-Ontology-2017-746
AllenCCF-Annotation-2020-1125,AllenCCF-Ontology-2017-997,AllenCCF-Ontology-2017-ORGA,1112,619944,0.619944,#FFFFFF,255,255,255,brain,brain,organ,0,0,
AllenCCF-Annotation-2020-1125,AllenCCF-Ontology-2017-8,AllenCCF-Ontology-2017-CATE,1112,619944,0.619944,#BFDAE3,191,218,227,Basic cell groups and regions,grey,category,1,1,AllenCCF-Ontology-2017-997
AllenCCF-Annotation-2020-1125,AllenCCF-Ontology-2017-315,AllenCCF-Ontology-2017-DIVI,1112,619944,0.619944,#70FF71,112,255,113,Isocortex,Isocortex,division,2,1,AllenCCF-Ontology-2017-8
AllenCCF-Annotation-2020-1125,AllenCCF-Ontology-2017-746,AllenCCF-Ontology-2017-STRU,1112,619944,0.619944,#248A5E,36,138,94,"Orbital area, ventrolateral part",ORBvl,structure,3,32,AllenCCF-Ontology-2017-315
AllenCCF-Annotation-2020-1125,AllenCCF-Ontology-2017-1125,AllenCCF-Ontology-2017-SUBS,1112,619944,0.619944,#248A5E,36,138,94,"Orbital area, ventrolateral part, layer 5",ORBvl5,substructure,4,185,AllenCCF-Ontology-2017-746
AllenCCF-Annotation-2020-608,AllenCCF-Ontology-2017-997,AllenCCF-Ontology-2017-ORGA,598,238782,0.23878200000000005,#FFFFFF,255,255,255,brain,brain,organ,0,0,
AllenCCF-Annotation-2020-608,AllenCCF-Ontology-2017-8,AllenCCF-Ontology-2017-CATE,598,238782,0.23878200000000005,#BFDAE3,191,218,227,Basic cell groups and regions,grey,category,1,1,AllenCCF-Ontology-2017-997
AllenCCF-Annotation-2020-608,AllenCCF-Ontology-2017-315,AllenCCF-Ontology-2017-DIVI,598,238782,0.23878200000000005,#70FF71,112,255,113,Isocortex,Isocortex,division,2,1,AllenCCF-Ontology-2017-8
AllenCCF-Annotation-2020-608,AllenCCF-Ontology-2017-746,AllenCCF-Ontology-2017-STRU,598,238782,0.23878200000000005,#248A5E,36,138,94,"Orbital area, ventrolateral part",ORBvl,structure,3,32,AllenCCF-Ontology-2017-315
AllenCCF-Annotation-2020-608,AllenCCF-Ontology-2017-608,AllenCCF-Ontology-2017-SUBS,598,238782,0.23878200000000005,#248A5E,36,138,94,"Orbital area, ventrolateral part, layer 6a",ORBvl6a,substructure,4,186,AllenCCF-Ontology-2017-746
AllenCCF-Annotation-2020-680,AllenCCF-Ontology-2017-997,AllenCCF-Ontology-2017-ORGA,670,9630,0.009630000000000001,#FFFFFF,255,255,255,brain,brain,organ,0,0,
AllenCCF-Annotation-2020-680,AllenCCF-Ontology-2017-8,AllenCCF-Ontology-2017-CATE,670,9630,0.009630000000000001,#BFDAE3,191,218,227,Basic cell groups and regions,grey,category,1,1,AllenCCF-Ontology-2017-997
AllenCCF-Annotation-2020-680,AllenCCF-Ontology-2017-315,AllenCCF-Ontology-2017-DIVI,670,9630,0.009630000000000001,#70FF71,112,255,113,Isocortex,Isocortex,division,2,1,AllenCCF-Ontology-2017-8
AllenCCF-Annotation-2020-680,AllenCCF-Ontology-2017-746,AllenCCF-Ontology-2017-STRU,670,9630,0.009630000000000001,#248A5E,36,138,94,"Orbital area, ventrolateral part",ORBvl,structure,3,32,AllenCCF-Ontology-2017-315
AllenCCF-Annotation-2020-680,AllenCCF-Ontology-2017-680,AllenCCF-Ontology-2017-SUBS,670,9630,0.009630000000000001,#248A5E,36,138,94,"Orbital area, ventrolateral part, layer 6b",ORBvl6b,substructure,4,187,AllenCCF-Ontology-2017-746
AllenCCF-Annotation-2020-996,AllenCCF-Ontology-2017-997,AllenCCF-Ontology-2017-ORGA,986,459546,0.45954600000000007,#FFFFFF,255,255,255,brain,brain,organ,0,0,
AllenCCF-Annotation-2020-996,AllenCCF-Ontology-2017-8,AllenCCF-Ontology-2017-CATE,986,459546,0.45954600000000007,#BFDAE3,191,218,227,Basic cell groups and regions,grey,category,1,1,AllenCCF-Ontology-2017-997
AllenCCF-Annotation-2020-996,AllenCCF-Ontology-2017-315,AllenCCF-Ontology-2017-DIVI,986,459546,0.45954600000000007,#70FF71,112,255,113,Isocortex,Isocortex,division,2,1,AllenCCF-Ontology-2017-8
AllenCCF-Annotation-2020-996,AllenCCF-Ontology-2017-104,AllenCCF-Ontology-2017-STRU,986,459546,0.45954600000000007,#219866,33,152,102,"Agranular insular area, dorsal part",AId,structure,3,33,AllenCCF-Ontology-2017-315
AllenCCF-Annotation-2020-996,AllenCCF-Ontology-2017-996,AllenCCF-Ontology-2017-SUBS,986,459546,0.45954600000000007,#219866,33,152,102,"Agranular insular area, dorsal part, layer 1",AId1,substructure,4,188,AllenCCF-Ontology-2017-104
AllenCCF-Annotation-2020-328,AllenCCF-Ontology-2017-997,AllenCCF-Ontology-2017-ORGA,318,925512,0.9255120000000001,#FFFFFF,255,255,255,brain,brain,organ,0,0,
AllenCCF-Annotation-2020-328,AllenCCF-Ontology-2017-8,AllenCCF-Ontology-2017-CATE,318,925512,0.9255120000000001,#BFDAE3,191,218,227,Basic cell groups and regions,grey,category,1,1,AllenCCF-Ontology-2017-997
AllenCCF-Annotation-2020-328,AllenCCF-Ontology-2017-315,AllenCCF-Ontology-2017-DIVI,318,925512,0.9255120000000001,#70FF71,112,255,113,Isocortex,Isocortex,division,2,1,AllenCCF-Ontology-2017-8
AllenCCF-Annotation-2020-328,AllenCCF-Ontology-2017-104,AllenCCF-Ontology-2017-STRU,318,925512,0.9255120000000001,#219866,33,152,102,"Agranular insular area, dorsal part",AId,structure,3,33,AllenCCF-Ontology-2017-315
AllenCCF-Annotation-2020-328,AllenCCF-Ontology-2017-328,AllenCCF-Ontology-2017-SUBS,318,925512,0.9255120000000001,#219866,33,152,102,"Agranular insular area, dorsal part, layer 2/3",AId2/3,substructure,4,189,AllenCCF-Ontology-2017-104
AllenCCF-Annotation-2020-1101,AllenCCF-Ontology-2017-997,AllenCCF-Ontology-2017-ORGA,1090,1509586,1.5095860000000003,#FFFFFF,255,255,255,brain,brain,organ,0,0,
AllenCCF-Annotation-2020-1101,AllenCCF-Ontology-2017-8,AllenCCF-Ontology-2017-CATE,1090,1509586,1.5095860000000003,#BFDAE3,191,218,227,Basic cell groups and regions,grey,category,1,1,AllenCCF-Ontology-2017-997
AllenCCF-Annotation-2020-1101,AllenCCF-Ontology-2017-315,AllenCCF-Ontology-2017-DIVI,1090,1509586,1.5095860000000003,#70FF71,112,255,113,Isocortex,Isocortex,division,2,1,AllenCCF-Ontology-2017-8
AllenCCF-Annotation-2020-1101,AllenCCF-Ontology-2017-104,AllenCCF-Ontology-2017-STRU,1090,1509586,1.5095860000000003,#219866,33,152,102,"Agranular insular area, dorsal part",AId,structure,3,33,AllenCCF-Ontology-2017-315
AllenCCF-Annotation-2020-1101,AllenCCF-Ontology-2017-1101,AllenCCF-Ontology-2017-SUBS,1090,1509586,1.5095860000000003,#219866,33,152,102,"Agranular insular area, dorsal part, layer 5",AId5,substructure,4,190,AllenCCF-Ontology-2017-104
AllenCCF-Annotation-2020-783,AllenCCF-Ontology-2017-997,AllenCCF-Ontology-2017-ORGA,773,781724,0.7817240000000001,#FFFFFF,255,255,255,brain,brain,organ,0,0,
AllenCCF-Annotation-2020-783,AllenCCF-Ontology-2017-8,AllenCCF-Ontology-2017-CATE,773,781724,0.7817240000000001,#BFDAE3,191,218,227,Basic cell groups and regions,grey,category,1,1,AllenCCF-Ontology-2017-997
AllenCCF-Annotation-2020-783,AllenCCF-Ontology-2017-315,AllenCCF-Ontology-2017-DIVI,773,781724,0.7817240000000001,#70FF71,112,255,113,Isocortex,Isocortex,division,2,1,AllenCCF-Ontology-2017-8
AllenCCF-Annotation-2020-783,AllenCCF-Ontology-2017-104,AllenCCF-Ontology-2017-STRU,773,781724,0.7817240000000001,#219866,33,152,102,"Agranular insular area, dorsal part",AId,structure,3,33,AllenCCF-Ontology-2017-315
AllenCCF-Annotation-2020-783,AllenCCF-Ontology-2017-783,AllenCCF-Ontology-2017-SUBS,773,781724,0.7817240000000001,#219866,33,152,102,"Agranular insular area, dorsal part, layer 6a",AId6a,substructure,4,191,AllenCCF-Ontology-2017-104
AllenCCF-Annotation-2020-831,AllenCCF-Ontology-2017-997,AllenCCF-Ontology-2017-ORGA,821,48282,0.048282000000000005,#FFFFFF,255,255,255,brain,brain,organ,0,0,
AllenCCF-Annotation-2020-831,AllenCCF-Ontology-2017-8,AllenCCF-Ontology-2017-CATE,821,48282,0.048282000000000005,#BFDAE3,191,218,227,Basic cell groups and regions,grey,category,1,1,AllenCCF-Ontology-2017-997
AllenCCF-Annotation-2020-831,AllenCCF-Ontology-2017-315,AllenCCF-Ontology-2017-DIVI,821,48282,0.048282000000000005,#70FF71,112,255,113,Isocortex,Isocortex,division,2,1,AllenCCF-Ontology-2017-8
AllenCCF-Annotation-2020-831,AllenCCF-Ontology-2017-104,AllenCCF-Ontology-2017-STRU,821,48282,0.048282000000000005,#219866,33,152,102,"Agranular insular area, dorsal part",AId,structure,3,33,AllenCCF-Ontology-2017-315
AllenCCF-Annotation-2020-831,AllenCCF-Ontology-2017-831,AllenCCF-Ontology-2017-SUBS,821,48282,0.048282000000000005,#219866,33,152,102,"Agranular insular area, dorsal part, layer 6b",AId6b,substructure,4,192,AllenCCF-Ontology-2017-104
AllenCCF-Annotation-2020-120,AllenCCF-Ontology-2017-997,AllenCCF-Ontology-2017-ORGA,115,422038,0.4220380000000001,#FFFFFF,255,255,255,brain,brain,organ,0,0,
AllenCCF-Annotation-2020-120,AllenCCF-Ontology-2017-8,AllenCCF-Ontology-2017-CATE,115,422038,0.4220380000000001,#BFDAE3,191,218,227,Basic cell groups and regions,grey,category,1,1,AllenCCF-Ontology-2017-997
AllenCCF-Annotation-2020-120,AllenCCF-Ontology-2017-315,AllenCCF-Ontology-2017-DIVI,115,422038,0.4220380000000001,#70FF71,112,255,113,Isocortex,Isocortex,division,2,1,AllenCCF-Ontology-2017-8
AllenCCF-Annotation-2020-120,AllenCCF-Ontology-2017-111,AllenCCF-Ontology-2017-STRU,115,422038,0.4220380000000001,#219866,33,152,102,"Agranular insular area, posterior part",AIp,structure,3,34,AllenCCF-Ontology-2017-315
AllenCCF-Annotation-2020-120,AllenCCF-Ontology-2017-120,AllenCCF-Ontology-2017-SUBS,115,422038,0.4220380000000001,#219866,33,152,102,"Agranular insular area, posterior part, layer 1",AIp1,substructure,4,193,AllenCCF-Ontology-2017-111
AllenCCF-Annotation-2020-163,AllenCCF-Ontology-2017-997,AllenCCF-Ontology-2017-ORGA,158,803644,0.8036440000000001,#FFFFFF,255,255,255,brain,brain,organ,0,0,
AllenCCF-Annotation-2020-163,AllenCCF-Ontology-2017-8,AllenCCF-Ontology-2017-CATE,158,803644,0.8036440000000001,#BFDAE3,191,218,227,Basic cell groups and regions,grey,category,1,1,AllenCCF-Ontology-2017-997
AllenCCF-Annotation-2020-163,AllenCCF-Ontology-2017-315,AllenCCF-Ontology-2017-DIVI,158,803644,0.8036440000000001,#70FF71,112,255,113,Isocortex,Isocortex,division,2,1,AllenCCF-Ontology-2017-8
AllenCCF-Annotation-2020-163,AllenCCF-Ontology-2017-111,AllenCCF-Ontology-2017-STRU,158,803644,0.8036440000000001,#219866,33,152,102,"Agranular insular area, posterior part",AIp,structure,3,34,AllenCCF-Ontology-2017-315
AllenCCF-Annotation-2020-163,AllenCCF-Ontology-2017-163,AllenCCF-Ontology-2017-SUBS,158,803644,0.8036440000000001,#219866,33,152,102,"Agranular insular area, posterior part, layer 2/3",AIp2/3,substructure,4,194,AllenCCF-Ontology-2017-111
AllenCCF-Annotation-2020-344,AllenCCF-Ontology-2017-997,AllenCCF-Ontology-2017-ORGA,334,752576,0.7525760000000001,#FFFFFF,255,255,255,brain,brain,organ,0,0,
AllenCCF-Annotation-2020-344,AllenCCF-Ontology-2017-8,AllenCCF-Ontology-2017-CATE,334,752576,0.7525760000000001,#BFDAE3,191,218,227,Basic cell groups and regions,grey,category,1,1,AllenCCF-Ontology-2017-997
AllenCCF-Annotation-2020-344,AllenCCF-Ontology-2017-315,AllenCCF-Ontology-2017-DIVI,334,752576,0.7525760000000001,#70FF71,112,255,113,Isocortex,Isocortex,division,2,1,AllenCCF-Ontology-2017-8
AllenCCF-Annotation-2020-344,AllenCCF-Ontology-2017-111,AllenCCF-Ontology-2017-STRU,334,752576,0.7525760000000001,#219866,33,152,102,"Agranular insular area, posterior part",AIp,structure,3,34,AllenCCF-Ontology-2017-315
AllenCCF-Annotation-2020-344,AllenCCF-Ontology-2017-344,AllenCCF-Ontology-2017-SUBS,334,752576,0.7525760000000001,#219866,33,152,102,"Agranular insular area, posterior part, layer 5",AIp5,substructure,4,195,AllenCCF-Ontology-2017-111
AllenCCF-Annotation-2020-314,AllenCCF-Ontology-2017-997,AllenCCF-Ontology-2017-ORGA,304,435738,0.43573800000000007,#FFFFFF,255,255,255,brain,brain,organ,0,0,
AllenCCF-Annotation-2020-314,AllenCCF-Ontology-2017-8,AllenCCF-Ontology-2017-CATE,304,435738,0.43573800000000007,#BFDAE3,191,218,227,Basic cell groups and regions,grey,category,1,1,AllenCCF-Ontology-2017-997
AllenCCF-Annotation-2020-314,AllenCCF-Ontology-2017-315,AllenCCF-Ontology-2017-DIVI,304,435738,0.43573800000000007,#70FF71,112,255,113,Isocortex,Isocortex,division,2,1,AllenCCF-Ontology-2017-8
AllenCCF-Annotation-2020-314,AllenCCF-Ontology-2017-111,AllenCCF-Ontology-2017-STRU,304,435738,0.43573800000000007,#219866,33,152,102,"Agranular insular area, posterior part",AIp,structure,3,34,AllenCCF-Ontology-2017-315
AllenCCF-Annotation-2020-314,AllenCCF-Ontology-2017-314,AllenCCF-Ontology-2017-SUBS,304,435738,0.43573800000000007,#219866,33,152,102,"Agranular insular area, posterior part, layer 6a",AIp6a,substructure,4,196,AllenCCF-Ontology-2017-111
AllenCCF-Annotation-2020-355,AllenCCF-Ontology-2017-997,AllenCCF-Ontology-2017-ORGA,345,20630,0.020630000000000003,#FFFFFF,255,255,255,brain,brain,organ,0,0,
AllenCCF-Annotation-2020-355,AllenCCF-Ontology-2017-8,AllenCCF-Ontology-2017-CATE,345,20630,0.020630000000000003,#BFDAE3,191,218,227,Basic cell groups and regions,grey,category,1,1,AllenCCF-Ontology-2017-997
AllenCCF-Annotation-2020-355,AllenCCF-Ontology-2017-315,AllenCCF-Ontology-2017-DIVI,345,20630,0.020630000000000003,#70FF71,112,255,113,Isocortex,Isocortex,division,2,1,AllenCCF-Ontology-2017-8
AllenCCF-Annotation-2020-355,AllenCCF-Ontology-2017-111,AllenCCF-Ontology-2017-STRU,345,20630,0.020630000000000003,#219866,33,152,102,"Agranular insular area, posterior part",AIp,structure,3,34,AllenCCF-Ontology-2017-315
AllenCCF-Annotation-2020-355,AllenCCF-Ontology-2017-355,AllenCCF-Ontology-2017-SUBS,345,20630,0.020630000000000003,#219866,33,152,102,"Agranular insular area, posterior part, layer 6b",AIp6b,substructure,4,197,AllenCCF-Ontology-2017-111
AllenCCF-Annotation-2020-704,AllenCCF-Ontology-2017-997,AllenCCF-Ontology-2017-ORGA,694,248482,0.24848200000000004,#FFFFFF,255,255,255,brain,brain,organ,0,0,
AllenCCF-Annotation-2020-704,AllenCCF-Ontology-2017-8,AllenCCF-Ontology-2017-CATE,694,248482,0.24848200000000004,#BFDAE3,191,218,227,Basic cell groups and regions,grey,category,1,1,AllenCCF-Ontology-2017-997
AllenCCF-Annotation-2020-704,AllenCCF-Ontology-2017-315,AllenCCF-Ontology-2017-DIVI,694,248482,0.24848200000000004,#70FF71,112,255,113,Isocortex,Isocortex,division,2,1,AllenCCF-Ontology-2017-8
AllenCCF-Annotation-2020-704,AllenCCF-Ontology-2017-119,AllenCCF-Ontology-2017-STRU,694,248482,0.24848200000000004,#219866,33,152,102,"Agranular insular area, ventral part",AIv,structure,3,35,AllenCCF-Ontology-2017-315
AllenCCF-Annotation-2020-704,AllenCCF-Ontology-2017-704,AllenCCF-Ontology-2017-SUBS,694,248482,0.24848200000000004,#219866,33,152,102,"Agranular insular area, ventral part, layer 1",AIv1,substructure,4,198,AllenCCF-Ontology-2017-119
AllenCCF-Annotation-2020-694,AllenCCF-Ontology-2017-997,AllenCCF-Ontology-2017-ORGA,684,594928,0.5949280000000001,#FFFFFF,255,255,255,brain,brain,organ,0,0,
AllenCCF-Annotation-2020-694,AllenCCF-Ontology-2017-8,AllenCCF-Ontology-2017-CATE,684,594928,0.5949280000000001,#BFDAE3,191,218,227,Basic cell groups and regions,grey,category,1,1,AllenCCF-Ontology-2017-997
AllenCCF-Annotation-2020-694,AllenCCF-Ontology-2017-315,AllenCCF-Ontology-2017-DIVI,684,594928,0.5949280000000001,#70FF71,112,255,113,Isocortex,Isocortex,division,2,1,AllenCCF-Ontology-2017-8
AllenCCF-Annotation-2020-694,AllenCCF-Ontology-2017-119,AllenCCF-Ontology-2017-STRU,684,594928,0.5949280000000001,#219866,33,152,102,"Agranular insular area, ventral part",AIv,structure,3,35,AllenCCF-Ontology-2017-315
AllenCCF-Annotation-2020-694,AllenCCF-Ontology-2017-694,AllenCCF-Ontology-2017-SUBS,684,594928,0.5949280000000001,#219866,33,152,102,"Agranular insular area, ventral part, layer 2/3",AIv2/3,substructure,4,199,AllenCCF-Ontology-2017-119
AllenCCF-Annotation-2020-800,AllenCCF-Ontology-2017-997,AllenCCF-Ontology-2017-ORGA,790,720432,0.7204320000000001,#FFFFFF,255,255,255,brain,brain,organ,0,0,
AllenCCF-Annotation-2020-800,AllenCCF-Ontology-2017-8,AllenCCF-Ontology-2017-CATE,790,720432,0.7204320000000001,#BFDAE3,191,218,227,Basic cell groups and regions,grey,category,1,1,AllenCCF-Ontology-2017-997
AllenCCF-Annotation-2020-800,AllenCCF-Ontology-2017-315,AllenCCF-Ontology-2017-DIVI,790,720432,0.7204320000000001,#70FF71,112,255,113,Isocortex,Isocortex,division,2,1,AllenCCF-Ontology-2017-8
AllenCCF-Annotation-2020-800,AllenCCF-Ontology-2017-119,AllenCCF-Ontology-2017-STRU,790,720432,0.7204320000000001,#219866,33,152,102,"Agranular insular area, ventral part",AIv,structure,3,35,AllenCCF-Ontology-2017-315
AllenCCF-Annotation-2020-800,AllenCCF-Ontology-2017-800,AllenCCF-Ontology-2017-SUBS,790,720432,0.7204320000000001,#219866,33,152,102,"Agranular insular area, ventral part, layer 5",AIv5,substructure,4,200,AllenCCF-Ontology-2017-119
AllenCCF-Annotation-2020-675,AllenCCF-Ontology-2017-997,AllenCCF-Ontology-2017-ORGA,665,167928,0.16792800000000002,#FFFFFF,255,255,255,brain,brain,organ,0,0,
AllenCCF-Annotation-2020-675,AllenCCF-Ontology-2017-8,AllenCCF-Ontology-2017-CATE,665,167928,0.16792800000000002,#BFDAE3,191,218,227,Basic cell groups and regions,grey,category,1,1,AllenCCF-Ontology-2017-997
AllenCCF-Annotation-2020-675,AllenCCF-Ontology-2017-315,AllenCCF-Ontology-2017-DIVI,665,167928,0.16792800000000002,#70FF71,112,255,113,Isocortex,Isocortex,division,2,1,AllenCCF-Ontology-2017-8
AllenCCF-Annotation-2020-675,AllenCCF-Ontology-2017-119,AllenCCF-Ontology-2017-STRU,665,167928,0.16792800000000002,#219866,33,152,102,"Agranular insular area, ventral part",AIv,structure,3,35,AllenCCF-Ontology-2017-315
AllenCCF-Annotation-2020-675,AllenCCF-Ontology-2017-675,AllenCCF-Ontology-2017-SUBS,665,167928,0.16792800000000002,#219866,33,152,102,"Agranular insular area, ventral part, layer 6a",AIv6a,substructure,4,201,AllenCCF-Ontology-2017-119
AllenCCF-Annotation-2020-699,AllenCCF-Ontology-2017-997,AllenCCF-Ontology-2017-ORGA,689,3060,0.0030600000000000007,#FFFFFF,255,255,255,brain,brain,organ,0,0,
AllenCCF-Annotation-2020-699,AllenCCF-Ontology-2017-8,AllenCCF-Ontology-2017-CATE,689,3060,0.0030600000000000007,#BFDAE3,191,218,227,Basic cell groups and regions,grey,category,1,1,AllenCCF-Ontology-2017-997
AllenCCF-Annotation-2020-699,AllenCCF-Ontology-2017-315,AllenCCF-Ontology-2017-DIVI,689,3060,0.0030600000000000007,#70FF71,112,255,113,Isocortex,Isocortex,division,2,1,AllenCCF-Ontology-2017-8
AllenCCF-Annotation-2020-699,AllenCCF-Ontology-2017-119,AllenCCF-Ontology-2017-STRU,689,3060,0.0030600000000000007,#219866,33,152,102,"Agranular insular area, ventral part",AIv,structure,3,35,AllenCCF-Ontology-2017-315
AllenCCF-Annotation-2020-699,AllenCCF-Ontology-2017-699,AllenCCF-Ontology-2017-SUBS,689,3060,0.0030600000000000007,#219866,33,152,102,"Agranular insular area, ventral part, layer 6b",AIv6b,substructure,4,202,AllenCCF-Ontology-2017-119
AllenCCF-Annotation-2020-671,AllenCCF-Ontology-2017-997,AllenCCF-Ontology-2017-ORGA,661,507296,0.5072960000000001,#FFFFFF,255,255,255,brain,brain,organ,0,0,
AllenCCF-Annotation-2020-671,AllenCCF-Ontology-2017-8,AllenCCF-Ontology-2017-CATE,661,507296,0.5072960000000001,#BFDAE3,191,218,227,Basic cell groups and regions,grey,category,1,1,AllenCCF-Ontology-2017-997
AllenCCF-Annotation-2020-671,AllenCCF-Ontology-2017-315,AllenCCF-Ontology-2017-DIVI,661,507296,0.5072960000000001,#70FF71,112,255,113,Isocortex,Isocortex,division,2,1,AllenCCF-Ontology-2017-8
AllenCCF-Annotation-2020-671,AllenCCF-Ontology-2017-894,AllenCCF-Ontology-2017-STRU,661,507296,0.5072960000000001,#1AA698,26,166,152,"Retrosplenial area, lateral agranular part",RSPagl,structure,3,36,AllenCCF-Ontology-2017-315
AllenCCF-Annotation-2020-671,AllenCCF-Ontology-2017-671,AllenCCF-Ontology-2017-SUBS,661,507296,0.5072960000000001,#1AA698,26,166,152,"Retrosplenial area, lateral agranular part, layer 1",RSPagl1,substructure,4,203,AllenCCF-Ontology-2017-894
AllenCCF-Annotation-2020-965,AllenCCF-Ontology-2017-997,AllenCCF-Ontology-2017-ORGA,955,669946,0.6699460000000002,#FFFFFF,255,255,255,brain,brain,organ,0,0,
AllenCCF-Annotation-2020-965,AllenCCF-Ontology-2017-8,AllenCCF-Ontology-2017-CATE,955,669946,0.6699460000000002,#BFDAE3,191,218,227,Basic cell groups and regions,grey,category,1,1,AllenCCF-Ontology-2017-997
AllenCCF-Annotation-2020-965,AllenCCF-Ontology-2017-315,AllenCCF-Ontology-2017-DIVI,955,669946,0.6699460000000002,#70FF71,112,255,113,Isocortex,Isocortex,division,2,1,AllenCCF-Ontology-2017-8
AllenCCF-Annotation-2020-965,AllenCCF-Ontology-2017-894,AllenCCF-Ontology-2017-STRU,955,669946,0.6699460000000002,#1AA698,26,166,152,"Retrosplenial area, lateral agranular part",RSPagl,structure,3,36,AllenCCF-Ontology-2017-315
AllenCCF-Annotation-2020-965,AllenCCF-Ontology-2017-965,AllenCCF-Ontology-2017-SUBS,955,669946,0.6699460000000002,#1AA698,26,166,152,"Retrosplenial area, lateral agranular part, layer 2/3",RSPagl2/3,substructure,4,204,AllenCCF-Ontology-2017-894
AllenCCF-Annotation-2020-774,AllenCCF-Ontology-2017-997,AllenCCF-Ontology-2017-ORGA,764,733242,0.7332420000000002,#FFFFFF,255,255,255,brain,brain,organ,0,0,
AllenCCF-Annotation-2020-774,AllenCCF-Ontology-2017-8,AllenCCF-Ontology-2017-CATE,764,733242,0.7332420000000002,#BFDAE3,191,218,227,Basic cell groups and regions,grey,category,1,1,AllenCCF-Ontology-2017-997
AllenCCF-Annotation-2020-774,AllenCCF-Ontology-2017-315,AllenCCF-Ontology-2017-DIVI,764,733242,0.7332420000000002,#70FF71,112,255,113,Isocortex,Isocortex,division,2,1,AllenCCF-Ontology-2017-8
AllenCCF-Annotation-2020-774,AllenCCF-Ontology-2017-894,AllenCCF-Ontology-2017-STRU,764,733242,0.7332420000000002,#1AA698,26,166,152,"Retrosplenial area, lateral agranular part",RSPagl,structure,3,36,AllenCCF-Ontology-2017-315
AllenCCF-Annotation-2020-774,AllenCCF-Ontology-2017-774,AllenCCF-Ontology-2017-SUBS,764,733242,0.7332420000000002,#1AA698,26,166,152,"Retrosplenial area, lateral agranular part, layer 5",RSPagl5,substructure,4,205,AllenCCF-Ontology-2017-894
AllenCCF-Annotation-2020-906,AllenCCF-Ontology-2017-997,AllenCCF-Ontology-2017-ORGA,896,412238,0.41223800000000005,#FFFFFF,255,255,255,brain,brain,organ,0,0,
AllenCCF-Annotation-2020-906,AllenCCF-Ontology-2017-8,AllenCCF-Ontology-2017-CATE,896,412238,0.41223800000000005,#BFDAE3,191,218,227,Basic cell groups and regions,grey,category,1,1,AllenCCF-Ontology-2017-997
AllenCCF-Annotation-2020-906,AllenCCF-Ontology-2017-315,AllenCCF-Ontology-2017-DIVI,896,412238,0.41223800000000005,#70FF71,112,255,113,Isocortex,Isocortex,division,2,1,AllenCCF-Ontology-2017-8
AllenCCF-Annotation-2020-906,AllenCCF-Ontology-2017-894,AllenCCF-Ontology-2017-STRU,896,412238,0.41223800000000005,#1AA698,26,166,152,"Retrosplenial area, lateral agranular part",RSPagl,structure,3,36,AllenCCF-Ontology-2017-315
AllenCCF-Annotation-2020-906,AllenCCF-Ontology-2017-906,AllenCCF-Ontology-2017-SUBS,896,412238,0.41223800000000005,#1AA698,26,166,152,"Retrosplenial area, lateral agranular part, layer 6a",RSPagl6a,substructure,4,206,AllenCCF-Ontology-2017-894
AllenCCF-Annotation-2020-279,AllenCCF-Ontology-2017-997,AllenCCF-Ontology-2017-ORGA,270,34362,0.034362000000000004,#FFFFFF,255,255,255,brain,brain,organ,0,0,
AllenCCF-Annotation-2020-279,AllenCCF-Ontology-2017-8,AllenCCF-Ontology-2017-CATE,270,34362,0.034362000000000004,#BFDAE3,191,218,227,Basic cell groups and regions,grey,category,1,1,AllenCCF-Ontology-2017-997
AllenCCF-Annotation-2020-279,AllenCCF-Ontology-2017-315,AllenCCF-Ontology-2017-DIVI,270,34362,0.034362000000000004,#70FF71,112,255,113,Isocortex,Isocortex,division,2,1,AllenCCF-Ontology-2017-8
AllenCCF-Annotation-2020-279,AllenCCF-Ontology-2017-894,AllenCCF-Ontology-2017-STRU,270,34362,0.034362000000000004,#1AA698,26,166,152,"Retrosplenial area, lateral agranular part",RSPagl,structure,3,36,AllenCCF-Ontology-2017-315
AllenCCF-Annotation-2020-279,AllenCCF-Ontology-2017-279,AllenCCF-Ontology-2017-SUBS,270,34362,0.034362000000000004,#1AA698,26,166,152,"Retrosplenial area, lateral agranular part, layer 6b",RSPagl6b,substructure,4,207,AllenCCF-Ontology-2017-894
AllenCCF-Annotation-2020-442,AllenCCF-Ontology-2017-997,AllenCCF-Ontology-2017-ORGA,432,833240,0.8332400000000001,#FFFFFF,255,255,255,brain,brain,organ,0,0,
AllenCCF-Annotation-2020-442,AllenCCF-Ontology-2017-8,AllenCCF-Ontology-2017-CATE,432,833240,0.8332400000000001,#BFDAE3,191,218,227,Basic cell groups and regions,grey,category,1,1,AllenCCF-Ontology-2017-997
AllenCCF-Annotation-2020-442,AllenCCF-Ontology-2017-315,AllenCCF-Ontology-2017-DIVI,432,833240,0.8332400000000001,#70FF71,112,255,113,Isocortex,Isocortex,division,2,1,AllenCCF-Ontology-2017-8
AllenCCF-Annotation-2020-442,AllenCCF-Ontology-2017-879,AllenCCF-Ontology-2017-STRU,432,833240,0.8332400000000001,#1AA698,26,166,152,"Retrosplenial area, dorsal part",RSPd,structure,3,37,AllenCCF-Ontology-2017-315
AllenCCF-Annotation-2020-442,AllenCCF-Ontology-2017-442,AllenCCF-Ontology-2017-SUBS,432,833240,0.8332400000000001,#1AA698,26,166,152,"Retrosplenial area, dorsal part, layer 1",RSPd1,substructure,4,211,AllenCCF-Ontology-2017-879
AllenCCF-Annotation-2020-434,AllenCCF-Ontology-2017-997,AllenCCF-Ontology-2017-ORGA,424,972450,0.9724500000000001,#FFFFFF,255,255,255,brain,brain,organ,0,0,
AllenCCF-Annotation-2020-434,AllenCCF-Ontology-2017-8,AllenCCF-Ontology-2017-CATE,424,972450,0.9724500000000001,#BFDAE3,191,218,227,Basic cell groups and regions,grey,category,1,1,AllenCCF-Ontology-2017-997
AllenCCF-Annotation-2020-434,AllenCCF-Ontology-2017-315,AllenCCF-Ontology-2017-DIVI,424,972450,0.9724500000000001,#70FF71,112,255,113,Isocortex,Isocortex,division,2,1,AllenCCF-Ontology-2017-8
AllenCCF-Annotation-2020-434,AllenCCF-Ontology-2017-879,AllenCCF-Ontology-2017-STRU,424,972450,0.9724500000000001,#1AA698,26,166,152,"Retrosplenial area, dorsal part",RSPd,structure,3,37,AllenCCF-Ontology-2017-315
AllenCCF-Annotation-2020-434,AllenCCF-Ontology-2017-434,AllenCCF-Ontology-2017-SUBS,424,972450,0.9724500000000001,#1AA698,26,166,152,"Retrosplenial area, dorsal part, layer 2/3",RSPd2/3,substructure,4,212,AllenCCF-Ontology-2017-879
AllenCCF-Annotation-2020-545,AllenCCF-Ontology-2017-997,AllenCCF-Ontology-2017-ORGA,535,2,2.0000000000000003e-06,#FFFFFF,255,255,255,brain,brain,organ,0,0,
AllenCCF-Annotation-2020-545,AllenCCF-Ontology-2017-8,AllenCCF-Ontology-2017-CATE,535,2,2.0000000000000003e-06,#BFDAE3,191,218,227,Basic cell groups and regions,grey,category,1,1,AllenCCF-Ontology-2017-997
AllenCCF-Annotation-2020-545,AllenCCF-Ontology-2017-315,AllenCCF-Ontology-2017-DIVI,535,2,2.0000000000000003e-06,#70FF71,112,255,113,Isocortex,Isocortex,division,2,1,AllenCCF-Ontology-2017-8
AllenCCF-Annotation-2020-545,AllenCCF-Ontology-2017-879,AllenCCF-Ontology-2017-STRU,535,2,2.0000000000000003e-06,#1AA698,26,166,152,"Retrosplenial area, dorsal part",RSPd,structure,3,37,AllenCCF-Ontology-2017-315
AllenCCF-Annotation-2020-545,AllenCCF-Ontology-2017-545,AllenCCF-Ontology-2017-SUBS,535,2,2.0000000000000003e-06,#1AA698,26,166,152,"Retrosplenial area, dorsal part, layer 4",RSPd4,substructure,4,213,AllenCCF-Ontology-2017-879
AllenCCF-Annotation-2020-610,AllenCCF-Ontology-2017-997,AllenCCF-Ontology-2017-ORGA,600,1205990,1.2059900000000001,#FFFFFF,255,255,255,brain,brain,organ,0,0,
AllenCCF-Annotation-2020-610,AllenCCF-Ontology-2017-8,AllenCCF-Ontology-2017-CATE,600,1205990,1.2059900000000001,#BFDAE3,191,218,227,Basic cell groups and regions,grey,category,1,1,AllenCCF-Ontology-2017-997
AllenCCF-Annotation-2020-610,AllenCCF-Ontology-2017-315,AllenCCF-Ontology-2017-DIVI,600,1205990,1.2059900000000001,#70FF71,112,255,113,Isocortex,Isocortex,division,2,1,AllenCCF-Ontology-2017-8
AllenCCF-Annotation-2020-610,AllenCCF-Ontology-2017-879,AllenCCF-Ontology-2017-STRU,600,1205990,1.2059900000000001,#1AA698,26,166,152,"Retrosplenial area, dorsal part",RSPd,structure,3,37,AllenCCF-Ontology-2017-315
AllenCCF-Annotation-2020-610,AllenCCF-Ontology-2017-610,AllenCCF-Ontology-2017-SUBS,600,1205990,1.2059900000000001,#1AA698,26,166,152,"Retrosplenial area, dorsal part, layer 5",RSPd5,substructure,4,214,AllenCCF-Ontology-2017-879
AllenCCF-Annotation-2020-274,AllenCCF-Ontology-2017-997,AllenCCF-Ontology-2017-ORGA,265,756694,0.7566940000000001,#FFFFFF,255,255,255,brain,brain,organ,0,0,
AllenCCF-Annotation-2020-274,AllenCCF-Ontology-2017-8,AllenCCF-Ontology-2017-CATE,265,756694,0.7566940000000001,#BFDAE3,191,218,227,Basic cell groups and regions,grey,category,1,1,AllenCCF-Ontology-2017-997
AllenCCF-Annotation-2020-274,AllenCCF-Ontology-2017-315,AllenCCF-Ontology-2017-DIVI,265,756694,0.7566940000000001,#70FF71,112,255,113,Isocortex,Isocortex,division,2,1,AllenCCF-Ontology-2017-8
AllenCCF-Annotation-2020-274,AllenCCF-Ontology-2017-879,AllenCCF-Ontology-2017-STRU,265,756694,0.7566940000000001,#1AA698,26,166,152,"Retrosplenial area, dorsal part",RSPd,structure,3,37,AllenCCF-Ontology-2017-315
AllenCCF-Annotation-2020-274,AllenCCF-Ontology-2017-274,AllenCCF-Ontology-2017-SUBS,265,756694,0.7566940000000001,#1AA698,26,166,152,"Retrosplenial area, dorsal part, layer 6a",RSPd6a,substructure,4,215,AllenCCF-Ontology-2017-879
AllenCCF-Annotation-2020-330,AllenCCF-Ontology-2017-997,AllenCCF-Ontology-2017-ORGA,320,31010,0.031010000000000006,#FFFFFF,255,255,255,brain,brain,organ,0,0,
AllenCCF-Annotation-2020-330,AllenCCF-Ontology-2017-8,AllenCCF-Ontology-2017-CATE,320,31010,0.031010000000000006,#BFDAE3,191,218,227,Basic cell groups and regions,grey,category,1,1,AllenCCF-Ontology-2017-997
AllenCCF-Annotation-2020-330,AllenCCF-Ontology-2017-315,AllenCCF-Ontology-2017-DIVI,320,31010,0.031010000000000006,#70FF71,112,255,113,Isocortex,Isocortex,division,2,1,AllenCCF-Ontology-2017-8
AllenCCF-Annotation-2020-330,AllenCCF-Ontology-2017-879,AllenCCF-Ontology-2017-STRU,320,31010,0.031010000000000006,#1AA698,26,166,152,"Retrosplenial area, dorsal part",RSPd,structure,3,37,AllenCCF-Ontology-2017-315
AllenCCF-Annotation-2020-330,AllenCCF-Ontology-2017-330,AllenCCF-Ontology-2017-SUBS,320,31010,0.031010000000000006,#1AA698,26,166,152,"Retrosplenial area, dorsal part, layer 6b",RSPd6b,substructure,4,216,AllenCCF-Ontology-2017-879
AllenCCF-Annotation-2020-542,AllenCCF-Ontology-2017-997,AllenCCF-Ontology-2017-ORGA,532,947416,0.9474160000000001,#FFFFFF,255,255,255,brain,brain,organ,0,0,
AllenCCF-Annotation-2020-542,AllenCCF-Ontology-2017-8,AllenCCF-Ontology-2017-CATE,532,947416,0.9474160000000001,#BFDAE3,191,218,227,Basic cell groups and regions,grey,category,1,1,AllenCCF-Ontology-2017-997
AllenCCF-Annotation-2020-542,AllenCCF-Ontology-2017-315,AllenCCF-Ontology-2017-DIVI,532,947416,0.9474160000000001,#70FF71,112,255,113,Isocortex,Isocortex,division,2,1,AllenCCF-Ontology-2017-8
AllenCCF-Annotation-2020-542,AllenCCF-Ontology-2017-886,AllenCCF-Ontology-2017-STRU,532,947416,0.9474160000000001,#1AA698,26,166,152,"Retrosplenial area, ventral part",RSPv,structure,3,38,AllenCCF-Ontology-2017-315
AllenCCF-Annotation-2020-542,AllenCCF-Ontology-2017-542,AllenCCF-Ontology-2017-SUBS,532,947416,0.9474160000000001,#1AA698,26,166,152,"Retrosplenial area, ventral part, layer 1",RSPv1,substructure,4,217,AllenCCF-Ontology-2017-886
AllenCCF-Annotation-2020-430,AllenCCF-Ontology-2017-997,AllenCCF-Ontology-2017-ORGA,420,1012970,1.0129700000000001,#FFFFFF,255,255,255,brain,brain,organ,0,0,
AllenCCF-Annotation-2020-430,AllenCCF-Ontology-2017-8,AllenCCF-Ontology-2017-CATE,420,1012970,1.0129700000000001,#BFDAE3,191,218,227,Basic cell groups and regions,grey,category,1,1,AllenCCF-Ontology-2017-997
AllenCCF-Annotation-2020-430,AllenCCF-Ontology-2017-315,AllenCCF-Ontology-2017-DIVI,420,1012970,1.0129700000000001,#70FF71,112,255,113,Isocortex,Isocortex,division,2,1,AllenCCF-Ontology-2017-8
AllenCCF-Annotation-2020-430,AllenCCF-Ontology-2017-886,AllenCCF-Ontology-2017-STRU,420,1012970,1.0129700000000001,#1AA698,26,166,152,"Retrosplenial area, ventral part",RSPv,structure,3,38,AllenCCF-Ontology-2017-315
AllenCCF-Annotation-2020-430,AllenCCF-Ontology-2017-430,AllenCCF-Ontology-2017-SUBS,420,1012970,1.0129700000000001,#1AA698,26,166,152,"Retrosplenial area, ventral part, layer 2/3",RSPv2/3,substructure,4,219,AllenCCF-Ontology-2017-886
AllenCCF-Annotation-2020-687,AllenCCF-Ontology-2017-997,AllenCCF-Ontology-2017-ORGA,677,1678750,1.6787500000000002,#FFFFFF,255,255,255,brain,brain,organ,0,0,
AllenCCF-Annotation-2020-687,AllenCCF-Ontology-2017-8,AllenCCF-Ontology-2017-CATE,677,1678750,1.6787500000000002,#BFDAE3,191,218,227,Basic cell groups and regions,grey,category,1,1,AllenCCF-Ontology-2017-997
AllenCCF-Annotation-2020-687,AllenCCF-Ontology-2017-315,AllenCCF-Ontology-2017-DIVI,677,1678750,1.6787500000000002,#70FF71,112,255,113,Isocortex,Isocortex,division,2,1,AllenCCF-Ontology-2017-8
AllenCCF-Annotation-2020-687,AllenCCF-Ontology-2017-886,AllenCCF-Ontology-2017-STRU,677,1678750,1.6787500000000002,#1AA698,26,166,152,"Retrosplenial area, ventral part",RSPv,structure,3,38,AllenCCF-Ontology-2017-315
AllenCCF-Annotation-2020-687,AllenCCF-Ontology-2017-687,AllenCCF-Ontology-2017-SUBS,677,1678750,1.6787500000000002,#1AA698,26,166,152,"Retrosplenial area, ventral part, layer 5",RSPv5,substructure,4,220,AllenCCF-Ontology-2017-886
AllenCCF-Annotation-2020-590,AllenCCF-Ontology-2017-997,AllenCCF-Ontology-2017-ORGA,580,659730,0.6597300000000001,#FFFFFF,255,255,255,brain,brain,organ,0,0,
AllenCCF-Annotation-2020-590,AllenCCF-Ontology-2017-8,AllenCCF-Ontology-2017-CATE,580,659730,0.6597300000000001,#BFDAE3,191,218,227,Basic cell groups and regions,grey,category,1,1,AllenCCF-Ontology-2017-997
AllenCCF-Annotation-2020-590,AllenCCF-Ontology-2017-315,AllenCCF-Ontology-2017-DIVI,580,659730,0.6597300000000001,#70FF71,112,255,113,Isocortex,Isocortex,division,2,1,AllenCCF-Ontology-2017-8
AllenCCF-Annotation-2020-590,AllenCCF-Ontology-2017-886,AllenCCF-Ontology-2017-STRU,580,659730,0.6597300000000001,#1AA698,26,166,152,"Retrosplenial area, ventral part",RSPv,structure,3,38,AllenCCF-Ontology-2017-315
AllenCCF-Annotation-2020-590,AllenCCF-Ontology-2017-590,AllenCCF-Ontology-2017-SUBS,580,659730,0.6597300000000001,#1AA698,26,166,152,"Retrosplenial area, ventral part, layer 6a",RSPv6a,substructure,4,221,AllenCCF-Ontology-2017-886
AllenCCF-Annotation-2020-622,AllenCCF-Ontology-2017-997,AllenCCF-Ontology-2017-ORGA,612,48300,0.04830000000000001,#FFFFFF,255,255,255,brain,brain,organ,0,0,
AllenCCF-Annotation-2020-622,AllenCCF-Ontology-2017-8,AllenCCF-Ontology-2017-CATE,612,48300,0.04830000000000001,#BFDAE3,191,218,227,Basic cell groups and regions,grey,category,1,1,AllenCCF-Ontology-2017-997
AllenCCF-Annotation-2020-622,AllenCCF-Ontology-2017-315,AllenCCF-Ontology-2017-DIVI,612,48300,0.04830000000000001,#70FF71,112,255,113,Isocortex,Isocortex,division,2,1,AllenCCF-Ontology-2017-8
AllenCCF-Annotation-2020-622,AllenCCF-Ontology-2017-886,AllenCCF-Ontology-2017-STRU,612,48300,0.04830000000000001,#1AA698,26,166,152,"Retrosplenial area, ventral part",RSPv,structure,3,38,AllenCCF-Ontology-2017-315
AllenCCF-Annotation-2020-622,AllenCCF-Ontology-2017-622,AllenCCF-Ontology-2017-SUBS,612,48300,0.04830000000000001,#1AA698,26,166,152,"Retrosplenial area, ventral part, layer 6b",RSPv6b,substructure,4,222,AllenCCF-Ontology-2017-886
AllenCCF-Annotation-2020-312782550,AllenCCF-Ontology-2017-997,AllenCCF-Ontology-2017-ORGA,1209,239674,0.23967400000000005,#FFFFFF,255,255,255,brain,brain,organ,0,0,
AllenCCF-Annotation-2020-312782550,AllenCCF-Ontology-2017-8,AllenCCF-Ontology-2017-CATE,1209,239674,0.23967400000000005,#BFDAE3,191,218,227,Basic cell groups and regions,grey,category,1,1,AllenCCF-Ontology-2017-997
AllenCCF-Annotation-2020-312782550,AllenCCF-Ontology-2017-315,AllenCCF-Ontology-2017-DIVI,1209,239674,0.23967400000000005,#70FF71,112,255,113,Isocortex,Isocortex,division,2,1,AllenCCF-Ontology-2017-8
AllenCCF-Annotation-2020-312782550,AllenCCF-Ontology-2017-312782546,AllenCCF-Ontology-2017-STRU,1209,239674,0.23967400000000005,#009FAC,0,159,172,Anterior area,VISa,structure,3,39,AllenCCF-Ontology-2017-315
AllenCCF-Annotation-2020-312782550,AllenCCF-Ontology-2017-312782550,AllenCCF-Ontology-2017-SUBS,1209,239674,0.23967400000000005,#009FAC,0,159,172,"Anterior area, layer 1",VISa1,substructure,4,223,AllenCCF-Ontology-2017-312782546
AllenCCF-Annotation-2020-312782554,AllenCCF-Ontology-2017-997,AllenCCF-Ontology-2017-ORGA,1210,426718,0.4267180000000001,#FFFFFF,255,255,255,brain,brain,organ,0,0,
AllenCCF-Annotation-2020-312782554,AllenCCF-Ontology-2017-8,AllenCCF-Ontology-2017-CATE,1210,426718,0.4267180000000001,#BFDAE3,191,218,227,Basic cell groups and regions,grey,category,1,1,AllenCCF-Ontology-2017-997
AllenCCF-Annotation-2020-312782554,AllenCCF-Ontology-2017-315,AllenCCF-Ontology-2017-DIVI,1210,426718,0.4267180000000001,#70FF71,112,255,113,Isocortex,Isocortex,division,2,1,AllenCCF-Ontology-2017-8
AllenCCF-Annotation-2020-312782554,AllenCCF-Ontology-2017-312782546,AllenCCF-Ontology-2017-STRU,1210,426718,0.4267180000000001,#009FAC,0,159,172,Anterior area,VISa,structure,3,39,AllenCCF-Ontology-2017-315
AllenCCF-Annotation-2020-312782554,AllenCCF-Ontology-2017-312782554,AllenCCF-Ontology-2017-SUBS,1210,426718,0.4267180000000001,#009FAC,0,159,172,"Anterior area, layer 2/3",VISa2/3,substructure,4,224,AllenCCF-Ontology-2017-312782546
AllenCCF-Annotation-2020-312782558,AllenCCF-Ontology-2017-997,AllenCCF-Ontology-2017-ORGA,1211,154800,0.15480000000000002,#FFFFFF,255,255,255,brain,brain,organ,0,0,
AllenCCF-Annotation-2020-312782558,AllenCCF-Ontology-2017-8,AllenCCF-Ontology-2017-CATE,1211,154800,0.15480000000000002,#BFDAE3,191,218,227,Basic cell groups and regions,grey,category,1,1,AllenCCF-Ontology-2017-997
AllenCCF-Annotation-2020-312782558,AllenCCF-Ontology-2017-315,AllenCCF-Ontology-2017-DIVI,1211,154800,0.15480000000000002,#70FF71,112,255,113,Isocortex,Isocortex,division,2,1,AllenCCF-Ontology-2017-8
AllenCCF-Annotation-2020-312782558,AllenCCF-Ontology-2017-312782546,AllenCCF-Ontology-2017-STRU,1211,154800,0.15480000000000002,#009FAC,0,159,172,Anterior area,VISa,structure,3,39,AllenCCF-Ontology-2017-315
AllenCCF-Annotation-2020-312782558,AllenCCF-Ontology-2017-312782558,AllenCCF-Ontology-2017-SUBS,1211,154800,0.15480000000000002,#009FAC,0,159,172,"Anterior area, layer 4",VISa4,substructure,4,225,AllenCCF-Ontology-2017-312782546
AllenCCF-Annotation-2020-312782562,AllenCCF-Ontology-2017-997,AllenCCF-Ontology-2017-ORGA,1212,355238,0.35523800000000005,#FFFFFF,255,255,255,brain,brain,organ,0,0,
AllenCCF-Annotation-2020-312782562,AllenCCF-Ontology-2017-8,AllenCCF-Ontology-2017-CATE,1212,355238,0.35523800000000005,#BFDAE3,191,218,227,Basic cell groups and regions,grey,category,1,1,AllenCCF-Ontology-2017-997
AllenCCF-Annotation-2020-312782562,AllenCCF-Ontology-2017-315,AllenCCF-Ontology-2017-DIVI,1212,355238,0.35523800000000005,#70FF71,112,255,113,Isocortex,Isocortex,division,2,1,AllenCCF-Ontology-2017-8
AllenCCF-Annotation-2020-312782562,AllenCCF-Ontology-2017-312782546,AllenCCF-Ontology-2017-STRU,1212,355238,0.35523800000000005,#009FAC,0,159,172,Anterior area,VISa,structure,3,39,AllenCCF-Ontology-2017-315
AllenCCF-Annotation-2020-312782562,AllenCCF-Ontology-2017-312782562,AllenCCF-Ontology-2017-SUBS,1212,355238,0.35523800000000005,#009FAC,0,159,172,"Anterior area, layer 5",VISa5,substructure,4,226,AllenCCF-Ontology-2017-312782546
AllenCCF-Annotation-2020-312782566,AllenCCF-Ontology-2017-997,AllenCCF-Ontology-2017-ORGA,1213,223374,0.22337400000000004,#FFFFFF,255,255,255,brain,brain,organ,0,0,
AllenCCF-Annotation-2020-312782566,AllenCCF-Ontology-2017-8,AllenCCF-Ontology-2017-CATE,1213,223374,0.22337400000000004,#BFDAE3,191,218,227,Basic cell groups and regions,grey,category,1,1,AllenCCF-Ontology-2017-997
AllenCCF-Annotation-2020-312782566,AllenCCF-Ontology-2017-315,AllenCCF-Ontology-2017-DIVI,1213,223374,0.22337400000000004,#70FF71,112,255,113,Isocortex,Isocortex,division,2,1,AllenCCF-Ontology-2017-8
AllenCCF-Annotation-2020-312782566,AllenCCF-Ontology-2017-312782546,AllenCCF-Ontology-2017-STRU,1213,223374,0.22337400000000004,#009FAC,0,159,172,Anterior area,VISa,structure,3,39,AllenCCF-Ontology-2017-315
AllenCCF-Annotation-2020-312782566,AllenCCF-Ontology-2017-312782566,AllenCCF-Ontology-2017-SUBS,1213,223374,0.22337400000000004,#009FAC,0,159,172,"Anterior area, layer 6a",VISa6a,substructure,4,227,AllenCCF-Ontology-2017-312782546
AllenCCF-Annotation-2020-312782570,AllenCCF-Ontology-2017-997,AllenCCF-Ontology-2017-ORGA,1214,39360,0.039360000000000006,#FFFFFF,255,255,255,brain,brain,organ,0,0,
AllenCCF-Annotation-2020-312782570,AllenCCF-Ontology-2017-8,AllenCCF-Ontology-2017-CATE,1214,39360,0.039360000000000006,#BFDAE3,191,218,227,Basic cell groups and regions,grey,category,1,1,AllenCCF-Ontology-2017-997
AllenCCF-Annotation-2020-312782570,AllenCCF-Ontology-2017-315,AllenCCF-Ontology-2017-DIVI,1214,39360,0.039360000000000006,#70FF71,112,255,113,Isocortex,Isocortex,division,2,1,AllenCCF-Ontology-2017-8
AllenCCF-Annotation-2020-312782570,AllenCCF-Ontology-2017-312782546,AllenCCF-Ontology-2017-STRU,1214,39360,0.039360000000000006,#009FAC,0,159,172,Anterior area,VISa,structure,3,39,AllenCCF-Ontology-2017-315
AllenCCF-Annotation-2020-312782570,AllenCCF-Ontology-2017-312782570,AllenCCF-Ontology-2017-SUBS,1214,39360,0.039360000000000006,#009FAC,0,159,172,"Anterior area, layer 6b",VISa6b,substructure,4,228,AllenCCF-Ontology-2017-312782546
AllenCCF-Annotation-2020-312782604,AllenCCF-Ontology-2017-997,AllenCCF-Ontology-2017-ORGA,1222,170740,0.17074000000000003,#FFFFFF,255,255,255,brain,brain,organ,0,0,
AllenCCF-Annotation-2020-312782604,AllenCCF-Ontology-2017-8,AllenCCF-Ontology-2017-CATE,1222,170740,0.17074000000000003,#BFDAE3,191,218,227,Basic cell groups and regions,grey,category,1,1,AllenCCF-Ontology-2017-997
AllenCCF-Annotation-2020-312782604,AllenCCF-Ontology-2017-315,AllenCCF-Ontology-2017-DIVI,1222,170740,0.17074000000000003,#70FF71,112,255,113,Isocortex,Isocortex,division,2,1,AllenCCF-Ontology-2017-8
AllenCCF-Annotation-2020-312782604,AllenCCF-Ontology-2017-417,AllenCCF-Ontology-2017-STRU,1222,170740,0.17074000000000003,#009FAC,0,159,172,Rostrolateral visual area,VISrl,structure,3,40,AllenCCF-Ontology-2017-315
AllenCCF-Annotation-2020-312782604,AllenCCF-Ontology-2017-312782604,AllenCCF-Ontology-2017-SUBS,1222,170740,0.17074000000000003,#009FAC,0,159,172,"Rostrolateral area, layer 1",VISrl1,substructure,4,229,AllenCCF-Ontology-2017-417
AllenCCF-Annotation-2020-312782608,AllenCCF-Ontology-2017-997,AllenCCF-Ontology-2017-ORGA,1223,276390,0.27639,#FFFFFF,255,255,255,brain,brain,organ,0,0,
AllenCCF-Annotation-2020-312782608,AllenCCF-Ontology-2017-8,AllenCCF-Ontology-2017-CATE,1223,276390,0.27639,#BFDAE3,191,218,227,Basic cell groups and regions,grey,category,1,1,AllenCCF-Ontology-2017-997
AllenCCF-Annotation-2020-312782608,AllenCCF-Ontology-2017-315,AllenCCF-Ontology-2017-DIVI,1223,276390,0.27639,#70FF71,112,255,113,Isocortex,Isocortex,division,2,1,AllenCCF-Ontology-2017-8
AllenCCF-Annotation-2020-312782608,AllenCCF-Ontology-2017-417,AllenCCF-Ontology-2017-STRU,1223,276390,0.27639,#009FAC,0,159,172,Rostrolateral visual area,VISrl,structure,3,40,AllenCCF-Ontology-2017-315
AllenCCF-Annotation-2020-312782608,AllenCCF-Ontology-2017-312782608,AllenCCF-Ontology-2017-SUBS,1223,276390,0.27639,#009FAC,0,159,172,"Rostrolateral area, layer 2/3",VISrl2/3,substructure,4,230,AllenCCF-Ontology-2017-417
AllenCCF-Annotation-2020-312782612,AllenCCF-Ontology-2017-997,AllenCCF-Ontology-2017-ORGA,1224,146294,0.14629400000000004,#FFFFFF,255,255,255,brain,brain,organ,0,0,
AllenCCF-Annotation-2020-312782612,AllenCCF-Ontology-2017-8,AllenCCF-Ontology-2017-CATE,1224,146294,0.14629400000000004,#BFDAE3,191,218,227,Basic cell groups and regions,grey,category,1,1,AllenCCF-Ontology-2017-997
AllenCCF-Annotation-2020-312782612,AllenCCF-Ontology-2017-315,AllenCCF-Ontology-2017-DIVI,1224,146294,0.14629400000000004,#70FF71,112,255,113,Isocortex,Isocortex,division,2,1,AllenCCF-Ontology-2017-8
AllenCCF-Annotation-2020-312782612,AllenCCF-Ontology-2017-417,AllenCCF-Ontology-2017-STRU,1224,146294,0.14629400000000004,#009FAC,0,159,172,Rostrolateral visual area,VISrl,structure,3,40,AllenCCF-Ontology-2017-315
AllenCCF-Annotation-2020-312782612,AllenCCF-Ontology-2017-312782612,AllenCCF-Ontology-2017-SUBS,1224,146294,0.14629400000000004,#009FAC,0,159,172,"Rostrolateral area, layer 4",VISrl4,substructure,4,231,AllenCCF-Ontology-2017-417
AllenCCF-Annotation-2020-312782616,AllenCCF-Ontology-2017-997,AllenCCF-Ontology-2017-ORGA,1225,244294,0.24429400000000004,#FFFFFF,255,255,255,brain,brain,organ,0,0,
AllenCCF-Annotation-2020-312782616,AllenCCF-Ontology-2017-8,AllenCCF-Ontology-2017-CATE,1225,244294,0.24429400000000004,#BFDAE3,191,218,227,Basic cell groups and regions,grey,category,1,1,AllenCCF-Ontology-2017-997
AllenCCF-Annotation-2020-312782616,AllenCCF-Ontology-2017-315,AllenCCF-Ontology-2017-DIVI,1225,244294,0.24429400000000004,#70FF71,112,255,113,Isocortex,Isocortex,division,2,1,AllenCCF-Ontology-2017-8
AllenCCF-Annotation-2020-312782616,AllenCCF-Ontology-2017-417,AllenCCF-Ontology-2017-STRU,1225,244294,0.24429400000000004,#009FAC,0,159,172,Rostrolateral visual area,VISrl,structure,3,40,AllenCCF-Ontology-2017-315
AllenCCF-Annotation-2020-312782616,AllenCCF-Ontology-2017-312782616,AllenCCF-Ontology-2017-SUBS,1225,244294,0.24429400000000004,#009FAC,0,159,172,"Rostrolateral area, layer 5",VISrl5,substructure,4,232,AllenCCF-Ontology-2017-417
AllenCCF-Annotation-2020-312782620,AllenCCF-Ontology-2017-997,AllenCCF-Ontology-2017-ORGA,1226,151428,0.15142800000000003,#FFFFFF,255,255,255,brain,brain,organ,0,0,
AllenCCF-Annotation-2020-312782620,AllenCCF-Ontology-2017-8,AllenCCF-Ontology-2017-CATE,1226,151428,0.15142800000000003,#BFDAE3,191,218,227,Basic cell groups and regions,grey,category,1,1,AllenCCF-Ontology-2017-997
AllenCCF-Annotation-2020-312782620,AllenCCF-Ontology-2017-315,AllenCCF-Ontology-2017-DIVI,1226,151428,0.15142800000000003,#70FF71,112,255,113,Isocortex,Isocortex,division,2,1,AllenCCF-Ontology-2017-8
AllenCCF-Annotation-2020-312782620,AllenCCF-Ontology-2017-417,AllenCCF-Ontology-2017-STRU,1226,151428,0.15142800000000003,#009FAC,0,159,172,Rostrolateral visual area,VISrl,structure,3,40,AllenCCF-Ontology-2017-315
AllenCCF-Annotation-2020-312782620,AllenCCF-Ontology-2017-312782620,AllenCCF-Ontology-2017-SUBS,1226,151428,0.15142800000000003,#009FAC,0,159,172,"Rostrolateral area, layer 6a",VISrl6a,substructure,4,233,AllenCCF-Ontology-2017-417
AllenCCF-Annotation-2020-312782624,AllenCCF-Ontology-2017-997,AllenCCF-Ontology-2017-ORGA,1227,28518,0.028518000000000005,#FFFFFF,255,255,255,brain,brain,organ,0,0,
AllenCCF-Annotation-2020-312782624,AllenCCF-Ontology-2017-8,AllenCCF-Ontology-2017-CATE,1227,28518,0.028518000000000005,#BFDAE3,191,218,227,Basic cell groups and regions,grey,category,1,1,AllenCCF-Ontology-2017-997
AllenCCF-Annotation-2020-312782624,AllenCCF-Ontology-2017-315,AllenCCF-Ontology-2017-DIVI,1227,28518,0.028518000000000005,#70FF71,112,255,113,Isocortex,Isocortex,division,2,1,AllenCCF-Ontology-2017-8
AllenCCF-Annotation-2020-312782624,AllenCCF-Ontology-2017-417,AllenCCF-Ontology-2017-STRU,1227,28518,0.028518000000000005,#009FAC,0,159,172,Rostrolateral visual area,VISrl,structure,3,40,AllenCCF-Ontology-2017-315
AllenCCF-Annotation-2020-312782624,AllenCCF-Ontology-2017-312782624,AllenCCF-Ontology-2017-SUBS,1227,28518,0.028518000000000005,#009FAC,0,159,172,"Rostrolateral area, layer 6b",VISrl6b,substructure,4,234,AllenCCF-Ontology-2017-417
AllenCCF-Annotation-2020-97,AllenCCF-Ontology-2017-997,AllenCCF-Ontology-2017-ORGA,92,525406,0.525406,#FFFFFF,255,255,255,brain,brain,organ,0,0,
AllenCCF-Annotation-2020-97,AllenCCF-Ontology-2017-8,AllenCCF-Ontology-2017-CATE,92,525406,0.525406,#BFDAE3,191,218,227,Basic cell groups and regions,grey,category,1,1,AllenCCF-Ontology-2017-997
AllenCCF-Annotation-2020-97,AllenCCF-Ontology-2017-315,AllenCCF-Ontology-2017-DIVI,92,525406,0.525406,#70FF71,112,255,113,Isocortex,Isocortex,division,2,1,AllenCCF-Ontology-2017-8
AllenCCF-Annotation-2020-97,AllenCCF-Ontology-2017-541,AllenCCF-Ontology-2017-STRU,92,525406,0.525406,#15B0B3,21,176,179,Temporal association areas,TEa,structure,3,41,AllenCCF-Ontology-2017-315
AllenCCF-Annotation-2020-97,AllenCCF-Ontology-2017-97,AllenCCF-Ontology-2017-SUBS,92,525406,0.525406,#15B0B3,21,176,179,"Temporal association areas, layer 1",TEa1,substructure,4,235,AllenCCF-Ontology-2017-541
AllenCCF-Annotation-2020-1127,AllenCCF-Ontology-2017-997,AllenCCF-Ontology-2017-ORGA,1114,701596,0.7015960000000001,#FFFFFF,255,255,255,brain,brain,organ,0,0,
AllenCCF-Annotation-2020-1127,AllenCCF-Ontology-2017-8,AllenCCF-Ontology-2017-CATE,1114,701596,0.7015960000000001,#BFDAE3,191,218,227,Basic cell groups and regions,grey,category,1,1,AllenCCF-Ontology-2017-997
AllenCCF-Annotation-2020-1127,AllenCCF-Ontology-2017-315,AllenCCF-Ontology-2017-DIVI,1114,701596,0.7015960000000001,#70FF71,112,255,113,Isocortex,Isocortex,division,2,1,AllenCCF-Ontology-2017-8
AllenCCF-Annotation-2020-1127,AllenCCF-Ontology-2017-541,AllenCCF-Ontology-2017-STRU,1114,701596,0.7015960000000001,#15B0B3,21,176,179,Temporal association areas,TEa,structure,3,41,AllenCCF-Ontology-2017-315
AllenCCF-Annotation-2020-1127,AllenCCF-Ontology-2017-1127,AllenCCF-Ontology-2017-SUBS,1114,701596,0.7015960000000001,#15B0B3,21,176,179,"Temporal association areas, layer 2/3",TEa2/3,substructure,4,236,AllenCCF-Ontology-2017-541
AllenCCF-Annotation-2020-234,AllenCCF-Ontology-2017-997,AllenCCF-Ontology-2017-ORGA,227,312818,0.31281800000000004,#FFFFFF,255,255,255,brain,brain,organ,0,0,
AllenCCF-Annotation-2020-234,AllenCCF-Ontology-2017-8,AllenCCF-Ontology-2017-CATE,227,312818,0.31281800000000004,#BFDAE3,191,218,227,Basic cell groups and regions,grey,category,1,1,AllenCCF-Ontology-2017-997
AllenCCF-Annotation-2020-234,AllenCCF-Ontology-2017-315,AllenCCF-Ontology-2017-DIVI,227,312818,0.31281800000000004,#70FF71,112,255,113,Isocortex,Isocortex,division,2,1,AllenCCF-Ontology-2017-8
AllenCCF-Annotation-2020-234,AllenCCF-Ontology-2017-541,AllenCCF-Ontology-2017-STRU,227,312818,0.31281800000000004,#15B0B3,21,176,179,Temporal association areas,TEa,structure,3,41,AllenCCF-Ontology-2017-315
AllenCCF-Annotation-2020-234,AllenCCF-Ontology-2017-234,AllenCCF-Ontology-2017-SUBS,227,312818,0.31281800000000004,#15B0B3,21,176,179,"Temporal association areas, layer 4",TEa4,substructure,4,237,AllenCCF-Ontology-2017-541
AllenCCF-Annotation-2020-289,AllenCCF-Ontology-2017-997,AllenCCF-Ontology-2017-ORGA,279,949232,0.9492320000000002,#FFFFFF,255,255,255,brain,brain,organ,0,0,
AllenCCF-Annotation-2020-289,AllenCCF-Ontology-2017-8,AllenCCF-Ontology-2017-CATE,279,949232,0.9492320000000002,#BFDAE3,191,218,227,Basic cell groups and regions,grey,category,1,1,AllenCCF-Ontology-2017-997
AllenCCF-Annotation-2020-289,AllenCCF-Ontology-2017-315,AllenCCF-Ontology-2017-DIVI,279,949232,0.9492320000000002,#70FF71,112,255,113,Isocortex,Isocortex,division,2,1,AllenCCF-Ontology-2017-8
AllenCCF-Annotation-2020-289,AllenCCF-Ontology-2017-541,AllenCCF-Ontology-2017-STRU,279,949232,0.9492320000000002,#15B0B3,21,176,179,Temporal association areas,TEa,structure,3,41,AllenCCF-Ontology-2017-315
AllenCCF-Annotation-2020-289,AllenCCF-Ontology-2017-289,AllenCCF-Ontology-2017-SUBS,279,949232,0.9492320000000002,#15B0B3,21,176,179,"Temporal association areas, layer 5",TEa5,substructure,4,238,AllenCCF-Ontology-2017-541
AllenCCF-Annotation-2020-729,AllenCCF-Ontology-2017-997,AllenCCF-Ontology-2017-ORGA,719,523472,0.523472,#FFFFFF,255,255,255,brain,brain,organ,0,0,
AllenCCF-Annotation-2020-729,AllenCCF-Ontology-2017-8,AllenCCF-Ontology-2017-CATE,719,523472,0.523472,#BFDAE3,191,218,227,Basic cell groups and regions,grey,category,1,1,AllenCCF-Ontology-2017-997
AllenCCF-Annotation-2020-729,AllenCCF-Ontology-2017-315,AllenCCF-Ontology-2017-DIVI,719,523472,0.523472,#70FF71,112,255,113,Isocortex,Isocortex,division,2,1,AllenCCF-Ontology-2017-8
AllenCCF-Annotation-2020-729,AllenCCF-Ontology-2017-541,AllenCCF-Ontology-2017-STRU,719,523472,0.523472,#15B0B3,21,176,179,Temporal association areas,TEa,structure,3,41,AllenCCF-Ontology-2017-315
AllenCCF-Annotation-2020-729,AllenCCF-Ontology-2017-729,AllenCCF-Ontology-2017-SUBS,719,523472,0.523472,#15B0B3,21,176,179,"Temporal association areas, layer 6a",TEa6a,substructure,4,239,AllenCCF-Ontology-2017-541
AllenCCF-Annotation-2020-786,AllenCCF-Ontology-2017-997,AllenCCF-Ontology-2017-ORGA,776,89758,0.08975800000000002,#FFFFFF,255,255,255,brain,brain,organ,0,0,
AllenCCF-Annotation-2020-786,AllenCCF-Ontology-2017-8,AllenCCF-Ontology-2017-CATE,776,89758,0.08975800000000002,#BFDAE3,191,218,227,Basic cell groups and regions,grey,category,1,1,AllenCCF-Ontology-2017-997
AllenCCF-Annotation-2020-786,AllenCCF-Ontology-2017-315,AllenCCF-Ontology-2017-DIVI,776,89758,0.08975800000000002,#70FF71,112,255,113,Isocortex,Isocortex,division,2,1,AllenCCF-Ontology-2017-8
AllenCCF-Annotation-2020-786,AllenCCF-Ontology-2017-541,AllenCCF-Ontology-2017-STRU,776,89758,0.08975800000000002,#15B0B3,21,176,179,Temporal association areas,TEa,structure,3,41,AllenCCF-Ontology-2017-315
AllenCCF-Annotation-2020-786,AllenCCF-Ontology-2017-786,AllenCCF-Ontology-2017-SUBS,776,89758,0.08975800000000002,#15B0B3,21,176,179,"Temporal association areas, layer 6b",TEa6b,substructure,4,240,AllenCCF-Ontology-2017-541
AllenCCF-Annotation-2020-540,AllenCCF-Ontology-2017-997,AllenCCF-Ontology-2017-ORGA,530,221266,0.22126600000000005,#FFFFFF,255,255,255,brain,brain,organ,0,0,
AllenCCF-Annotation-2020-540,AllenCCF-Ontology-2017-8,AllenCCF-Ontology-2017-CATE,530,221266,0.22126600000000005,#BFDAE3,191,218,227,Basic cell groups and regions,grey,category,1,1,AllenCCF-Ontology-2017-997
AllenCCF-Annotation-2020-540,AllenCCF-Ontology-2017-315,AllenCCF-Ontology-2017-DIVI,530,221266,0.22126600000000005,#70FF71,112,255,113,Isocortex,Isocortex,division,2,1,AllenCCF-Ontology-2017-8
AllenCCF-Annotation-2020-540,AllenCCF-Ontology-2017-922,AllenCCF-Ontology-2017-STRU,530,221266,0.22126600000000005,#0E9684,14,150,132,Perirhinal area,PERI,structure,3,42,AllenCCF-Ontology-2017-315
AllenCCF-Annotation-2020-540,AllenCCF-Ontology-2017-540,AllenCCF-Ontology-2017-SUBS,530,221266,0.22126600000000005,#0E9684,14,150,132,"Perirhinal area, layer 1",PERI1,substructure,4,241,AllenCCF-Ontology-2017-922
AllenCCF-Annotation-2020-888,AllenCCF-Ontology-2017-997,AllenCCF-Ontology-2017-ORGA,878,333110,0.3331100000000001,#FFFFFF,255,255,255,brain,brain,organ,0,0,
AllenCCF-Annotation-2020-888,AllenCCF-Ontology-2017-8,AllenCCF-Ontology-2017-CATE,878,333110,0.3331100000000001,#BFDAE3,191,218,227,Basic cell groups and regions,grey,category,1,1,AllenCCF-Ontology-2017-997
AllenCCF-Annotation-2020-888,AllenCCF-Ontology-2017-315,AllenCCF-Ontology-2017-DIVI,878,333110,0.3331100000000001,#70FF71,112,255,113,Isocortex,Isocortex,division,2,1,AllenCCF-Ontology-2017-8
AllenCCF-Annotation-2020-888,AllenCCF-Ontology-2017-922,AllenCCF-Ontology-2017-STRU,878,333110,0.3331100000000001,#0E9684,14,150,132,Perirhinal area,PERI,structure,3,42,AllenCCF-Ontology-2017-315
AllenCCF-Annotation-2020-888,AllenCCF-Ontology-2017-888,AllenCCF-Ontology-2017-SUBS,878,333110,0.3331100000000001,#0E9684,14,150,132,"Perirhinal area, layer 2/3",PERI2/3,substructure,4,242,AllenCCF-Ontology-2017-922
AllenCCF-Annotation-2020-692,AllenCCF-Ontology-2017-997,AllenCCF-Ontology-2017-ORGA,682,168374,0.16837400000000002,#FFFFFF,255,255,255,brain,brain,organ,0,0,
AllenCCF-Annotation-2020-692,AllenCCF-Ontology-2017-8,AllenCCF-Ontology-2017-CATE,682,168374,0.16837400000000002,#BFDAE3,191,218,227,Basic cell groups and regions,grey,category,1,1,AllenCCF-Ontology-2017-997
AllenCCF-Annotation-2020-692,AllenCCF-Ontology-2017-315,AllenCCF-Ontology-2017-DIVI,682,168374,0.16837400000000002,#70FF71,112,255,113,Isocortex,Isocortex,division,2,1,AllenCCF-Ontology-2017-8
AllenCCF-Annotation-2020-692,AllenCCF-Ontology-2017-922,AllenCCF-Ontology-2017-STRU,682,168374,0.16837400000000002,#0E9684,14,150,132,Perirhinal area,PERI,structure,3,42,AllenCCF-Ontology-2017-315
AllenCCF-Annotation-2020-692,AllenCCF-Ontology-2017-692,AllenCCF-Ontology-2017-SUBS,682,168374,0.16837400000000002,#0E9684,14,150,132,"Perirhinal area, layer 5",PERI5,substructure,4,243,AllenCCF-Ontology-2017-922
AllenCCF-Annotation-2020-335,AllenCCF-Ontology-2017-997,AllenCCF-Ontology-2017-ORGA,325,53894,0.05389400000000001,#FFFFFF,255,255,255,brain,brain,organ,0,0,
AllenCCF-Annotation-2020-335,AllenCCF-Ontology-2017-8,AllenCCF-Ontology-2017-CATE,325,53894,0.05389400000000001,#BFDAE3,191,218,227,Basic cell groups and regions,grey,category,1,1,AllenCCF-Ontology-2017-997
AllenCCF-Annotation-2020-335,AllenCCF-Ontology-2017-315,AllenCCF-Ontology-2017-DIVI,325,53894,0.05389400000000001,#70FF71,112,255,113,Isocortex,Isocortex,division,2,1,AllenCCF-Ontology-2017-8
AllenCCF-Annotation-2020-335,AllenCCF-Ontology-2017-922,AllenCCF-Ontology-2017-STRU,325,53894,0.05389400000000001,#0E9684,14,150,132,Perirhinal area,PERI,structure,3,42,AllenCCF-Ontology-2017-315
AllenCCF-Annotation-2020-335,AllenCCF-Ontology-2017-335,AllenCCF-Ontology-2017-SUBS,325,53894,0.05389400000000001,#0E9684,14,150,132,"Perirhinal area, layer 6a",PERI6a,substructure,4,244,AllenCCF-Ontology-2017-922
AllenCCF-Annotation-2020-368,AllenCCF-Ontology-2017-997,AllenCCF-Ontology-2017-ORGA,358,13148,0.013148000000000002,#FFFFFF,255,255,255,brain,brain,organ,0,0,
AllenCCF-Annotation-2020-368,AllenCCF-Ontology-2017-8,AllenCCF-Ontology-2017-CATE,358,13148,0.013148000000000002,#BFDAE3,191,218,227,Basic cell groups and regions,grey,category,1,1,AllenCCF-Ontology-2017-997
AllenCCF-Annotation-2020-368,AllenCCF-Ontology-2017-315,AllenCCF-Ontology-2017-DIVI,358,13148,0.013148000000000002,#70FF71,112,255,113,Isocortex,Isocortex,division,2,1,AllenCCF-Ontology-2017-8
AllenCCF-Annotation-2020-368,AllenCCF-Ontology-2017-922,AllenCCF-Ontology-2017-STRU,358,13148,0.013148000000000002,#0E9684,14,150,132,Perirhinal area,PERI,structure,3,42,AllenCCF-Ontology-2017-315
AllenCCF-Annotation-2020-368,AllenCCF-Ontology-2017-368,AllenCCF-Ontology-2017-SUBS,358,13148,0.013148000000000002,#0E9684,14,150,132,"Perirhinal area, layer 6b",PERI6b,substructure,4,245,AllenCCF-Ontology-2017-922
AllenCCF-Annotation-2020-836,AllenCCF-Ontology-2017-997,AllenCCF-Ontology-2017-ORGA,826,258520,0.25852,#FFFFFF,255,255,255,brain,brain,organ,0,0,
AllenCCF-Annotation-2020-836,AllenCCF-Ontology-2017-8,AllenCCF-Ontology-2017-CATE,826,258520,0.25852,#BFDAE3,191,218,227,Basic cell groups and regions,grey,category,1,1,AllenCCF-Ontology-2017-997
AllenCCF-Annotation-2020-836,AllenCCF-Ontology-2017-315,AllenCCF-Ontology-2017-DIVI,826,258520,0.25852,#70FF71,112,255,113,Isocortex,Isocortex,division,2,1,AllenCCF-Ontology-2017-8
AllenCCF-Annotation-2020-836,AllenCCF-Ontology-2017-895,AllenCCF-Ontology-2017-STRU,826,258520,0.25852,#0D9F91,13,159,145,Ectorhinal area,ECT,structure,3,43,AllenCCF-Ontology-2017-315
AllenCCF-Annotation-2020-836,AllenCCF-Ontology-2017-836,AllenCCF-Ontology-2017-SUBS,826,258520,0.25852,#0D9F91,13,159,145,Ectorhinal area/Layer 1,ECT1,substructure,4,246,AllenCCF-Ontology-2017-895
AllenCCF-Annotation-2020-427,AllenCCF-Ontology-2017-997,AllenCCF-Ontology-2017-ORGA,417,476150,0.4761500000000001,#FFFFFF,255,255,255,brain,brain,organ,0,0,
AllenCCF-Annotation-2020-427,AllenCCF-Ontology-2017-8,AllenCCF-Ontology-2017-CATE,417,476150,0.4761500000000001,#BFDAE3,191,218,227,Basic cell groups and regions,grey,category,1,1,AllenCCF-Ontology-2017-997
AllenCCF-Annotation-2020-427,AllenCCF-Ontology-2017-315,AllenCCF-Ontology-2017-DIVI,417,476150,0.4761500000000001,#70FF71,112,255,113,Isocortex,Isocortex,division,2,1,AllenCCF-Ontology-2017-8
AllenCCF-Annotation-2020-427,AllenCCF-Ontology-2017-895,AllenCCF-Ontology-2017-STRU,417,476150,0.4761500000000001,#0D9F91,13,159,145,Ectorhinal area,ECT,structure,3,43,AllenCCF-Ontology-2017-315
AllenCCF-Annotation-2020-427,AllenCCF-Ontology-2017-427,AllenCCF-Ontology-2017-SUBS,417,476150,0.4761500000000001,#0D9F91,13,159,145,Ectorhinal area/Layer 2/3,ECT2/3,substructure,4,247,AllenCCF-Ontology-2017-895
AllenCCF-Annotation-2020-988,AllenCCF-Ontology-2017-997,AllenCCF-Ontology-2017-ORGA,978,529802,0.5298020000000001,#FFFFFF,255,255,255,brain,brain,organ,0,0,
AllenCCF-Annotation-2020-988,AllenCCF-Ontology-2017-8,AllenCCF-Ontology-2017-CATE,978,529802,0.5298020000000001,#BFDAE3,191,218,227,Basic cell groups and regions,grey,category,1,1,AllenCCF-Ontology-2017-997
AllenCCF-Annotation-2020-988,AllenCCF-Ontology-2017-315,AllenCCF-Ontology-2017-DIVI,978,529802,0.5298020000000001,#70FF71,112,255,113,Isocortex,Isocortex,division,2,1,AllenCCF-Ontology-2017-8
AllenCCF-Annotation-2020-988,AllenCCF-Ontology-2017-895,AllenCCF-Ontology-2017-STRU,978,529802,0.5298020000000001,#0D9F91,13,159,145,Ectorhinal area,ECT,structure,3,43,AllenCCF-Ontology-2017-315
AllenCCF-Annotation-2020-988,AllenCCF-Ontology-2017-988,AllenCCF-Ontology-2017-SUBS,978,529802,0.5298020000000001,#0D9F91,13,159,145,Ectorhinal area/Layer 5,ECT5,substructure,4,248,AllenCCF-Ontology-2017-895
AllenCCF-Annotation-2020-977,AllenCCF-Ontology-2017-997,AllenCCF-Ontology-2017-ORGA,967,388414,0.38841400000000004,#FFFFFF,255,255,255,brain,brain,organ,0,0,
AllenCCF-Annotation-2020-977,AllenCCF-Ontology-2017-8,AllenCCF-Ontology-2017-CATE,967,388414,0.38841400000000004,#BFDAE3,191,218,227,Basic cell groups and regions,grey,category,1,1,AllenCCF-Ontology-2017-997
AllenCCF-Annotation-2020-977,AllenCCF-Ontology-2017-315,AllenCCF-Ontology-2017-DIVI,967,388414,0.38841400000000004,#70FF71,112,255,113,Isocortex,Isocortex,division,2,1,AllenCCF-Ontology-2017-8
AllenCCF-Annotation-2020-977,AllenCCF-Ontology-2017-895,AllenCCF-Ontology-2017-STRU,967,388414,0.38841400000000004,#0D9F91,13,159,145,Ectorhinal area,ECT,structure,3,43,AllenCCF-Ontology-2017-315
AllenCCF-Annotation-2020-977,AllenCCF-Ontology-2017-977,AllenCCF-Ontology-2017-SUBS,967,388414,0.38841400000000004,#0D9F91,13,159,145,Ectorhinal area/Layer 6a,ECT6a,substructure,4,249,AllenCCF-Ontology-2017-895
AllenCCF-Annotation-2020-1045,AllenCCF-Ontology-2017-997,AllenCCF-Ontology-2017-ORGA,1034,59352,0.05935200000000001,#FFFFFF,255,255,255,brain,brain,organ,0,0,
AllenCCF-Annotation-2020-1045,AllenCCF-Ontology-2017-8,AllenCCF-Ontology-2017-CATE,1034,59352,0.05935200000000001,#BFDAE3,191,218,227,Basic cell groups and regions,grey,category,1,1,AllenCCF-Ontology-2017-997
AllenCCF-Annotation-2020-1045,AllenCCF-Ontology-2017-315,AllenCCF-Ontology-2017-DIVI,1034,59352,0.05935200000000001,#70FF71,112,255,113,Isocortex,Isocortex,division,2,1,AllenCCF-Ontology-2017-8
AllenCCF-Annotation-2020-1045,AllenCCF-Ontology-2017-895,AllenCCF-Ontology-2017-STRU,1034,59352,0.05935200000000001,#0D9F91,13,159,145,Ectorhinal area,ECT,structure,3,43,AllenCCF-Ontology-2017-315
AllenCCF-Annotation-2020-1045,AllenCCF-Ontology-2017-1045,AllenCCF-Ontology-2017-SUBS,1034,59352,0.05935200000000001,#0D9F91,13,159,145,Ectorhinal area/Layer 6b,ECT6b,substructure,4,250,AllenCCF-Ontology-2017-895
AllenCCF-Annotation-2020-698,AllenCCF-Ontology-2017-997,AllenCCF-Ontology-2017-ORGA,688,5018622,5.018622000000001,#FFFFFF,255,255,255,brain,brain,organ,0,0,
AllenCCF-Annotation-2020-698,AllenCCF-Ontology-2017-8,AllenCCF-Ontology-2017-CATE,688,5018622,5.018622000000001,#BFDAE3,191,218,227,Basic cell groups and regions,grey,category,1,1,AllenCCF-Ontology-2017-997
AllenCCF-Annotation-2020-698,AllenCCF-Ontology-2017-698,AllenCCF-Ontology-2017-DIVI,688,5018622,5.018622000000001,#9AD2BD,154,210,189,Olfactory areas,OLF,division,2,2,AllenCCF-Ontology-2017-8
AllenCCF-Annotation-2020-507,AllenCCF-Ontology-2017-997,AllenCCF-Ontology-2017-ORGA,497,4298904,4.298904,#FFFFFF,255,255,255,brain,brain,organ,0,0,
AllenCCF-Annotation-2020-507,AllenCCF-Ontology-2017-8,AllenCCF-Ontology-2017-CATE,497,4298904,4.298904,#BFDAE3,191,218,227,Basic cell groups and regions,grey,category,1,1,AllenCCF-Ontology-2017-997
AllenCCF-Annotation-2020-507,AllenCCF-Ontology-2017-698,AllenCCF-Ontology-2017-DIVI,497,4298904,4.298904,#9AD2BD,154,210,189,Olfactory areas,OLF,division,2,2,AllenCCF-Ontology-2017-8
AllenCCF-Annotation-2020-507,AllenCCF-Ontology-2017-507,AllenCCF-Ontology-2017-STRU,497,4298904,4.298904,#9AD2BD,154,210,189,Main olfactory bulb,MOB,structure,3,45,AllenCCF-Ontology-2017-698
AllenCCF-Annotation-2020-220,AllenCCF-Ontology-2017-997,AllenCCF-Ontology-2017-ORGA,213,5183936,5.183936000000001,#FFFFFF,255,255,255,brain,brain,organ,0,0,
AllenCCF-Annotation-2020-220,AllenCCF-Ontology-2017-8,AllenCCF-Ontology-2017-CATE,213,5183936,5.183936000000001,#BFDAE3,191,218,227,Basic cell groups and regions,grey,category,1,1,AllenCCF-Ontology-2017-997
AllenCCF-Annotation-2020-220,AllenCCF-Ontology-2017-698,AllenCCF-Ontology-2017-DIVI,213,5183936,5.183936000000001,#9AD2BD,154,210,189,Olfactory areas,OLF,division,2,2,AllenCCF-Ontology-2017-8
AllenCCF-Annotation-2020-220,AllenCCF-Ontology-2017-507,AllenCCF-Ontology-2017-STRU,213,5183936,5.183936000000001,#9AD2BD,154,210,189,Main olfactory bulb,MOB,structure,3,45,AllenCCF-Ontology-2017-698
AllenCCF-Annotation-2020-220,AllenCCF-Ontology-2017-220,AllenCCF-Ontology-2017-SUBS,213,5183936,5.183936000000001,#82C7AE,130,199,174,"Main olfactory bulb, granule layer",MOBgr,substructure,4,254,AllenCCF-Ontology-2017-507
AllenCCF-Annotation-2020-228,AllenCCF-Ontology-2017-997,AllenCCF-Ontology-2017-ORGA,221,1036894,1.0368940000000002,#FFFFFF,255,255,255,brain,brain,organ,0,0,
AllenCCF-Annotation-2020-228,AllenCCF-Ontology-2017-8,AllenCCF-Ontology-2017-CATE,221,1036894,1.0368940000000002,#BFDAE3,191,218,227,Basic cell groups and regions,grey,category,1,1,AllenCCF-Ontology-2017-997
AllenCCF-Annotation-2020-228,AllenCCF-Ontology-2017-698,AllenCCF-Ontology-2017-DIVI,221,1036894,1.0368940000000002,#9AD2BD,154,210,189,Olfactory areas,OLF,division,2,2,AllenCCF-Ontology-2017-8
AllenCCF-Annotation-2020-228,AllenCCF-Ontology-2017-507,AllenCCF-Ontology-2017-STRU,221,1036894,1.0368940000000002,#9AD2BD,154,210,189,Main olfactory bulb,MOB,structure,3,45,AllenCCF-Ontology-2017-698
AllenCCF-Annotation-2020-228,AllenCCF-Ontology-2017-228,AllenCCF-Ontology-2017-SUBS,221,1036894,1.0368940000000002,#9AD2BD,154,210,189,"Main olfactory bulb, inner plexiform layer",MOBipl,substructure,4,255,AllenCCF-Ontology-2017-507
AllenCCF-Annotation-2020-236,AllenCCF-Ontology-2017-997,AllenCCF-Ontology-2017-ORGA,229,1071622,1.071622,#FFFFFF,255,255,255,brain,brain,organ,0,0,
AllenCCF-Annotation-2020-236,AllenCCF-Ontology-2017-8,AllenCCF-Ontology-2017-CATE,229,1071622,1.071622,#BFDAE3,191,218,227,Basic cell groups and regions,grey,category,1,1,AllenCCF-Ontology-2017-997
AllenCCF-Annotation-2020-236,AllenCCF-Ontology-2017-698,AllenCCF-Ontology-2017-DIVI,229,1071622,1.071622,#9AD2BD,154,210,189,Olfactory areas,OLF,division,2,2,AllenCCF-Ontology-2017-8
AllenCCF-Annotation-2020-236,AllenCCF-Ontology-2017-507,AllenCCF-Ontology-2017-STRU,229,1071622,1.071622,#9AD2BD,154,210,189,Main olfactory bulb,MOB,structure,3,45,AllenCCF-Ontology-2017-698
AllenCCF-Annotation-2020-236,AllenCCF-Ontology-2017-236,AllenCCF-Ontology-2017-SUBS,229,1071622,1.071622,#82C7AE,130,199,174,"Main olfactory bulb, mitral layer",MOBmi,substructure,4,256,AllenCCF-Ontology-2017-507
AllenCCF-Annotation-2020-244,AllenCCF-Ontology-2017-997,AllenCCF-Ontology-2017-ORGA,237,5043568,5.0435680000000005,#FFFFFF,255,255,255,brain,brain,organ,0,0,
AllenCCF-Annotation-2020-244,AllenCCF-Ontology-2017-8,AllenCCF-Ontology-2017-CATE,237,5043568,5.0435680000000005,#BFDAE3,191,218,227,Basic cell groups and regions,grey,category,1,1,AllenCCF-Ontology-2017-997
AllenCCF-Annotation-2020-244,AllenCCF-Ontology-2017-698,AllenCCF-Ontology-2017-DIVI,237,5043568,5.0435680000000005,#9AD2BD,154,210,189,Olfactory areas,OLF,division,2,2,AllenCCF-Ontology-2017-8
AllenCCF-Annotation-2020-244,AllenCCF-Ontology-2017-507,AllenCCF-Ontology-2017-STRU,237,5043568,5.0435680000000005,#9AD2BD,154,210,189,Main olfactory bulb,MOB,structure,3,45,AllenCCF-Ontology-2017-698
AllenCCF-Annotation-2020-244,AllenCCF-Ontology-2017-244,AllenCCF-Ontology-2017-SUBS,237,5043568,5.0435680000000005,#9AD2BD,154,210,189,"Main olfactory bulb, outer plexiform layer",MOBopl,substructure,4,257,AllenCCF-Ontology-2017-507
AllenCCF-Annotation-2020-188,AllenCCF-Ontology-2017-997,AllenCCF-Ontology-2017-ORGA,181,154454,0.15445400000000004,#FFFFFF,255,255,255,brain,brain,organ,0,0,
AllenCCF-Annotation-2020-188,AllenCCF-Ontology-2017-8,AllenCCF-Ontology-2017-CATE,181,154454,0.15445400000000004,#BFDAE3,191,218,227,Basic cell groups and regions,grey,category,1,1,AllenCCF-Ontology-2017-997
AllenCCF-Annotation-2020-188,AllenCCF-Ontology-2017-698,AllenCCF-Ontology-2017-DIVI,181,154454,0.15445400000000004,#9AD2BD,154,210,189,Olfactory areas,OLF,division,2,2,AllenCCF-Ontology-2017-8
AllenCCF-Annotation-2020-188,AllenCCF-Ontology-2017-151,AllenCCF-Ontology-2017-STRU,181,154454,0.15445400000000004,#9DF0D2,157,240,210,Accessory olfactory bulb,AOB,structure,3,46,AllenCCF-Ontology-2017-698
AllenCCF-Annotation-2020-188,AllenCCF-Ontology-2017-188,AllenCCF-Ontology-2017-SUBS,181,154454,0.15445400000000004,#9DF0D2,157,240,210,"Accessory olfactory bulb, glomerular layer",AOBgl,substructure,4,258,AllenCCF-Ontology-2017-151
AllenCCF-Annotation-2020-196,AllenCCF-Ontology-2017-997,AllenCCF-Ontology-2017-ORGA,189,157300,0.15730000000000002,#FFFFFF,255,255,255,brain,brain,organ,0,0,
AllenCCF-Annotation-2020-196,AllenCCF-Ontology-2017-8,AllenCCF-Ontology-2017-CATE,189,157300,0.15730000000000002,#BFDAE3,191,218,227,Basic cell groups and regions,grey,category,1,1,AllenCCF-Ontology-2017-997
AllenCCF-Annotation-2020-196,AllenCCF-Ontology-2017-698,AllenCCF-Ontology-2017-DIVI,189,157300,0.15730000000000002,#9AD2BD,154,210,189,Olfactory areas,OLF,division,2,2,AllenCCF-Ontology-2017-8
AllenCCF-Annotation-2020-196,AllenCCF-Ontology-2017-151,AllenCCF-Ontology-2017-STRU,189,157300,0.15730000000000002,#9DF0D2,157,240,210,Accessory olfactory bulb,AOB,structure,3,46,AllenCCF-Ontology-2017-698
AllenCCF-Annotation-2020-196,AllenCCF-Ontology-2017-196,AllenCCF-Ontology-2017-SUBS,189,157300,0.15730000000000002,#95E4C8,149,228,200,"Accessory olfactory bulb, granular layer",AOBgr,substructure,4,259,AllenCCF-Ontology-2017-151
AllenCCF-Annotation-2020-204,AllenCCF-Ontology-2017-997,AllenCCF-Ontology-2017-ORGA,197,276742,0.27674200000000004,#FFFFFF,255,255,255,brain,brain,organ,0,0,
AllenCCF-Annotation-2020-204,AllenCCF-Ontology-2017-8,AllenCCF-Ontology-2017-CATE,197,276742,0.27674200000000004,#BFDAE3,191,218,227,Basic cell groups and regions,grey,category,1,1,AllenCCF-Ontology-2017-997
AllenCCF-Annotation-2020-204,AllenCCF-Ontology-2017-698,AllenCCF-Ontology-2017-DIVI,197,276742,0.27674200000000004,#9AD2BD,154,210,189,Olfactory areas,OLF,division,2,2,AllenCCF-Ontology-2017-8
AllenCCF-Annotation-2020-204,AllenCCF-Ontology-2017-151,AllenCCF-Ontology-2017-STRU,197,276742,0.27674200000000004,#9DF0D2,157,240,210,Accessory olfactory bulb,AOB,structure,3,46,AllenCCF-Ontology-2017-698
AllenCCF-Annotation-2020-204,AllenCCF-Ontology-2017-204,AllenCCF-Ontology-2017-SUBS,197,276742,0.27674200000000004,#9DF0D2,157,240,210,"Accessory olfactory bulb, mitral layer",AOBmi,substructure,4,260,AllenCCF-Ontology-2017-151
AllenCCF-Annotation-2020-159,AllenCCF-Ontology-2017-997,AllenCCF-Ontology-2017-ORGA,154,4863404,4.863404000000001,#FFFFFF,255,255,255,brain,brain,organ,0,0,
AllenCCF-Annotation-2020-159,AllenCCF-Ontology-2017-8,AllenCCF-Ontology-2017-CATE,154,4863404,4.863404000000001,#BFDAE3,191,218,227,Basic cell groups and regions,grey,category,1,1,AllenCCF-Ontology-2017-997
AllenCCF-Annotation-2020-159,AllenCCF-Ontology-2017-698,AllenCCF-Ontology-2017-DIVI,154,4863404,4.863404000000001,#9AD2BD,154,210,189,Olfactory areas,OLF,division,2,2,AllenCCF-Ontology-2017-8
AllenCCF-Annotation-2020-159,AllenCCF-Ontology-2017-159,AllenCCF-Ontology-2017-STRU,154,4863404,4.863404000000001,#54BF94,84,191,148,Anterior olfactory nucleus,AON,structure,3,47,AllenCCF-Ontology-2017-698
AllenCCF-Annotation-2020-597,AllenCCF-Ontology-2017-997,AllenCCF-Ontology-2017-ORGA,587,723370,0.7233700000000001,#FFFFFF,255,255,255,brain,brain,organ,0,0,
AllenCCF-Annotation-2020-597,AllenCCF-Ontology-2017-8,AllenCCF-Ontology-2017-CATE,587,723370,0.7233700000000001,#BFDAE3,191,218,227,Basic cell groups and regions,grey,category,1,1,AllenCCF-Ontology-2017-997
AllenCCF-Annotation-2020-597,AllenCCF-Ontology-2017-698,AllenCCF-Ontology-2017-DIVI,587,723370,0.7233700000000001,#9AD2BD,154,210,189,Olfactory areas,OLF,division,2,2,AllenCCF-Ontology-2017-8
AllenCCF-Annotation-2020-597,AllenCCF-Ontology-2017-589,AllenCCF-Ontology-2017-STRU,587,723370,0.7233700000000001,#62D09F,98,208,159,Taenia tecta,TT,structure,3,48,AllenCCF-Ontology-2017-698
AllenCCF-Annotation-2020-597,AllenCCF-Ontology-2017-597,AllenCCF-Ontology-2017-SUBS,587,723370,0.7233700000000001,#62D09F,98,208,159,"Taenia tecta, dorsal part",TTd,substructure,4,269,AllenCCF-Ontology-2017-589
AllenCCF-Annotation-2020-605,AllenCCF-Ontology-2017-997,AllenCCF-Ontology-2017-ORGA,595,717494,0.7174940000000001,#FFFFFF,255,255,255,brain,brain,organ,0,0,
AllenCCF-Annotation-2020-605,AllenCCF-Ontology-2017-8,AllenCCF-Ontology-2017-CATE,595,717494,0.7174940000000001,#BFDAE3,191,218,227,Basic cell groups and regions,grey,category,1,1,AllenCCF-Ontology-2017-997
AllenCCF-Annotation-2020-605,AllenCCF-Ontology-2017-698,AllenCCF-Ontology-2017-DIVI,595,717494,0.7174940000000001,#9AD2BD,154,210,189,Olfactory areas,OLF,division,2,2,AllenCCF-Ontology-2017-8
AllenCCF-Annotation-2020-605,AllenCCF-Ontology-2017-589,AllenCCF-Ontology-2017-STRU,595,717494,0.7174940000000001,#62D09F,98,208,159,Taenia tecta,TT,structure,3,48,AllenCCF-Ontology-2017-698
AllenCCF-Annotation-2020-605,AllenCCF-Ontology-2017-605,AllenCCF-Ontology-2017-SUBS,595,717494,0.7174940000000001,#62D09F,98,208,159,"Taenia tecta, ventral part",TTv,substructure,4,270,AllenCCF-Ontology-2017-589
AllenCCF-Annotation-2020-814,AllenCCF-Ontology-2017-997,AllenCCF-Ontology-2017-ORGA,804,504720,0.5047200000000001,#FFFFFF,255,255,255,brain,brain,organ,0,0,
AllenCCF-Annotation-2020-814,AllenCCF-Ontology-2017-8,AllenCCF-Ontology-2017-CATE,804,504720,0.5047200000000001,#BFDAE3,191,218,227,Basic cell groups and regions,grey,category,1,1,AllenCCF-Ontology-2017-997
AllenCCF-Annotation-2020-814,AllenCCF-Ontology-2017-698,AllenCCF-Ontology-2017-DIVI,804,504720,0.5047200000000001,#9AD2BD,154,210,189,Olfactory areas,OLF,division,2,2,AllenCCF-Ontology-2017-8
AllenCCF-Annotation-2020-814,AllenCCF-Ontology-2017-814,AllenCCF-Ontology-2017-STRU,804,504720,0.5047200000000001,#A4DAA4,164,218,164,Dorsal peduncular area,DP,structure,3,49,AllenCCF-Ontology-2017-698
AllenCCF-Annotation-2020-961,AllenCCF-Ontology-2017-997,AllenCCF-Ontology-2017-ORGA,951,11566814,11.566814000000003,#FFFFFF,255,255,255,brain,brain,organ,0,0,
AllenCCF-Annotation-2020-961,AllenCCF-Ontology-2017-8,AllenCCF-Ontology-2017-CATE,951,11566814,11.566814000000003,#BFDAE3,191,218,227,Basic cell groups and regions,grey,category,1,1,AllenCCF-Ontology-2017-997
AllenCCF-Annotation-2020-961,AllenCCF-Ontology-2017-698,AllenCCF-Ontology-2017-DIVI,951,11566814,11.566814000000003,#9AD2BD,154,210,189,Olfactory areas,OLF,division,2,2,AllenCCF-Ontology-2017-8
AllenCCF-Annotation-2020-961,AllenCCF-Ontology-2017-961,AllenCCF-Ontology-2017-STRU,951,11566814,11.566814000000003,#6ACBBA,106,203,186,Piriform area,PIR,structure,3,50,AllenCCF-Ontology-2017-698
AllenCCF-Annotation-2020-260,AllenCCF-Ontology-2017-997,AllenCCF-Ontology-2017-ORGA,253,111502,0.11150200000000002,#FFFFFF,255,255,255,brain,brain,organ,0,0,
AllenCCF-Annotation-2020-260,AllenCCF-Ontology-2017-8,AllenCCF-Ontology-2017-CATE,253,111502,0.11150200000000002,#BFDAE3,191,218,227,Basic cell groups and regions,grey,category,1,1,AllenCCF-Ontology-2017-997
AllenCCF-Annotation-2020-260,AllenCCF-Ontology-2017-698,AllenCCF-Ontology-2017-DIVI,253,111502,0.11150200000000002,#9AD2BD,154,210,189,Olfactory areas,OLF,division,2,2,AllenCCF-Ontology-2017-8
AllenCCF-Annotation-2020-260,AllenCCF-Ontology-2017-619,AllenCCF-Ontology-2017-STRU,253,111502,0.11150200000000002,#95E4C8,149,228,200,Nucleus of the lateral olfactory tract,NLOT,structure,3,51,AllenCCF-Ontology-2017-698
AllenCCF-Annotation-2020-260,AllenCCF-Ontology-2017-260,AllenCCF-Ontology-2017-SUBS,253,111502,0.11150200000000002,#95E4C8,149,228,200,"Nucleus of the lateral olfactory tract, molecular layer",NLOT1,substructure,4,283,AllenCCF-Ontology-2017-619
AllenCCF-Annotation-2020-268,AllenCCF-Ontology-2017-997,AllenCCF-Ontology-2017-ORGA,260,149582,0.14958200000000002,#FFFFFF,255,255,255,brain,brain,organ,0,0,
AllenCCF-Annotation-2020-268,AllenCCF-Ontology-2017-8,AllenCCF-Ontology-2017-CATE,260,149582,0.14958200000000002,#BFDAE3,191,218,227,Basic cell groups and regions,grey,category,1,1,AllenCCF-Ontology-2017-997
AllenCCF-Annotation-2020-268,AllenCCF-Ontology-2017-698,AllenCCF-Ontology-2017-DIVI,260,149582,0.14958200000000002,#9AD2BD,154,210,189,Olfactory areas,OLF,division,2,2,AllenCCF-Ontology-2017-8
AllenCCF-Annotation-2020-268,AllenCCF-Ontology-2017-619,AllenCCF-Ontology-2017-STRU,260,149582,0.14958200000000002,#95E4C8,149,228,200,Nucleus of the lateral olfactory tract,NLOT,structure,3,51,AllenCCF-Ontology-2017-698
AllenCCF-Annotation-2020-268,AllenCCF-Ontology-2017-268,AllenCCF-Ontology-2017-SUBS,260,149582,0.14958200000000002,#95E4C8,149,228,200,"Nucleus of the lateral olfactory tract, pyramidal layer",NLOT2,substructure,4,284,AllenCCF-Ontology-2017-619
AllenCCF-Annotation-2020-1139,AllenCCF-Ontology-2017-997,AllenCCF-Ontology-2017-ORGA,1120,58396,0.05839600000000001,#FFFFFF,255,255,255,brain,brain,organ,0,0,
AllenCCF-Annotation-2020-1139,AllenCCF-Ontology-2017-8,AllenCCF-Ontology-2017-CATE,1120,58396,0.05839600000000001,#BFDAE3,191,218,227,Basic cell groups and regions,grey,category,1,1,AllenCCF-Ontology-2017-997
AllenCCF-Annotation-2020-1139,AllenCCF-Ontology-2017-698,AllenCCF-Ontology-2017-DIVI,1120,58396,0.05839600000000001,#9AD2BD,154,210,189,Olfactory areas,OLF,division,2,2,AllenCCF-Ontology-2017-8
AllenCCF-Annotation-2020-1139,AllenCCF-Ontology-2017-619,AllenCCF-Ontology-2017-STRU,1120,58396,0.05839600000000001,#95E4C8,149,228,200,Nucleus of the lateral olfactory tract,NLOT,structure,3,51,AllenCCF-Ontology-2017-698
AllenCCF-Annotation-2020-1139,AllenCCF-Ontology-2017-1139,AllenCCF-Ontology-2017-SUBS,1120,58396,0.05839600000000001,#95E4C8,149,228,200,"Nucleus of the lateral olfactory tract, layer 3",NLOT3,substructure,4,285,AllenCCF-Ontology-2017-619
AllenCCF-Annotation-2020-639,AllenCCF-Ontology-2017-997,AllenCCF-Ontology-2017-ORGA,629,767476,0.7674760000000002,#FFFFFF,255,255,255,brain,brain,organ,0,0,
AllenCCF-Annotation-2020-639,AllenCCF-Ontology-2017-8,AllenCCF-Ontology-2017-CATE,629,767476,0.7674760000000002,#BFDAE3,191,218,227,Basic cell groups and regions,grey,category,1,1,AllenCCF-Ontology-2017-997
AllenCCF-Annotation-2020-639,AllenCCF-Ontology-2017-698,AllenCCF-Ontology-2017-DIVI,629,767476,0.7674760000000002,#9AD2BD,154,210,189,Olfactory areas,OLF,division,2,2,AllenCCF-Ontology-2017-8
AllenCCF-Annotation-2020-639,AllenCCF-Ontology-2017-639,AllenCCF-Ontology-2017-STRU,629,767476,0.7674760000000002,#61E7B7,97,231,183,"Cortical amygdalar area, anterior part",COAa,structure,3,52,AllenCCF-Ontology-2017-698
AllenCCF-Annotation-2020-655,AllenCCF-Ontology-2017-997,AllenCCF-Ontology-2017-ORGA,645,1202336,1.2023360000000003,#FFFFFF,255,255,255,brain,brain,organ,0,0,
AllenCCF-Annotation-2020-655,AllenCCF-Ontology-2017-8,AllenCCF-Ontology-2017-CATE,645,1202336,1.2023360000000003,#BFDAE3,191,218,227,Basic cell groups and regions,grey,category,1,1,AllenCCF-Ontology-2017-997
AllenCCF-Annotation-2020-655,AllenCCF-Ontology-2017-698,AllenCCF-Ontology-2017-DIVI,645,1202336,1.2023360000000003,#9AD2BD,154,210,189,Olfactory areas,OLF,division,2,2,AllenCCF-Ontology-2017-8
AllenCCF-Annotation-2020-655,AllenCCF-Ontology-2017-647,AllenCCF-Ontology-2017-STRU,645,1202336,1.2023360000000003,#61E7B7,97,231,183,"Cortical amygdalar area, posterior part",COAp,structure,3,53,AllenCCF-Ontology-2017-698
AllenCCF-Annotation-2020-655,AllenCCF-Ontology-2017-655,AllenCCF-Ontology-2017-SUBS,645,1202336,1.2023360000000003,#61E7B7,97,231,183,"Cortical amygdalar area, posterior part, lateral zone",COApl,substructure,4,290,AllenCCF-Ontology-2017-647
AllenCCF-Annotation-2020-663,AllenCCF-Ontology-2017-997,AllenCCF-Ontology-2017-ORGA,653,1295340,1.2953400000000002,#FFFFFF,255,255,255,brain,brain,organ,0,0,
AllenCCF-Annotation-2020-663,AllenCCF-Ontology-2017-8,AllenCCF-Ontology-2017-CATE,653,1295340,1.2953400000000002,#BFDAE3,191,218,227,Basic cell groups and regions,grey,category,1,1,AllenCCF-Ontology-2017-997
AllenCCF-Annotation-2020-663,AllenCCF-Ontology-2017-698,AllenCCF-Ontology-2017-DIVI,653,1295340,1.2953400000000002,#9AD2BD,154,210,189,Olfactory areas,OLF,division,2,2,AllenCCF-Ontology-2017-8
AllenCCF-Annotation-2020-663,AllenCCF-Ontology-2017-647,AllenCCF-Ontology-2017-STRU,653,1295340,1.2953400000000002,#61E7B7,97,231,183,"Cortical amygdalar area, posterior part",COAp,structure,3,53,AllenCCF-Ontology-2017-698
AllenCCF-Annotation-2020-663,AllenCCF-Ontology-2017-663,AllenCCF-Ontology-2017-SUBS,653,1295340,1.2953400000000002,#61E7B7,97,231,183,"Cortical amygdalar area, posterior part, medial zone",COApm,substructure,4,291,AllenCCF-Ontology-2017-647
AllenCCF-Annotation-2020-788,AllenCCF-Ontology-2017-997,AllenCCF-Ontology-2017-ORGA,778,1191612,1.1916120000000001,#FFFFFF,255,255,255,brain,brain,organ,0,0,
AllenCCF-Annotation-2020-788,AllenCCF-Ontology-2017-8,AllenCCF-Ontology-2017-CATE,778,1191612,1.1916120000000001,#BFDAE3,191,218,227,Basic cell groups and regions,grey,category,1,1,AllenCCF-Ontology-2017-997
AllenCCF-Annotation-2020-788,AllenCCF-Ontology-2017-698,AllenCCF-Ontology-2017-DIVI,778,1191612,1.1916120000000001,#9AD2BD,154,210,189,Olfactory areas,OLF,division,2,2,AllenCCF-Ontology-2017-8
AllenCCF-Annotation-2020-788,AllenCCF-Ontology-2017-788,AllenCCF-Ontology-2017-STRU,778,1191612,1.1916120000000001,#59DAAB,89,218,171,Piriform-amygdalar area,PAA,structure,3,54,AllenCCF-Ontology-2017-698
AllenCCF-Annotation-2020-566,AllenCCF-Ontology-2017-997,AllenCCF-Ontology-2017-ORGA,556,1404722,1.4047220000000002,#FFFFFF,255,255,255,brain,brain,organ,0,0,
AllenCCF-Annotation-2020-566,AllenCCF-Ontology-2017-8,AllenCCF-Ontology-2017-CATE,556,1404722,1.4047220000000002,#BFDAE3,191,218,227,Basic cell groups and regions,grey,category,1,1,AllenCCF-Ontology-2017-997
AllenCCF-Annotation-2020-566,AllenCCF-Ontology-2017-698,AllenCCF-Ontology-2017-DIVI,556,1404722,1.4047220000000002,#9AD2BD,154,210,189,Olfactory areas,OLF,division,2,2,AllenCCF-Ontology-2017-8
AllenCCF-Annotation-2020-566,AllenCCF-Ontology-2017-566,AllenCCF-Ontology-2017-STRU,556,1404722,1.4047220000000002,#A8ECD3,168,236,211,Postpiriform transition area,TR,structure,3,55,AllenCCF-Ontology-2017-698
AllenCCF-Annotation-2020-1089,AllenCCF-Ontology-2017-997,AllenCCF-Ontology-2017-ORGA,1078,421034,0.4210340000000001,#FFFFFF,255,255,255,brain,brain,organ,0,0,
AllenCCF-Annotation-2020-1089,AllenCCF-Ontology-2017-8,AllenCCF-Ontology-2017-CATE,1078,421034,0.4210340000000001,#BFDAE3,191,218,227,Basic cell groups and regions,grey,category,1,1,AllenCCF-Ontology-2017-997
AllenCCF-Annotation-2020-1089,AllenCCF-Ontology-2017-1089,AllenCCF-Ontology-2017-DIVI,1078,421034,0.4210340000000001,#7ED04B,126,208,75,Hippocampal formation,HPF,division,2,3,AllenCCF-Ontology-2017-8
AllenCCF-Annotation-2020-382,AllenCCF-Ontology-2017-997,AllenCCF-Ontology-2017-ORGA,372,6,6.000000000000001e-06,#FFFFFF,255,255,255,brain,brain,organ,0,0,
AllenCCF-Annotation-2020-382,AllenCCF-Ontology-2017-8,AllenCCF-Ontology-2017-CATE,372,6,6.000000000000001e-06,#BFDAE3,191,218,227,Basic cell groups and regions,grey,category,1,1,AllenCCF-Ontology-2017-997
AllenCCF-Annotation-2020-382,AllenCCF-Ontology-2017-1089,AllenCCF-Ontology-2017-DIVI,372,6,6.000000000000001e-06,#7ED04B,126,208,75,Hippocampal formation,HPF,division,2,3,AllenCCF-Ontology-2017-8
AllenCCF-Annotation-2020-382,AllenCCF-Ontology-2017-382,AllenCCF-Ontology-2017-STRU,372,6,6.000000000000001e-06,#7ED04B,126,208,75,Field CA1,CA1,structure,3,57,AllenCCF-Ontology-2017-1089
AllenCCF-Annotation-2020-391,AllenCCF-Ontology-2017-997,AllenCCF-Ontology-2017-ORGA,381,1925778,1.9257780000000002,#FFFFFF,255,255,255,brain,brain,organ,0,0,
AllenCCF-Annotation-2020-391,AllenCCF-Ontology-2017-8,AllenCCF-Ontology-2017-CATE,381,1925778,1.9257780000000002,#BFDAE3,191,218,227,Basic cell groups and regions,grey,category,1,1,AllenCCF-Ontology-2017-997
AllenCCF-Annotation-2020-391,AllenCCF-Ontology-2017-1089,AllenCCF-Ontology-2017-DIVI,381,1925778,1.9257780000000002,#7ED04B,126,208,75,Hippocampal formation,HPF,division,2,3,AllenCCF-Ontology-2017-8
AllenCCF-Annotation-2020-391,AllenCCF-Ontology-2017-382,AllenCCF-Ontology-2017-STRU,381,1925778,1.9257780000000002,#7ED04B,126,208,75,Field CA1,CA1,structure,3,57,AllenCCF-Ontology-2017-1089
AllenCCF-Annotation-2020-391,AllenCCF-Ontology-2017-391,AllenCCF-Ontology-2017-SUBS,381,1925778,1.9257780000000002,#7ED04B,126,208,75,"Field CA1, stratum lacunosum-moleculare",CA1slm,substructure,4,304,AllenCCF-Ontology-2017-382
AllenCCF-Annotation-2020-399,AllenCCF-Ontology-2017-997,AllenCCF-Ontology-2017-ORGA,389,3599396,3.5993960000000005,#FFFFFF,255,255,255,brain,brain,organ,0,0,
AllenCCF-Annotation-2020-399,AllenCCF-Ontology-2017-8,AllenCCF-Ontology-2017-CATE,389,3599396,3.5993960000000005,#BFDAE3,191,218,227,Basic cell groups and regions,grey,category,1,1,AllenCCF-Ontology-2017-997
AllenCCF-Annotation-2020-399,AllenCCF-Ontology-2017-1089,AllenCCF-Ontology-2017-DIVI,389,3599396,3.5993960000000005,#7ED04B,126,208,75,Hippocampal formation,HPF,division,2,3,AllenCCF-Ontology-2017-8
AllenCCF-Annotation-2020-399,AllenCCF-Ontology-2017-382,AllenCCF-Ontology-2017-STRU,389,3599396,3.5993960000000005,#7ED04B,126,208,75,Field CA1,CA1,structure,3,57,AllenCCF-Ontology-2017-1089
AllenCCF-Annotation-2020-399,AllenCCF-Ontology-2017-399,AllenCCF-Ontology-2017-SUBS,389,3599396,3.5993960000000005,#7ED04B,126,208,75,"Field CA1, stratum oriens",CA1so,substructure,4,305,AllenCCF-Ontology-2017-382
AllenCCF-Annotation-2020-407,AllenCCF-Ontology-2017-997,AllenCCF-Ontology-2017-ORGA,397,936312,0.9363120000000001,#FFFFFF,255,255,255,brain,brain,organ,0,0,
AllenCCF-Annotation-2020-407,AllenCCF-Ontology-2017-8,AllenCCF-Ontology-2017-CATE,397,936312,0.9363120000000001,#BFDAE3,191,218,227,Basic cell groups and regions,grey,category,1,1,AllenCCF-Ontology-2017-997
AllenCCF-Annotation-2020-407,AllenCCF-Ontology-2017-1089,AllenCCF-Ontology-2017-DIVI,397,936312,0.9363120000000001,#7ED04B,126,208,75,Hippocampal formation,HPF,division,2,3,AllenCCF-Ontology-2017-8
AllenCCF-Annotation-2020-407,AllenCCF-Ontology-2017-382,AllenCCF-Ontology-2017-STRU,397,936312,0.9363120000000001,#7ED04B,126,208,75,Field CA1,CA1,structure,3,57,AllenCCF-Ontology-2017-1089
AllenCCF-Annotation-2020-407,AllenCCF-Ontology-2017-407,AllenCCF-Ontology-2017-SUBS,397,936312,0.9363120000000001,#66A83D,102,168,61,"Field CA1, pyramidal layer",CA1sp,substructure,4,306,AllenCCF-Ontology-2017-382
AllenCCF-Annotation-2020-415,AllenCCF-Ontology-2017-997,AllenCCF-Ontology-2017-ORGA,405,3729022,3.7290220000000005,#FFFFFF,255,255,255,brain,brain,organ,0,0,
AllenCCF-Annotation-2020-415,AllenCCF-Ontology-2017-8,AllenCCF-Ontology-2017-CATE,405,3729022,3.7290220000000005,#BFDAE3,191,218,227,Basic cell groups and regions,grey,category,1,1,AllenCCF-Ontology-2017-997
AllenCCF-Annotation-2020-415,AllenCCF-Ontology-2017-1089,AllenCCF-Ontology-2017-DIVI,405,3729022,3.7290220000000005,#7ED04B,126,208,75,Hippocampal formation,HPF,division,2,3,AllenCCF-Ontology-2017-8
AllenCCF-Annotation-2020-415,AllenCCF-Ontology-2017-382,AllenCCF-Ontology-2017-STRU,405,3729022,3.7290220000000005,#7ED04B,126,208,75,Field CA1,CA1,structure,3,57,AllenCCF-Ontology-2017-1089
AllenCCF-Annotation-2020-415,AllenCCF-Ontology-2017-415,AllenCCF-Ontology-2017-SUBS,405,3729022,3.7290220000000005,#7ED04B,126,208,75,"Field CA1, stratum radiatum",CA1sr,substructure,4,307,AllenCCF-Ontology-2017-382
AllenCCF-Annotation-2020-431,AllenCCF-Ontology-2017-997,AllenCCF-Ontology-2017-ORGA,421,121336,0.12133600000000001,#FFFFFF,255,255,255,brain,brain,organ,0,0,
AllenCCF-Annotation-2020-431,AllenCCF-Ontology-2017-8,AllenCCF-Ontology-2017-CATE,421,121336,0.12133600000000001,#BFDAE3,191,218,227,Basic cell groups and regions,grey,category,1,1,AllenCCF-Ontology-2017-997
AllenCCF-Annotation-2020-431,AllenCCF-Ontology-2017-1089,AllenCCF-Ontology-2017-DIVI,421,121336,0.12133600000000001,#7ED04B,126,208,75,Hippocampal formation,HPF,division,2,3,AllenCCF-Ontology-2017-8
AllenCCF-Annotation-2020-431,AllenCCF-Ontology-2017-423,AllenCCF-Ontology-2017-STRU,421,121336,0.12133600000000001,#7ED04B,126,208,75,Field CA2,CA2,structure,3,58,AllenCCF-Ontology-2017-1089
AllenCCF-Annotation-2020-431,AllenCCF-Ontology-2017-431,AllenCCF-Ontology-2017-SUBS,421,121336,0.12133600000000001,#7ED04B,126,208,75,"Field CA2, stratum lacunosum-moleculare",CA2slm,substructure,4,308,AllenCCF-Ontology-2017-423
AllenCCF-Annotation-2020-438,AllenCCF-Ontology-2017-997,AllenCCF-Ontology-2017-ORGA,428,132618,0.132618,#FFFFFF,255,255,255,brain,brain,organ,0,0,
AllenCCF-Annotation-2020-438,AllenCCF-Ontology-2017-8,AllenCCF-Ontology-2017-CATE,428,132618,0.132618,#BFDAE3,191,218,227,Basic cell groups and regions,grey,category,1,1,AllenCCF-Ontology-2017-997
AllenCCF-Annotation-2020-438,AllenCCF-Ontology-2017-1089,AllenCCF-Ontology-2017-DIVI,428,132618,0.132618,#7ED04B,126,208,75,Hippocampal formation,HPF,division,2,3,AllenCCF-Ontology-2017-8
AllenCCF-Annotation-2020-438,AllenCCF-Ontology-2017-423,AllenCCF-Ontology-2017-STRU,428,132618,0.132618,#7ED04B,126,208,75,Field CA2,CA2,structure,3,58,AllenCCF-Ontology-2017-1089
AllenCCF-Annotation-2020-438,AllenCCF-Ontology-2017-438,AllenCCF-Ontology-2017-SUBS,428,132618,0.132618,#7ED04B,126,208,75,"Field CA2, stratum oriens",CA2so,substructure,4,309,AllenCCF-Ontology-2017-423
AllenCCF-Annotation-2020-446,AllenCCF-Ontology-2017-997,AllenCCF-Ontology-2017-ORGA,436,59900,0.05990000000000001,#FFFFFF,255,255,255,brain,brain,organ,0,0,
AllenCCF-Annotation-2020-446,AllenCCF-Ontology-2017-8,AllenCCF-Ontology-2017-CATE,436,59900,0.05990000000000001,#BFDAE3,191,218,227,Basic cell groups and regions,grey,category,1,1,AllenCCF-Ontology-2017-997
AllenCCF-Annotation-2020-446,AllenCCF-Ontology-2017-1089,AllenCCF-Ontology-2017-DIVI,436,59900,0.05990000000000001,#7ED04B,126,208,75,Hippocampal formation,HPF,division,2,3,AllenCCF-Ontology-2017-8
AllenCCF-Annotation-2020-446,AllenCCF-Ontology-2017-423,AllenCCF-Ontology-2017-STRU,436,59900,0.05990000000000001,#7ED04B,126,208,75,Field CA2,CA2,structure,3,58,AllenCCF-Ontology-2017-1089
AllenCCF-Annotation-2020-446,AllenCCF-Ontology-2017-446,AllenCCF-Ontology-2017-SUBS,436,59900,0.05990000000000001,#66A83D,102,168,61,"Field CA2, pyramidal layer",CA2sp,substructure,4,310,AllenCCF-Ontology-2017-423
AllenCCF-Annotation-2020-454,AllenCCF-Ontology-2017-997,AllenCCF-Ontology-2017-ORGA,444,161948,0.16194800000000004,#FFFFFF,255,255,255,brain,brain,organ,0,0,
AllenCCF-Annotation-2020-454,AllenCCF-Ontology-2017-8,AllenCCF-Ontology-2017-CATE,444,161948,0.16194800000000004,#BFDAE3,191,218,227,Basic cell groups and regions,grey,category,1,1,AllenCCF-Ontology-2017-997
AllenCCF-Annotation-2020-454,AllenCCF-Ontology-2017-1089,AllenCCF-Ontology-2017-DIVI,444,161948,0.16194800000000004,#7ED04B,126,208,75,Hippocampal formation,HPF,division,2,3,AllenCCF-Ontology-2017-8
AllenCCF-Annotation-2020-454,AllenCCF-Ontology-2017-423,AllenCCF-Ontology-2017-STRU,444,161948,0.16194800000000004,#7ED04B,126,208,75,Field CA2,CA2,structure,3,58,AllenCCF-Ontology-2017-1089
AllenCCF-Annotation-2020-454,AllenCCF-Ontology-2017-454,AllenCCF-Ontology-2017-SUBS,444,161948,0.16194800000000004,#7ED04B,126,208,75,"Field CA2, stratum radiatum",CA2sr,substructure,4,311,AllenCCF-Ontology-2017-423
AllenCCF-Annotation-2020-463,AllenCCF-Ontology-2017-997,AllenCCF-Ontology-2017-ORGA,453,2,2.0000000000000003e-06,#FFFFFF,255,255,255,brain,brain,organ,0,0,
AllenCCF-Annotation-2020-463,AllenCCF-Ontology-2017-8,AllenCCF-Ontology-2017-CATE,453,2,2.0000000000000003e-06,#BFDAE3,191,218,227,Basic cell groups and regions,grey,category,1,1,AllenCCF-Ontology-2017-997
AllenCCF-Annotation-2020-463,AllenCCF-Ontology-2017-1089,AllenCCF-Ontology-2017-DIVI,453,2,2.0000000000000003e-06,#7ED04B,126,208,75,Hippocampal formation,HPF,division,2,3,AllenCCF-Ontology-2017-8
AllenCCF-Annotation-2020-463,AllenCCF-Ontology-2017-463,AllenCCF-Ontology-2017-STRU,453,2,2.0000000000000003e-06,#7ED04B,126,208,75,Field CA3,CA3,structure,3,59,AllenCCF-Ontology-2017-1089
AllenCCF-Annotation-2020-471,AllenCCF-Ontology-2017-997,AllenCCF-Ontology-2017-ORGA,461,636972,0.6369720000000001,#FFFFFF,255,255,255,brain,brain,organ,0,0,
AllenCCF-Annotation-2020-471,AllenCCF-Ontology-2017-8,AllenCCF-Ontology-2017-CATE,461,636972,0.6369720000000001,#BFDAE3,191,218,227,Basic cell groups and regions,grey,category,1,1,AllenCCF-Ontology-2017-997
AllenCCF-Annotation-2020-471,AllenCCF-Ontology-2017-1089,AllenCCF-Ontology-2017-DIVI,461,636972,0.6369720000000001,#7ED04B,126,208,75,Hippocampal formation,HPF,division,2,3,AllenCCF-Ontology-2017-8
AllenCCF-Annotation-2020-471,AllenCCF-Ontology-2017-463,AllenCCF-Ontology-2017-STRU,461,636972,0.6369720000000001,#7ED04B,126,208,75,Field CA3,CA3,structure,3,59,AllenCCF-Ontology-2017-1089
AllenCCF-Annotation-2020-471,AllenCCF-Ontology-2017-471,AllenCCF-Ontology-2017-SUBS,461,636972,0.6369720000000001,#7ED04B,126,208,75,"Field CA3, stratum lacunosum-moleculare",CA3slm,substructure,4,313,AllenCCF-Ontology-2017-463
AllenCCF-Annotation-2020-479,AllenCCF-Ontology-2017-997,AllenCCF-Ontology-2017-ORGA,469,668716,0.6687160000000001,#FFFFFF,255,255,255,brain,brain,organ,0,0,
AllenCCF-Annotation-2020-479,AllenCCF-Ontology-2017-8,AllenCCF-Ontology-2017-CATE,469,668716,0.6687160000000001,#BFDAE3,191,218,227,Basic cell groups and regions,grey,category,1,1,AllenCCF-Ontology-2017-997
AllenCCF-Annotation-2020-479,AllenCCF-Ontology-2017-1089,AllenCCF-Ontology-2017-DIVI,469,668716,0.6687160000000001,#7ED04B,126,208,75,Hippocampal formation,HPF,division,2,3,AllenCCF-Ontology-2017-8
AllenCCF-Annotation-2020-479,AllenCCF-Ontology-2017-463,AllenCCF-Ontology-2017-STRU,469,668716,0.6687160000000001,#7ED04B,126,208,75,Field CA3,CA3,structure,3,59,AllenCCF-Ontology-2017-1089
AllenCCF-Annotation-2020-479,AllenCCF-Ontology-2017-479,AllenCCF-Ontology-2017-SUBS,469,668716,0.6687160000000001,#7ED04B,126,208,75,"Field CA3, stratum lucidum",CA3slu,substructure,4,314,AllenCCF-Ontology-2017-463
AllenCCF-Annotation-2020-486,AllenCCF-Ontology-2017-997,AllenCCF-Ontology-2017-ORGA,476,2112618,2.1126180000000003,#FFFFFF,255,255,255,brain,brain,organ,0,0,
AllenCCF-Annotation-2020-486,AllenCCF-Ontology-2017-8,AllenCCF-Ontology-2017-CATE,476,2112618,2.1126180000000003,#BFDAE3,191,218,227,Basic cell groups and regions,grey,category,1,1,AllenCCF-Ontology-2017-997
AllenCCF-Annotation-2020-486,AllenCCF-Ontology-2017-1089,AllenCCF-Ontology-2017-DIVI,476,2112618,2.1126180000000003,#7ED04B,126,208,75,Hippocampal formation,HPF,division,2,3,AllenCCF-Ontology-2017-8
AllenCCF-Annotation-2020-486,AllenCCF-Ontology-2017-463,AllenCCF-Ontology-2017-STRU,476,2112618,2.1126180000000003,#7ED04B,126,208,75,Field CA3,CA3,structure,3,59,AllenCCF-Ontology-2017-1089
AllenCCF-Annotation-2020-486,AllenCCF-Ontology-2017-486,AllenCCF-Ontology-2017-SUBS,476,2112618,2.1126180000000003,#7ED04B,126,208,75,"Field CA3, stratum oriens",CA3so,substructure,4,315,AllenCCF-Ontology-2017-463
AllenCCF-Annotation-2020-495,AllenCCF-Ontology-2017-997,AllenCCF-Ontology-2017-ORGA,485,1302198,1.3021980000000002,#FFFFFF,255,255,255,brain,brain,organ,0,0,
AllenCCF-Annotation-2020-495,AllenCCF-Ontology-2017-8,AllenCCF-Ontology-2017-CATE,485,1302198,1.3021980000000002,#BFDAE3,191,218,227,Basic cell groups and regions,grey,category,1,1,AllenCCF-Ontology-2017-997
AllenCCF-Annotation-2020-495,AllenCCF-Ontology-2017-1089,AllenCCF-Ontology-2017-DIVI,485,1302198,1.3021980000000002,#7ED04B,126,208,75,Hippocampal formation,HPF,division,2,3,AllenCCF-Ontology-2017-8
AllenCCF-Annotation-2020-495,AllenCCF-Ontology-2017-463,AllenCCF-Ontology-2017-STRU,485,1302198,1.3021980000000002,#7ED04B,126,208,75,Field CA3,CA3,structure,3,59,AllenCCF-Ontology-2017-1089
AllenCCF-Annotation-2020-495,AllenCCF-Ontology-2017-495,AllenCCF-Ontology-2017-SUBS,485,1302198,1.3021980000000002,#66A83D,102,168,61,"Field CA3, pyramidal layer",CA3sp,substructure,4,316,AllenCCF-Ontology-2017-463
AllenCCF-Annotation-2020-504,AllenCCF-Ontology-2017-997,AllenCCF-Ontology-2017-ORGA,494,1542980,1.5429800000000002,#FFFFFF,255,255,255,brain,brain,organ,0,0,
AllenCCF-Annotation-2020-504,AllenCCF-Ontology-2017-8,AllenCCF-Ontology-2017-CATE,494,1542980,1.5429800000000002,#BFDAE3,191,218,227,Basic cell groups and regions,grey,category,1,1,AllenCCF-Ontology-2017-997
AllenCCF-Annotation-2020-504,AllenCCF-Ontology-2017-1089,AllenCCF-Ontology-2017-DIVI,494,1542980,1.5429800000000002,#7ED04B,126,208,75,Hippocampal formation,HPF,division,2,3,AllenCCF-Ontology-2017-8
AllenCCF-Annotation-2020-504,AllenCCF-Ontology-2017-463,AllenCCF-Ontology-2017-STRU,494,1542980,1.5429800000000002,#7ED04B,126,208,75,Field CA3,CA3,structure,3,59,AllenCCF-Ontology-2017-1089
AllenCCF-Annotation-2020-504,AllenCCF-Ontology-2017-504,AllenCCF-Ontology-2017-SUBS,494,1542980,1.5429800000000002,#7ED04B,126,208,75,"Field CA3, stratum radiatum",CA3sr,substructure,4,317,AllenCCF-Ontology-2017-463
AllenCCF-Annotation-2020-10703,AllenCCF-Ontology-2017-997,AllenCCF-Ontology-2017-ORGA,1159,4306954,4.306954000000001,#FFFFFF,255,255,255,brain,brain,organ,0,0,
AllenCCF-Annotation-2020-10703,AllenCCF-Ontology-2017-8,AllenCCF-Ontology-2017-CATE,1159,4306954,4.306954000000001,#BFDAE3,191,218,227,Basic cell groups and regions,grey,category,1,1,AllenCCF-Ontology-2017-997
AllenCCF-Annotation-2020-10703,AllenCCF-Ontology-2017-1089,AllenCCF-Ontology-2017-DIVI,1159,4306954,4.306954000000001,#7ED04B,126,208,75,Hippocampal formation,HPF,division,2,3,AllenCCF-Ontology-2017-8
AllenCCF-Annotation-2020-10703,AllenCCF-Ontology-2017-726,AllenCCF-Ontology-2017-STRU,1159,4306954,4.306954000000001,#7ED04B,126,208,75,Dentate gyrus,DG,structure,3,60,AllenCCF-Ontology-2017-1089
AllenCCF-Annotation-2020-10703,AllenCCF-Ontology-2017-10703,AllenCCF-Ontology-2017-SUBS,1159,4306954,4.306954000000001,#7ED04B,126,208,75,"Dentate gyrus, molecular layer",DG-mo,substructure,4,318,AllenCCF-Ontology-2017-726
AllenCCF-Annotation-2020-10704,AllenCCF-Ontology-2017-997,AllenCCF-Ontology-2017-ORGA,1160,691502,0.6915020000000001,#FFFFFF,255,255,255,brain,brain,organ,0,0,
AllenCCF-Annotation-2020-10704,AllenCCF-Ontology-2017-8,AllenCCF-Ontology-2017-CATE,1160,691502,0.6915020000000001,#BFDAE3,191,218,227,Basic cell groups and regions,grey,category,1,1,AllenCCF-Ontology-2017-997
AllenCCF-Annotation-2020-10704,AllenCCF-Ontology-2017-1089,AllenCCF-Ontology-2017-DIVI,1160,691502,0.6915020000000001,#7ED04B,126,208,75,Hippocampal formation,HPF,division,2,3,AllenCCF-Ontology-2017-8
AllenCCF-Annotation-2020-10704,AllenCCF-Ontology-2017-726,AllenCCF-Ontology-2017-STRU,1160,691502,0.6915020000000001,#7ED04B,126,208,75,Dentate gyrus,DG,structure,3,60,AllenCCF-Ontology-2017-1089
AllenCCF-Annotation-2020-10704,AllenCCF-Ontology-2017-10704,AllenCCF-Ontology-2017-SUBS,1160,691502,0.6915020000000001,#7ED04B,126,208,75,"Dentate gyrus, polymorph layer",DG-po,substructure,4,319,AllenCCF-Ontology-2017-726
AllenCCF-Annotation-2020-632,AllenCCF-Ontology-2017-997,AllenCCF-Ontology-2017-ORGA,622,1599050,1.5990500000000003,#FFFFFF,255,255,255,brain,brain,organ,0,0,
AllenCCF-Annotation-2020-632,AllenCCF-Ontology-2017-8,AllenCCF-Ontology-2017-CATE,622,1599050,1.5990500000000003,#BFDAE3,191,218,227,Basic cell groups and regions,grey,category,1,1,AllenCCF-Ontology-2017-997
AllenCCF-Annotation-2020-632,AllenCCF-Ontology-2017-1089,AllenCCF-Ontology-2017-DIVI,622,1599050,1.5990500000000003,#7ED04B,126,208,75,Hippocampal formation,HPF,division,2,3,AllenCCF-Ontology-2017-8
AllenCCF-Annotation-2020-632,AllenCCF-Ontology-2017-726,AllenCCF-Ontology-2017-STRU,622,1599050,1.5990500000000003,#7ED04B,126,208,75,Dentate gyrus,DG,structure,3,60,AllenCCF-Ontology-2017-1089
AllenCCF-Annotation-2020-632,AllenCCF-Ontology-2017-632,AllenCCF-Ontology-2017-SUBS,622,1599050,1.5990500000000003,#66A83D,102,168,61,"Dentate gyrus, granule cell layer",DG-sg,substructure,4,320,AllenCCF-Ontology-2017-726
AllenCCF-Annotation-2020-982,AllenCCF-Ontology-2017-997,AllenCCF-Ontology-2017-ORGA,972,62210,0.06221000000000001,#FFFFFF,255,255,255,brain,brain,organ,0,0,
AllenCCF-Annotation-2020-982,AllenCCF-Ontology-2017-8,AllenCCF-Ontology-2017-CATE,972,62210,0.06221000000000001,#BFDAE3,191,218,227,Basic cell groups and regions,grey,category,1,1,AllenCCF-Ontology-2017-997
AllenCCF-Annotation-2020-982,AllenCCF-Ontology-2017-1089,AllenCCF-Ontology-2017-DIVI,972,62210,0.06221000000000001,#7ED04B,126,208,75,Hippocampal formation,HPF,division,2,3,AllenCCF-Ontology-2017-8
AllenCCF-Annotation-2020-982,AllenCCF-Ontology-2017-982,AllenCCF-Ontology-2017-STRU,972,62210,0.06221000000000001,#7ED04B,126,208,75,Fasciola cinerea,FC,structure,3,61,AllenCCF-Ontology-2017-1089
AllenCCF-Annotation-2020-19,AllenCCF-Ontology-2017-997,AllenCCF-Ontology-2017-ORGA,17,125690,0.12569000000000002,#FFFFFF,255,255,255,brain,brain,organ,0,0,
AllenCCF-Annotation-2020-19,AllenCCF-Ontology-2017-8,AllenCCF-Ontology-2017-CATE,17,125690,0.12569000000000002,#BFDAE3,191,218,227,Basic cell groups and regions,grey,category,1,1,AllenCCF-Ontology-2017-997
AllenCCF-Annotation-2020-19,AllenCCF-Ontology-2017-1089,AllenCCF-Ontology-2017-DIVI,17,125690,0.12569000000000002,#7ED04B,126,208,75,Hippocampal formation,HPF,division,2,3,AllenCCF-Ontology-2017-8
AllenCCF-Annotation-2020-19,AllenCCF-Ontology-2017-19,AllenCCF-Ontology-2017-STRU,17,125690,0.12569000000000002,#7ED04B,126,208,75,Induseum griseum,IG,structure,3,62,AllenCCF-Ontology-2017-1089
AllenCCF-Annotation-2020-1121,AllenCCF-Ontology-2017-997,AllenCCF-Ontology-2017-ORGA,1109,979142,0.9791420000000002,#FFFFFF,255,255,255,brain,brain,organ,0,0,
AllenCCF-Annotation-2020-1121,AllenCCF-Ontology-2017-8,AllenCCF-Ontology-2017-CATE,1109,979142,0.9791420000000002,#BFDAE3,191,218,227,Basic cell groups and regions,grey,category,1,1,AllenCCF-Ontology-2017-997
AllenCCF-Annotation-2020-1121,AllenCCF-Ontology-2017-1089,AllenCCF-Ontology-2017-DIVI,1109,979142,0.9791420000000002,#7ED04B,126,208,75,Hippocampal formation,HPF,division,2,3,AllenCCF-Ontology-2017-8
AllenCCF-Annotation-2020-1121,AllenCCF-Ontology-2017-918,AllenCCF-Ontology-2017-STRU,1109,979142,0.9791420000000002,#32B825,50,184,37,"Entorhinal area, lateral part",ENTl,structure,3,63,AllenCCF-Ontology-2017-1089
AllenCCF-Annotation-2020-1121,AllenCCF-Ontology-2017-1121,AllenCCF-Ontology-2017-SUBS,1109,979142,0.9791420000000002,#32B825,50,184,37,"Entorhinal area, lateral part, layer 1",ENTl1,substructure,4,327,AllenCCF-Ontology-2017-918
AllenCCF-Annotation-2020-20,AllenCCF-Ontology-2017-997,AllenCCF-Ontology-2017-ORGA,18,1604416,1.6044160000000003,#FFFFFF,255,255,255,brain,brain,organ,0,0,
AllenCCF-Annotation-2020-20,AllenCCF-Ontology-2017-8,AllenCCF-Ontology-2017-CATE,18,1604416,1.6044160000000003,#BFDAE3,191,218,227,Basic cell groups and regions,grey,category,1,1,AllenCCF-Ontology-2017-997
AllenCCF-Annotation-2020-20,AllenCCF-Ontology-2017-1089,AllenCCF-Ontology-2017-DIVI,18,1604416,1.6044160000000003,#7ED04B,126,208,75,Hippocampal formation,HPF,division,2,3,AllenCCF-Ontology-2017-8
AllenCCF-Annotation-2020-20,AllenCCF-Ontology-2017-918,AllenCCF-Ontology-2017-STRU,18,1604416,1.6044160000000003,#32B825,50,184,37,"Entorhinal area, lateral part",ENTl,structure,3,63,AllenCCF-Ontology-2017-1089
AllenCCF-Annotation-2020-20,AllenCCF-Ontology-2017-20,AllenCCF-Ontology-2017-SUBS,18,1604416,1.6044160000000003,#32B825,50,184,37,"Entorhinal area, lateral part, layer 2",ENTl2,substructure,4,328,AllenCCF-Ontology-2017-918
AllenCCF-Annotation-2020-52,AllenCCF-Ontology-2017-997,AllenCCF-Ontology-2017-ORGA,47,1317080,1.3170800000000003,#FFFFFF,255,255,255,brain,brain,organ,0,0,
AllenCCF-Annotation-2020-52,AllenCCF-Ontology-2017-8,AllenCCF-Ontology-2017-CATE,47,1317080,1.3170800000000003,#BFDAE3,191,218,227,Basic cell groups and regions,grey,category,1,1,AllenCCF-Ontology-2017-997
AllenCCF-Annotation-2020-52,AllenCCF-Ontology-2017-1089,AllenCCF-Ontology-2017-DIVI,47,1317080,1.3170800000000003,#7ED04B,126,208,75,Hippocampal formation,HPF,division,2,3,AllenCCF-Ontology-2017-8
AllenCCF-Annotation-2020-52,AllenCCF-Ontology-2017-918,AllenCCF-Ontology-2017-STRU,47,1317080,1.3170800000000003,#32B825,50,184,37,"Entorhinal area, lateral part",ENTl,structure,3,63,AllenCCF-Ontology-2017-1089
AllenCCF-Annotation-2020-52,AllenCCF-Ontology-2017-52,AllenCCF-Ontology-2017-SUBS,47,1317080,1.3170800000000003,#32B825,50,184,37,"Entorhinal area, lateral part, layer 3",ENTl3,substructure,4,332,AllenCCF-Ontology-2017-918
AllenCCF-Annotation-2020-139,AllenCCF-Ontology-2017-997,AllenCCF-Ontology-2017-ORGA,134,1428774,1.4287740000000002,#FFFFFF,255,255,255,brain,brain,organ,0,0,
AllenCCF-Annotation-2020-139,AllenCCF-Ontology-2017-8,AllenCCF-Ontology-2017-CATE,134,1428774,1.4287740000000002,#BFDAE3,191,218,227,Basic cell groups and regions,grey,category,1,1,AllenCCF-Ontology-2017-997
AllenCCF-Annotation-2020-139,AllenCCF-Ontology-2017-1089,AllenCCF-Ontology-2017-DIVI,134,1428774,1.4287740000000002,#7ED04B,126,208,75,Hippocampal formation,HPF,division,2,3,AllenCCF-Ontology-2017-8
AllenCCF-Annotation-2020-139,AllenCCF-Ontology-2017-918,AllenCCF-Ontology-2017-STRU,134,1428774,1.4287740000000002,#32B825,50,184,37,"Entorhinal area, lateral part",ENTl,structure,3,63,AllenCCF-Ontology-2017-1089
AllenCCF-Annotation-2020-139,AllenCCF-Ontology-2017-139,AllenCCF-Ontology-2017-SUBS,134,1428774,1.4287740000000002,#32B825,50,184,37,"Entorhinal area, lateral part, layer 5",ENTl5,substructure,4,335,AllenCCF-Ontology-2017-918
AllenCCF-Annotation-2020-28,AllenCCF-Ontology-2017-997,AllenCCF-Ontology-2017-ORGA,25,1048676,1.0486760000000002,#FFFFFF,255,255,255,brain,brain,organ,0,0,
AllenCCF-Annotation-2020-28,AllenCCF-Ontology-2017-8,AllenCCF-Ontology-2017-CATE,25,1048676,1.0486760000000002,#BFDAE3,191,218,227,Basic cell groups and regions,grey,category,1,1,AllenCCF-Ontology-2017-997
AllenCCF-Annotation-2020-28,AllenCCF-Ontology-2017-1089,AllenCCF-Ontology-2017-DIVI,25,1048676,1.0486760000000002,#7ED04B,126,208,75,Hippocampal formation,HPF,division,2,3,AllenCCF-Ontology-2017-8
AllenCCF-Annotation-2020-28,AllenCCF-Ontology-2017-918,AllenCCF-Ontology-2017-STRU,25,1048676,1.0486760000000002,#32B825,50,184,37,"Entorhinal area, lateral part",ENTl,structure,3,63,AllenCCF-Ontology-2017-1089
AllenCCF-Annotation-2020-28,AllenCCF-Ontology-2017-28,AllenCCF-Ontology-2017-SUBS,25,1048676,1.0486760000000002,#32B825,50,184,37,"Entorhinal area, lateral part, layer 6a",ENTl6a,substructure,4,337,AllenCCF-Ontology-2017-918
AllenCCF-Annotation-2020-526,AllenCCF-Ontology-2017-997,AllenCCF-Ontology-2017-ORGA,516,1246100,1.2461000000000002,#FFFFFF,255,255,255,brain,brain,organ,0,0,
AllenCCF-Annotation-2020-526,AllenCCF-Ontology-2017-8,AllenCCF-Ontology-2017-CATE,516,1246100,1.2461000000000002,#BFDAE3,191,218,227,Basic cell groups and regions,grey,category,1,1,AllenCCF-Ontology-2017-997
AllenCCF-Annotation-2020-526,AllenCCF-Ontology-2017-1089,AllenCCF-Ontology-2017-DIVI,516,1246100,1.2461000000000002,#7ED04B,126,208,75,Hippocampal formation,HPF,division,2,3,AllenCCF-Ontology-2017-8
AllenCCF-Annotation-2020-526,AllenCCF-Ontology-2017-926,AllenCCF-Ontology-2017-STRU,516,1246100,1.2461000000000002,#32B825,50,184,37,"Entorhinal area, medial part, dorsal zone",ENTm,structure,3,64,AllenCCF-Ontology-2017-1089
AllenCCF-Annotation-2020-526,AllenCCF-Ontology-2017-526,AllenCCF-Ontology-2017-SUBS,516,1246100,1.2461000000000002,#32B825,50,184,37,"Entorhinal area, medial part, dorsal zone, layer 1",ENTm1,substructure,4,339,AllenCCF-Ontology-2017-926
AllenCCF-Annotation-2020-543,AllenCCF-Ontology-2017-997,AllenCCF-Ontology-2017-ORGA,533,1255434,1.2554340000000002,#FFFFFF,255,255,255,brain,brain,organ,0,0,
AllenCCF-Annotation-2020-543,AllenCCF-Ontology-2017-8,AllenCCF-Ontology-2017-CATE,533,1255434,1.2554340000000002,#BFDAE3,191,218,227,Basic cell groups and regions,grey,category,1,1,AllenCCF-Ontology-2017-997
AllenCCF-Annotation-2020-543,AllenCCF-Ontology-2017-1089,AllenCCF-Ontology-2017-DIVI,533,1255434,1.2554340000000002,#7ED04B,126,208,75,Hippocampal formation,HPF,division,2,3,AllenCCF-Ontology-2017-8
AllenCCF-Annotation-2020-543,AllenCCF-Ontology-2017-926,AllenCCF-Ontology-2017-STRU,533,1255434,1.2554340000000002,#32B825,50,184,37,"Entorhinal area, medial part, dorsal zone",ENTm,structure,3,64,AllenCCF-Ontology-2017-1089
AllenCCF-Annotation-2020-543,AllenCCF-Ontology-2017-543,AllenCCF-Ontology-2017-SUBS,533,1255434,1.2554340000000002,#32B825,50,184,37,"Entorhinal area, medial part, dorsal zone, layer 2",ENTm2,substructure,4,340,AllenCCF-Ontology-2017-926
AllenCCF-Annotation-2020-664,AllenCCF-Ontology-2017-997,AllenCCF-Ontology-2017-ORGA,654,983148,0.9831480000000001,#FFFFFF,255,255,255,brain,brain,organ,0,0,
AllenCCF-Annotation-2020-664,AllenCCF-Ontology-2017-8,AllenCCF-Ontology-2017-CATE,654,983148,0.9831480000000001,#BFDAE3,191,218,227,Basic cell groups and regions,grey,category,1,1,AllenCCF-Ontology-2017-997
AllenCCF-Annotation-2020-664,AllenCCF-Ontology-2017-1089,AllenCCF-Ontology-2017-DIVI,654,983148,0.9831480000000001,#7ED04B,126,208,75,Hippocampal formation,HPF,division,2,3,AllenCCF-Ontology-2017-8
AllenCCF-Annotation-2020-664,AllenCCF-Ontology-2017-926,AllenCCF-Ontology-2017-STRU,654,983148,0.9831480000000001,#32B825,50,184,37,"Entorhinal area, medial part, dorsal zone",ENTm,structure,3,64,AllenCCF-Ontology-2017-1089
AllenCCF-Annotation-2020-664,AllenCCF-Ontology-2017-664,AllenCCF-Ontology-2017-SUBS,654,983148,0.9831480000000001,#32B825,50,184,37,"Entorhinal area, medial part, dorsal zone, layer 3",ENTm3,substructure,4,343,AllenCCF-Ontology-2017-926
AllenCCF-Annotation-2020-727,AllenCCF-Ontology-2017-997,AllenCCF-Ontology-2017-ORGA,717,911528,0.9115280000000001,#FFFFFF,255,255,255,brain,brain,organ,0,0,
AllenCCF-Annotation-2020-727,AllenCCF-Ontology-2017-8,AllenCCF-Ontology-2017-CATE,717,911528,0.9115280000000001,#BFDAE3,191,218,227,Basic cell groups and regions,grey,category,1,1,AllenCCF-Ontology-2017-997
AllenCCF-Annotation-2020-727,AllenCCF-Ontology-2017-1089,AllenCCF-Ontology-2017-DIVI,717,911528,0.9115280000000001,#7ED04B,126,208,75,Hippocampal formation,HPF,division,2,3,AllenCCF-Ontology-2017-8
AllenCCF-Annotation-2020-727,AllenCCF-Ontology-2017-926,AllenCCF-Ontology-2017-STRU,717,911528,0.9115280000000001,#32B825,50,184,37,"Entorhinal area, medial part, dorsal zone",ENTm,structure,3,64,AllenCCF-Ontology-2017-1089
AllenCCF-Annotation-2020-727,AllenCCF-Ontology-2017-727,AllenCCF-Ontology-2017-SUBS,717,911528,0.9115280000000001,#32B825,50,184,37,"Entorhinal area, medial part, dorsal zone, layer 5",ENTm5,substructure,4,345,AllenCCF-Ontology-2017-926
AllenCCF-Annotation-2020-743,AllenCCF-Ontology-2017-997,AllenCCF-Ontology-2017-ORGA,733,622590,0.6225900000000001,#FFFFFF,255,255,255,brain,brain,organ,0,0,
AllenCCF-Annotation-2020-743,AllenCCF-Ontology-2017-8,AllenCCF-Ontology-2017-CATE,733,622590,0.6225900000000001,#BFDAE3,191,218,227,Basic cell groups and regions,grey,category,1,1,AllenCCF-Ontology-2017-997
AllenCCF-Annotation-2020-743,AllenCCF-Ontology-2017-1089,AllenCCF-Ontology-2017-DIVI,733,622590,0.6225900000000001,#7ED04B,126,208,75,Hippocampal formation,HPF,division,2,3,AllenCCF-Ontology-2017-8
AllenCCF-Annotation-2020-743,AllenCCF-Ontology-2017-926,AllenCCF-Ontology-2017-STRU,733,622590,0.6225900000000001,#32B825,50,184,37,"Entorhinal area, medial part, dorsal zone",ENTm,structure,3,64,AllenCCF-Ontology-2017-1089
AllenCCF-Annotation-2020-743,AllenCCF-Ontology-2017-743,AllenCCF-Ontology-2017-SUBS,733,622590,0.6225900000000001,#32B825,50,184,37,"Entorhinal area, medial part, dorsal zone, layer 6",ENTm6,substructure,4,347,AllenCCF-Ontology-2017-926
AllenCCF-Annotation-2020-843,AllenCCF-Ontology-2017-997,AllenCCF-Ontology-2017-ORGA,833,932876,0.9328760000000001,#FFFFFF,255,255,255,brain,brain,organ,0,0,
AllenCCF-Annotation-2020-843,AllenCCF-Ontology-2017-8,AllenCCF-Ontology-2017-CATE,833,932876,0.9328760000000001,#BFDAE3,191,218,227,Basic cell groups and regions,grey,category,1,1,AllenCCF-Ontology-2017-997
AllenCCF-Annotation-2020-843,AllenCCF-Ontology-2017-1089,AllenCCF-Ontology-2017-DIVI,833,932876,0.9328760000000001,#7ED04B,126,208,75,Hippocampal formation,HPF,division,2,3,AllenCCF-Ontology-2017-8
AllenCCF-Annotation-2020-843,AllenCCF-Ontology-2017-843,AllenCCF-Ontology-2017-STRU,833,932876,0.9328760000000001,#72D569,114,213,105,Parasubiculum,PAR,structure,3,65,AllenCCF-Ontology-2017-1089
AllenCCF-Annotation-2020-1037,AllenCCF-Ontology-2017-997,AllenCCF-Ontology-2017-ORGA,1026,1084318,1.0843180000000001,#FFFFFF,255,255,255,brain,brain,organ,0,0,
AllenCCF-Annotation-2020-1037,AllenCCF-Ontology-2017-8,AllenCCF-Ontology-2017-CATE,1026,1084318,1.0843180000000001,#BFDAE3,191,218,227,Basic cell groups and regions,grey,category,1,1,AllenCCF-Ontology-2017-997
AllenCCF-Annotation-2020-1037,AllenCCF-Ontology-2017-1089,AllenCCF-Ontology-2017-DIVI,1026,1084318,1.0843180000000001,#7ED04B,126,208,75,Hippocampal formation,HPF,division,2,3,AllenCCF-Ontology-2017-8
AllenCCF-Annotation-2020-1037,AllenCCF-Ontology-2017-1037,AllenCCF-Ontology-2017-STRU,1026,1084318,1.0843180000000001,#48C83C,72,200,60,Postsubiculum,POST,structure,3,66,AllenCCF-Ontology-2017-1089
AllenCCF-Annotation-2020-1084,AllenCCF-Ontology-2017-997,AllenCCF-Ontology-2017-ORGA,1073,916690,0.9166900000000001,#FFFFFF,255,255,255,brain,brain,organ,0,0,
AllenCCF-Annotation-2020-1084,AllenCCF-Ontology-2017-8,AllenCCF-Ontology-2017-CATE,1073,916690,0.9166900000000001,#BFDAE3,191,218,227,Basic cell groups and regions,grey,category,1,1,AllenCCF-Ontology-2017-997
AllenCCF-Annotation-2020-1084,AllenCCF-Ontology-2017-1089,AllenCCF-Ontology-2017-DIVI,1073,916690,0.9166900000000001,#7ED04B,126,208,75,Hippocampal formation,HPF,division,2,3,AllenCCF-Ontology-2017-8
AllenCCF-Annotation-2020-1084,AllenCCF-Ontology-2017-1084,AllenCCF-Ontology-2017-STRU,1073,916690,0.9166900000000001,#59B947,89,185,71,Presubiculum,PRE,structure,3,67,AllenCCF-Ontology-2017-1089
AllenCCF-Annotation-2020-502,AllenCCF-Ontology-2017-997,AllenCCF-Ontology-2017-ORGA,492,2097394,2.0973940000000004,#FFFFFF,255,255,255,brain,brain,organ,0,0,
AllenCCF-Annotation-2020-502,AllenCCF-Ontology-2017-8,AllenCCF-Ontology-2017-CATE,492,2097394,2.0973940000000004,#BFDAE3,191,218,227,Basic cell groups and regions,grey,category,1,1,AllenCCF-Ontology-2017-997
AllenCCF-Annotation-2020-502,AllenCCF-Ontology-2017-1089,AllenCCF-Ontology-2017-DIVI,492,2097394,2.0973940000000004,#7ED04B,126,208,75,Hippocampal formation,HPF,division,2,3,AllenCCF-Ontology-2017-8
AllenCCF-Annotation-2020-502,AllenCCF-Ontology-2017-502,AllenCCF-Ontology-2017-STRU,492,2097394,2.0973940000000004,#4FC244,79,194,68,Subiculum,SUB,structure,3,68,AllenCCF-Ontology-2017-1089
AllenCCF-Annotation-2020-484682470,AllenCCF-Ontology-2017-997,AllenCCF-Ontology-2017-ORGA,1270,1328158,1.3281580000000002,#FFFFFF,255,255,255,brain,brain,organ,0,0,
AllenCCF-Annotation-2020-484682470,AllenCCF-Ontology-2017-8,AllenCCF-Ontology-2017-CATE,1270,1328158,1.3281580000000002,#BFDAE3,191,218,227,Basic cell groups and regions,grey,category,1,1,AllenCCF-Ontology-2017-997
AllenCCF-Annotation-2020-484682470,AllenCCF-Ontology-2017-1089,AllenCCF-Ontology-2017-DIVI,1270,1328158,1.3281580000000002,#7ED04B,126,208,75,Hippocampal formation,HPF,division,2,3,AllenCCF-Ontology-2017-8
AllenCCF-Annotation-2020-484682470,AllenCCF-Ontology-2017-484682470,AllenCCF-Ontology-2017-STRU,1270,1328158,1.3281580000000002,#58BA48,88,186,72,Prosubiculum,ProS,structure,3,69,AllenCCF-Ontology-2017-1089
AllenCCF-Annotation-2020-589508447,AllenCCF-Ontology-2017-997,AllenCCF-Ontology-2017-ORGA,1308,421780,0.42178000000000004,#FFFFFF,255,255,255,brain,brain,organ,0,0,
AllenCCF-Annotation-2020-589508447,AllenCCF-Ontology-2017-8,AllenCCF-Ontology-2017-CATE,1308,421780,0.42178000000000004,#BFDAE3,191,218,227,Basic cell groups and regions,grey,category,1,1,AllenCCF-Ontology-2017-997
AllenCCF-Annotation-2020-589508447,AllenCCF-Ontology-2017-1089,AllenCCF-Ontology-2017-DIVI,1308,421780,0.42178000000000004,#7ED04B,126,208,75,Hippocampal formation,HPF,division,2,3,AllenCCF-Ontology-2017-8
AllenCCF-Annotation-2020-589508447,AllenCCF-Ontology-2017-589508447,AllenCCF-Ontology-2017-STRU,1308,421780,0.42178000000000004,#33B932,51,185,50,Hippocampo-amygdalar transition area,HATA,structure,3,70,AllenCCF-Ontology-2017-1089
AllenCCF-Annotation-2020-484682508,AllenCCF-Ontology-2017-997,AllenCCF-Ontology-2017-ORGA,1279,326634,0.32663400000000004,#FFFFFF,255,255,255,brain,brain,organ,0,0,
AllenCCF-Annotation-2020-484682508,AllenCCF-Ontology-2017-8,AllenCCF-Ontology-2017-CATE,1279,326634,0.32663400000000004,#BFDAE3,191,218,227,Basic cell groups and regions,grey,category,1,1,AllenCCF-Ontology-2017-997
AllenCCF-Annotation-2020-484682508,AllenCCF-Ontology-2017-1089,AllenCCF-Ontology-2017-DIVI,1279,326634,0.32663400000000004,#7ED04B,126,208,75,Hippocampal formation,HPF,division,2,3,AllenCCF-Ontology-2017-8
AllenCCF-Annotation-2020-484682508,AllenCCF-Ontology-2017-484682508,AllenCCF-Ontology-2017-STRU,1279,326634,0.32663400000000004,#33B932,51,185,50,Area prostriata,APr,structure,3,71,AllenCCF-Ontology-2017-1089
AllenCCF-Annotation-2020-703,AllenCCF-Ontology-2017-997,AllenCCF-Ontology-2017-ORGA,693,372244,0.3722440000000001,#FFFFFF,255,255,255,brain,brain,organ,0,0,
AllenCCF-Annotation-2020-703,AllenCCF-Ontology-2017-8,AllenCCF-Ontology-2017-CATE,693,372244,0.3722440000000001,#BFDAE3,191,218,227,Basic cell groups and regions,grey,category,1,1,AllenCCF-Ontology-2017-997
AllenCCF-Annotation-2020-703,AllenCCF-Ontology-2017-703,AllenCCF-Ontology-2017-DIVI,693,372244,0.3722440000000001,#8ADA87,138,218,135,Cortical subplate,CTXsp,division,2,4,AllenCCF-Ontology-2017-8
AllenCCF-Annotation-2020-583,AllenCCF-Ontology-2017-997,AllenCCF-Ontology-2017-ORGA,573,550738,0.5507380000000001,#FFFFFF,255,255,255,brain,brain,organ,0,0,
AllenCCF-Annotation-2020-583,AllenCCF-Ontology-2017-8,AllenCCF-Ontology-2017-CATE,573,550738,0.5507380000000001,#BFDAE3,191,218,227,Basic cell groups and regions,grey,category,1,1,AllenCCF-Ontology-2017-997
AllenCCF-Annotation-2020-583,AllenCCF-Ontology-2017-703,AllenCCF-Ontology-2017-DIVI,573,550738,0.5507380000000001,#8ADA87,138,218,135,Cortical subplate,CTXsp,division,2,4,AllenCCF-Ontology-2017-8
AllenCCF-Annotation-2020-583,AllenCCF-Ontology-2017-583,AllenCCF-Ontology-2017-STRU,573,550738,0.5507380000000001,#8ADA87,138,218,135,Claustrum,CLA,structure,3,73,AllenCCF-Ontology-2017-703
AllenCCF-Annotation-2020-952,AllenCCF-Ontology-2017-997,AllenCCF-Ontology-2017-ORGA,942,1819782,1.8197820000000002,#FFFFFF,255,255,255,brain,brain,organ,0,0,
AllenCCF-Annotation-2020-952,AllenCCF-Ontology-2017-8,AllenCCF-Ontology-2017-CATE,942,1819782,1.8197820000000002,#BFDAE3,191,218,227,Basic cell groups and regions,grey,category,1,1,AllenCCF-Ontology-2017-997
AllenCCF-Annotation-2020-952,AllenCCF-Ontology-2017-703,AllenCCF-Ontology-2017-DIVI,942,1819782,1.8197820000000002,#8ADA87,138,218,135,Cortical subplate,CTXsp,division,2,4,AllenCCF-Ontology-2017-8
AllenCCF-Annotation-2020-952,AllenCCF-Ontology-2017-952,AllenCCF-Ontology-2017-STRU,942,1819782,1.8197820000000002,#A0EE9D,160,238,157,"Endopiriform nucleus, dorsal part",EPd,structure,3,74,AllenCCF-Ontology-2017-703
AllenCCF-Annotation-2020-966,AllenCCF-Ontology-2017-997,AllenCCF-Ontology-2017-ORGA,956,972722,0.9727220000000002,#FFFFFF,255,255,255,brain,brain,organ,0,0,
AllenCCF-Annotation-2020-966,AllenCCF-Ontology-2017-8,AllenCCF-Ontology-2017-CATE,956,972722,0.9727220000000002,#BFDAE3,191,218,227,Basic cell groups and regions,grey,category,1,1,AllenCCF-Ontology-2017-997
AllenCCF-Annotation-2020-966,AllenCCF-Ontology-2017-703,AllenCCF-Ontology-2017-DIVI,956,972722,0.9727220000000002,#8ADA87,138,218,135,Cortical subplate,CTXsp,division,2,4,AllenCCF-Ontology-2017-8
AllenCCF-Annotation-2020-966,AllenCCF-Ontology-2017-966,AllenCCF-Ontology-2017-STRU,956,972722,0.9727220000000002,#A0EE9D,160,238,157,"Endopiriform nucleus, ventral part",EPv,structure,3,75,AllenCCF-Ontology-2017-703
AllenCCF-Annotation-2020-131,AllenCCF-Ontology-2017-997,AllenCCF-Ontology-2017-ORGA,126,840288,0.8402880000000001,#FFFFFF,255,255,255,brain,brain,organ,0,0,
AllenCCF-Annotation-2020-131,AllenCCF-Ontology-2017-8,AllenCCF-Ontology-2017-CATE,126,840288,0.8402880000000001,#BFDAE3,191,218,227,Basic cell groups and regions,grey,category,1,1,AllenCCF-Ontology-2017-997
AllenCCF-Annotation-2020-131,AllenCCF-Ontology-2017-703,AllenCCF-Ontology-2017-DIVI,126,840288,0.8402880000000001,#8ADA87,138,218,135,Cortical subplate,CTXsp,division,2,4,AllenCCF-Ontology-2017-8
AllenCCF-Annotation-2020-131,AllenCCF-Ontology-2017-131,AllenCCF-Ontology-2017-STRU,126,840288,0.8402880000000001,#90EB8D,144,235,141,Lateral amygdalar nucleus,LA,structure,3,76,AllenCCF-Ontology-2017-703
AllenCCF-Annotation-2020-303,AllenCCF-Ontology-2017-997,AllenCCF-Ontology-2017-ORGA,293,769610,0.7696100000000001,#FFFFFF,255,255,255,brain,brain,organ,0,0,
AllenCCF-Annotation-2020-303,AllenCCF-Ontology-2017-8,AllenCCF-Ontology-2017-CATE,293,769610,0.7696100000000001,#BFDAE3,191,218,227,Basic cell groups and regions,grey,category,1,1,AllenCCF-Ontology-2017-997
AllenCCF-Annotation-2020-303,AllenCCF-Ontology-2017-703,AllenCCF-Ontology-2017-DIVI,293,769610,0.7696100000000001,#8ADA87,138,218,135,Cortical subplate,CTXsp,division,2,4,AllenCCF-Ontology-2017-8
AllenCCF-Annotation-2020-303,AllenCCF-Ontology-2017-295,AllenCCF-Ontology-2017-STRU,293,769610,0.7696100000000001,#9DE79C,157,231,156,Basolateral amygdalar nucleus,BLA,structure,3,77,AllenCCF-Ontology-2017-703
AllenCCF-Annotation-2020-303,AllenCCF-Ontology-2017-303,AllenCCF-Ontology-2017-SUBS,293,769610,0.7696100000000001,#9DE79C,157,231,156,"Basolateral amygdalar nucleus, anterior part",BLAa,substructure,4,373,AllenCCF-Ontology-2017-295
AllenCCF-Annotation-2020-311,AllenCCF-Ontology-2017-997,AllenCCF-Ontology-2017-ORGA,301,711236,0.7112360000000001,#FFFFFF,255,255,255,brain,brain,organ,0,0,
AllenCCF-Annotation-2020-311,AllenCCF-Ontology-2017-8,AllenCCF-Ontology-2017-CATE,301,711236,0.7112360000000001,#BFDAE3,191,218,227,Basic cell groups and regions,grey,category,1,1,AllenCCF-Ontology-2017-997
AllenCCF-Annotation-2020-311,AllenCCF-Ontology-2017-703,AllenCCF-Ontology-2017-DIVI,301,711236,0.7112360000000001,#8ADA87,138,218,135,Cortical subplate,CTXsp,division,2,4,AllenCCF-Ontology-2017-8
AllenCCF-Annotation-2020-311,AllenCCF-Ontology-2017-295,AllenCCF-Ontology-2017-STRU,301,711236,0.7112360000000001,#9DE79C,157,231,156,Basolateral amygdalar nucleus,BLA,structure,3,77,AllenCCF-Ontology-2017-703
AllenCCF-Annotation-2020-311,AllenCCF-Ontology-2017-311,AllenCCF-Ontology-2017-SUBS,301,711236,0.7112360000000001,#9DE79C,157,231,156,"Basolateral amygdalar nucleus, posterior part",BLAp,substructure,4,374,AllenCCF-Ontology-2017-295
AllenCCF-Annotation-2020-451,AllenCCF-Ontology-2017-997,AllenCCF-Ontology-2017-ORGA,441,419436,0.4194360000000001,#FFFFFF,255,255,255,brain,brain,organ,0,0,
AllenCCF-Annotation-2020-451,AllenCCF-Ontology-2017-8,AllenCCF-Ontology-2017-CATE,441,419436,0.4194360000000001,#BFDAE3,191,218,227,Basic cell groups and regions,grey,category,1,1,AllenCCF-Ontology-2017-997
AllenCCF-Annotation-2020-451,AllenCCF-Ontology-2017-703,AllenCCF-Ontology-2017-DIVI,441,419436,0.4194360000000001,#8ADA87,138,218,135,Cortical subplate,CTXsp,division,2,4,AllenCCF-Ontology-2017-8
AllenCCF-Annotation-2020-451,AllenCCF-Ontology-2017-295,AllenCCF-Ontology-2017-STRU,441,419436,0.4194360000000001,#9DE79C,157,231,156,Basolateral amygdalar nucleus,BLA,structure,3,77,AllenCCF-Ontology-2017-703
AllenCCF-Annotation-2020-451,AllenCCF-Ontology-2017-451,AllenCCF-Ontology-2017-SUBS,441,419436,0.4194360000000001,#9DE79C,157,231,156,"Basolateral amygdalar nucleus, ventral part",BLAv,substructure,4,375,AllenCCF-Ontology-2017-295
AllenCCF-Annotation-2020-327,AllenCCF-Ontology-2017-997,AllenCCF-Ontology-2017-ORGA,317,767422,0.7674220000000002,#FFFFFF,255,255,255,brain,brain,organ,0,0,
AllenCCF-Annotation-2020-327,AllenCCF-Ontology-2017-8,AllenCCF-Ontology-2017-CATE,317,767422,0.7674220000000002,#BFDAE3,191,218,227,Basic cell groups and regions,grey,category,1,1,AllenCCF-Ontology-2017-997
AllenCCF-Annotation-2020-327,AllenCCF-Ontology-2017-703,AllenCCF-Ontology-2017-DIVI,317,767422,0.7674220000000002,#8ADA87,138,218,135,Cortical subplate,CTXsp,division,2,4,AllenCCF-Ontology-2017-8
AllenCCF-Annotation-2020-327,AllenCCF-Ontology-2017-319,AllenCCF-Ontology-2017-STRU,317,767422,0.7674220000000002,#84EA81,132,234,129,Basomedial amygdalar nucleus,BMA,structure,3,78,AllenCCF-Ontology-2017-703
AllenCCF-Annotation-2020-327,AllenCCF-Ontology-2017-327,AllenCCF-Ontology-2017-SUBS,317,767422,0.7674220000000002,#84EA81,132,234,129,"Basomedial amygdalar nucleus, anterior part",BMAa,substructure,4,376,AllenCCF-Ontology-2017-319
AllenCCF-Annotation-2020-334,AllenCCF-Ontology-2017-997,AllenCCF-Ontology-2017-ORGA,324,717766,0.7177660000000001,#FFFFFF,255,255,255,brain,brain,organ,0,0,
AllenCCF-Annotation-2020-334,AllenCCF-Ontology-2017-8,AllenCCF-Ontology-2017-CATE,324,717766,0.7177660000000001,#BFDAE3,191,218,227,Basic cell groups and regions,grey,category,1,1,AllenCCF-Ontology-2017-997
AllenCCF-Annotation-2020-334,AllenCCF-Ontology-2017-703,AllenCCF-Ontology-2017-DIVI,324,717766,0.7177660000000001,#8ADA87,138,218,135,Cortical subplate,CTXsp,division,2,4,AllenCCF-Ontology-2017-8
AllenCCF-Annotation-2020-334,AllenCCF-Ontology-2017-319,AllenCCF-Ontology-2017-STRU,324,717766,0.7177660000000001,#84EA81,132,234,129,Basomedial amygdalar nucleus,BMA,structure,3,78,AllenCCF-Ontology-2017-703
AllenCCF-Annotation-2020-334,AllenCCF-Ontology-2017-334,AllenCCF-Ontology-2017-SUBS,324,717766,0.7177660000000001,#84EA81,132,234,129,"Basomedial amygdalar nucleus, posterior part",BMAp,substructure,4,377,AllenCCF-Ontology-2017-319
AllenCCF-Annotation-2020-780,AllenCCF-Ontology-2017-997,AllenCCF-Ontology-2017-ORGA,770,966658,0.9666580000000001,#FFFFFF,255,255,255,brain,brain,organ,0,0,
AllenCCF-Annotation-2020-780,AllenCCF-Ontology-2017-8,AllenCCF-Ontology-2017-CATE,770,966658,0.9666580000000001,#BFDAE3,191,218,227,Basic cell groups and regions,grey,category,1,1,AllenCCF-Ontology-2017-997
AllenCCF-Annotation-2020-780,AllenCCF-Ontology-2017-703,AllenCCF-Ontology-2017-DIVI,770,966658,0.9666580000000001,#8ADA87,138,218,135,Cortical subplate,CTXsp,division,2,4,AllenCCF-Ontology-2017-8
AllenCCF-Annotation-2020-780,AllenCCF-Ontology-2017-780,AllenCCF-Ontology-2017-STRU,770,966658,0.9666580000000001,#97EC93,151,236,147,Posterior amygdalar nucleus,PA,structure,3,79,AllenCCF-Ontology-2017-703
AllenCCF-Annotation-2020-477,AllenCCF-Ontology-2017-997,AllenCCF-Ontology-2017-ORGA,467,2677822,2.6778220000000004,#FFFFFF,255,255,255,brain,brain,organ,0,0,
AllenCCF-Annotation-2020-477,AllenCCF-Ontology-2017-8,AllenCCF-Ontology-2017-CATE,467,2677822,2.6778220000000004,#BFDAE3,191,218,227,Basic cell groups and regions,grey,category,1,1,AllenCCF-Ontology-2017-997
AllenCCF-Annotation-2020-477,AllenCCF-Ontology-2017-477,AllenCCF-Ontology-2017-DIVI,467,2677822,2.6778220000000004,#98D6F9,152,214,249,Striatum,STR,division,2,5,AllenCCF-Ontology-2017-8
AllenCCF-Annotation-2020-672,AllenCCF-Ontology-2017-997,AllenCCF-Ontology-2017-ORGA,662,26018770,26.018770000000004,#FFFFFF,255,255,255,brain,brain,organ,0,0,
AllenCCF-Annotation-2020-672,AllenCCF-Ontology-2017-8,AllenCCF-Ontology-2017-CATE,662,26018770,26.018770000000004,#BFDAE3,191,218,227,Basic cell groups and regions,grey,category,1,1,AllenCCF-Ontology-2017-997
AllenCCF-Annotation-2020-672,AllenCCF-Ontology-2017-477,AllenCCF-Ontology-2017-DIVI,662,26018770,26.018770000000004,#98D6F9,152,214,249,Striatum,STR,division,2,5,AllenCCF-Ontology-2017-8
AllenCCF-Annotation-2020-672,AllenCCF-Ontology-2017-672,AllenCCF-Ontology-2017-STRU,662,26018770,26.018770000000004,#98D6F9,152,214,249,Caudoputamen,CP,structure,3,81,AllenCCF-Ontology-2017-477
AllenCCF-Annotation-2020-56,AllenCCF-Ontology-2017-997,AllenCCF-Ontology-2017-ORGA,51,4401366,4.401366,#FFFFFF,255,255,255,brain,brain,organ,0,0,
AllenCCF-Annotation-2020-56,AllenCCF-Ontology-2017-8,AllenCCF-Ontology-2017-CATE,51,4401366,4.401366,#BFDAE3,191,218,227,Basic cell groups and regions,grey,category,1,1,AllenCCF-Ontology-2017-997
AllenCCF-Annotation-2020-56,AllenCCF-Ontology-2017-477,AllenCCF-Ontology-2017-DIVI,51,4401366,4.401366,#98D6F9,152,214,249,Striatum,STR,division,2,5,AllenCCF-Ontology-2017-8
AllenCCF-Annotation-2020-56,AllenCCF-Ontology-2017-56,AllenCCF-Ontology-2017-STRU,51,4401366,4.401366,#80CDF8,128,205,248,Nucleus accumbens,ACB,structure,3,82,AllenCCF-Ontology-2017-477
AllenCCF-Annotation-2020-998,AllenCCF-Ontology-2017-997,AllenCCF-Ontology-2017-ORGA,988,428468,0.42846800000000007,#FFFFFF,255,255,255,brain,brain,organ,0,0,
AllenCCF-Annotation-2020-998,AllenCCF-Ontology-2017-8,AllenCCF-Ontology-2017-CATE,988,428468,0.42846800000000007,#BFDAE3,191,218,227,Basic cell groups and regions,grey,category,1,1,AllenCCF-Ontology-2017-997
AllenCCF-Annotation-2020-998,AllenCCF-Ontology-2017-477,AllenCCF-Ontology-2017-DIVI,988,428468,0.42846800000000007,#98D6F9,152,214,249,Striatum,STR,division,2,5,AllenCCF-Ontology-2017-8
AllenCCF-Annotation-2020-998,AllenCCF-Ontology-2017-998,AllenCCF-Ontology-2017-STRU,988,428468,0.42846800000000007,#80CDF8,128,205,248,Fundus of striatum,FS,structure,3,83,AllenCCF-Ontology-2017-477
AllenCCF-Annotation-2020-754,AllenCCF-Ontology-2017-997,AllenCCF-Ontology-2017-ORGA,744,3823686,3.823686000000001,#FFFFFF,255,255,255,brain,brain,organ,0,0,
AllenCCF-Annotation-2020-754,AllenCCF-Ontology-2017-8,AllenCCF-Ontology-2017-CATE,744,3823686,3.823686000000001,#BFDAE3,191,218,227,Basic cell groups and regions,grey,category,1,1,AllenCCF-Ontology-2017-997
AllenCCF-Annotation-2020-754,AllenCCF-Ontology-2017-477,AllenCCF-Ontology-2017-DIVI,744,3823686,3.823686000000001,#98D6F9,152,214,249,Striatum,STR,division,2,5,AllenCCF-Ontology-2017-8
AllenCCF-Annotation-2020-754,AllenCCF-Ontology-2017-754,AllenCCF-Ontology-2017-STRU,744,3823686,3.823686000000001,#80CDF8,128,205,248,Olfactory tubercle,OT,structure,3,84,AllenCCF-Ontology-2017-477
AllenCCF-Annotation-2020-250,AllenCCF-Ontology-2017-997,AllenCCF-Ontology-2017-ORGA,243,563601,0.5636010000000001,#FFFFFF,255,255,255,brain,brain,organ,0,0,
AllenCCF-Annotation-2020-250,AllenCCF-Ontology-2017-8,AllenCCF-Ontology-2017-CATE,243,563601,0.5636010000000001,#BFDAE3,191,218,227,Basic cell groups and regions,grey,category,1,1,AllenCCF-Ontology-2017-997
AllenCCF-Annotation-2020-250,AllenCCF-Ontology-2017-477,AllenCCF-Ontology-2017-DIVI,243,563601,0.5636010000000001,#98D6F9,152,214,249,Striatum,STR,division,2,5,AllenCCF-Ontology-2017-8
AllenCCF-Annotation-2020-250,AllenCCF-Ontology-2017-250,AllenCCF-Ontology-2017-STRU,243,563601,0.5636010000000001,#90CBED,144,203,237,"Lateral septal nucleus, caudal (caudodorsal) part",LSc,structure,3,85,AllenCCF-Ontology-2017-477
AllenCCF-Annotation-2020-258,AllenCCF-Ontology-2017-997,AllenCCF-Ontology-2017-ORGA,251,1881915,1.8819150000000002,#FFFFFF,255,255,255,brain,brain,organ,0,0,
AllenCCF-Annotation-2020-258,AllenCCF-Ontology-2017-8,AllenCCF-Ontology-2017-CATE,251,1881915,1.8819150000000002,#BFDAE3,191,218,227,Basic cell groups and regions,grey,category,1,1,AllenCCF-Ontology-2017-997
AllenCCF-Annotation-2020-258,AllenCCF-Ontology-2017-477,AllenCCF-Ontology-2017-DIVI,251,1881915,1.8819150000000002,#98D6F9,152,214,249,Striatum,STR,division,2,5,AllenCCF-Ontology-2017-8
AllenCCF-Annotation-2020-258,AllenCCF-Ontology-2017-258,AllenCCF-Ontology-2017-STRU,251,1881915,1.8819150000000002,#90CBED,144,203,237,"Lateral septal nucleus, rostral (rostroventral) part",LSr,structure,3,86,AllenCCF-Ontology-2017-477
AllenCCF-Annotation-2020-266,AllenCCF-Ontology-2017-997,AllenCCF-Ontology-2017-ORGA,258,607236,0.6072360000000001,#FFFFFF,255,255,255,brain,brain,organ,0,0,
AllenCCF-Annotation-2020-266,AllenCCF-Ontology-2017-8,AllenCCF-Ontology-2017-CATE,258,607236,0.6072360000000001,#BFDAE3,191,218,227,Basic cell groups and regions,grey,category,1,1,AllenCCF-Ontology-2017-997
AllenCCF-Annotation-2020-266,AllenCCF-Ontology-2017-477,AllenCCF-Ontology-2017-DIVI,258,607236,0.6072360000000001,#98D6F9,152,214,249,Striatum,STR,division,2,5,AllenCCF-Ontology-2017-8
AllenCCF-Annotation-2020-266,AllenCCF-Ontology-2017-266,AllenCCF-Ontology-2017-STRU,258,607236,0.6072360000000001,#90CBED,144,203,237,"Lateral septal nucleus, ventral part",LSv,structure,3,87,AllenCCF-Ontology-2017-477
AllenCCF-Annotation-2020-310,AllenCCF-Ontology-2017-997,AllenCCF-Ontology-2017-ORGA,300,474314,0.47431400000000007,#FFFFFF,255,255,255,brain,brain,organ,0,0,
AllenCCF-Annotation-2020-310,AllenCCF-Ontology-2017-8,AllenCCF-Ontology-2017-CATE,300,474314,0.47431400000000007,#BFDAE3,191,218,227,Basic cell groups and regions,grey,category,1,1,AllenCCF-Ontology-2017-997
AllenCCF-Annotation-2020-310,AllenCCF-Ontology-2017-477,AllenCCF-Ontology-2017-DIVI,300,474314,0.47431400000000007,#98D6F9,152,214,249,Striatum,STR,division,2,5,AllenCCF-Ontology-2017-8
AllenCCF-Annotation-2020-310,AllenCCF-Ontology-2017-310,AllenCCF-Ontology-2017-STRU,300,474314,0.47431400000000007,#90CBED,144,203,237,Septofimbrial nucleus,SF,structure,3,88,AllenCCF-Ontology-2017-477
AllenCCF-Annotation-2020-333,AllenCCF-Ontology-2017-997,AllenCCF-Ontology-2017-ORGA,323,36996,0.03699600000000001,#FFFFFF,255,255,255,brain,brain,organ,0,0,
AllenCCF-Annotation-2020-333,AllenCCF-Ontology-2017-8,AllenCCF-Ontology-2017-CATE,323,36996,0.03699600000000001,#BFDAE3,191,218,227,Basic cell groups and regions,grey,category,1,1,AllenCCF-Ontology-2017-997
AllenCCF-Annotation-2020-333,AllenCCF-Ontology-2017-477,AllenCCF-Ontology-2017-DIVI,323,36996,0.03699600000000001,#98D6F9,152,214,249,Striatum,STR,division,2,5,AllenCCF-Ontology-2017-8
AllenCCF-Annotation-2020-333,AllenCCF-Ontology-2017-333,AllenCCF-Ontology-2017-STRU,323,36996,0.03699600000000001,#90CBED,144,203,237,Septohippocampal nucleus,SH,structure,3,89,AllenCCF-Ontology-2017-477
AllenCCF-Annotation-2020-23,AllenCCF-Ontology-2017-997,AllenCCF-Ontology-2017-ORGA,21,494370,0.4943700000000001,#FFFFFF,255,255,255,brain,brain,organ,0,0,
AllenCCF-Annotation-2020-23,AllenCCF-Ontology-2017-8,AllenCCF-Ontology-2017-CATE,21,494370,0.4943700000000001,#BFDAE3,191,218,227,Basic cell groups and regions,grey,category,1,1,AllenCCF-Ontology-2017-997
AllenCCF-Annotation-2020-23,AllenCCF-Ontology-2017-477,AllenCCF-Ontology-2017-DIVI,21,494370,0.4943700000000001,#98D6F9,152,214,249,Striatum,STR,division,2,5,AllenCCF-Ontology-2017-8
AllenCCF-Annotation-2020-23,AllenCCF-Ontology-2017-23,AllenCCF-Ontology-2017-STRU,21,494370,0.4943700000000001,#80C0E2,128,192,226,Anterior amygdalar area,AAA,structure,3,90,AllenCCF-Ontology-2017-477
AllenCCF-Annotation-2020-292,AllenCCF-Ontology-2017-997,AllenCCF-Ontology-2017-ORGA,282,24958,0.024958000000000004,#FFFFFF,255,255,255,brain,brain,organ,0,0,
AllenCCF-Annotation-2020-292,AllenCCF-Ontology-2017-8,AllenCCF-Ontology-2017-CATE,282,24958,0.024958000000000004,#BFDAE3,191,218,227,Basic cell groups and regions,grey,category,1,1,AllenCCF-Ontology-2017-997
AllenCCF-Annotation-2020-292,AllenCCF-Ontology-2017-477,AllenCCF-Ontology-2017-DIVI,282,24958,0.024958000000000004,#98D6F9,152,214,249,Striatum,STR,division,2,5,AllenCCF-Ontology-2017-8
AllenCCF-Annotation-2020-292,AllenCCF-Ontology-2017-292,AllenCCF-Ontology-2017-STRU,282,24958,0.024958000000000004,#80C0E2,128,192,226,Bed nucleus of the accessory olfactory tract,BA,structure,3,91,AllenCCF-Ontology-2017-477
AllenCCF-Annotation-2020-544,AllenCCF-Ontology-2017-997,AllenCCF-Ontology-2017-ORGA,534,309320,0.30932000000000004,#FFFFFF,255,255,255,brain,brain,organ,0,0,
AllenCCF-Annotation-2020-544,AllenCCF-Ontology-2017-8,AllenCCF-Ontology-2017-CATE,534,309320,0.30932000000000004,#BFDAE3,191,218,227,Basic cell groups and regions,grey,category,1,1,AllenCCF-Ontology-2017-997
AllenCCF-Annotation-2020-544,AllenCCF-Ontology-2017-477,AllenCCF-Ontology-2017-DIVI,534,309320,0.30932000000000004,#98D6F9,152,214,249,Striatum,STR,division,2,5,AllenCCF-Ontology-2017-8
AllenCCF-Annotation-2020-544,AllenCCF-Ontology-2017-536,AllenCCF-Ontology-2017-STRU,534,309320,0.30932000000000004,#80C0E2,128,192,226,Central amygdalar nucleus,CEA,structure,3,92,AllenCCF-Ontology-2017-477
AllenCCF-Annotation-2020-544,AllenCCF-Ontology-2017-544,AllenCCF-Ontology-2017-SUBS,534,309320,0.30932000000000004,#80C0E2,128,192,226,"Central amygdalar nucleus, capsular part",CEAc,substructure,4,397,AllenCCF-Ontology-2017-536
AllenCCF-Annotation-2020-551,AllenCCF-Ontology-2017-997,AllenCCF-Ontology-2017-ORGA,541,259674,0.259674,#FFFFFF,255,255,255,brain,brain,organ,0,0,
AllenCCF-Annotation-2020-551,AllenCCF-Ontology-2017-8,AllenCCF-Ontology-2017-CATE,541,259674,0.259674,#BFDAE3,191,218,227,Basic cell groups and regions,grey,category,1,1,AllenCCF-Ontology-2017-997
AllenCCF-Annotation-2020-551,AllenCCF-Ontology-2017-477,AllenCCF-Ontology-2017-DIVI,541,259674,0.259674,#98D6F9,152,214,249,Striatum,STR,division,2,5,AllenCCF-Ontology-2017-8
AllenCCF-Annotation-2020-551,AllenCCF-Ontology-2017-536,AllenCCF-Ontology-2017-STRU,541,259674,0.259674,#80C0E2,128,192,226,Central amygdalar nucleus,CEA,structure,3,92,AllenCCF-Ontology-2017-477
AllenCCF-Annotation-2020-551,AllenCCF-Ontology-2017-551,AllenCCF-Ontology-2017-SUBS,541,259674,0.259674,#80C0E2,128,192,226,"Central amygdalar nucleus, lateral part",CEAl,substructure,4,398,AllenCCF-Ontology-2017-536
AllenCCF-Annotation-2020-559,AllenCCF-Ontology-2017-997,AllenCCF-Ontology-2017-ORGA,549,748006,0.7480060000000002,#FFFFFF,255,255,255,brain,brain,organ,0,0,
AllenCCF-Annotation-2020-559,AllenCCF-Ontology-2017-8,AllenCCF-Ontology-2017-CATE,549,748006,0.7480060000000002,#BFDAE3,191,218,227,Basic cell groups and regions,grey,category,1,1,AllenCCF-Ontology-2017-997
AllenCCF-Annotation-2020-559,AllenCCF-Ontology-2017-477,AllenCCF-Ontology-2017-DIVI,549,748006,0.7480060000000002,#98D6F9,152,214,249,Striatum,STR,division,2,5,AllenCCF-Ontology-2017-8
AllenCCF-Annotation-2020-559,AllenCCF-Ontology-2017-536,AllenCCF-Ontology-2017-STRU,549,748006,0.7480060000000002,#80C0E2,128,192,226,Central amygdalar nucleus,CEA,structure,3,92,AllenCCF-Ontology-2017-477
AllenCCF-Annotation-2020-559,AllenCCF-Ontology-2017-559,AllenCCF-Ontology-2017-SUBS,549,748006,0.7480060000000002,#80C0E2,128,192,226,"Central amygdalar nucleus, medial part",CEAm,substructure,4,399,AllenCCF-Ontology-2017-536
AllenCCF-Annotation-2020-1105,AllenCCF-Ontology-2017-997,AllenCCF-Ontology-2017-ORGA,1094,182714,0.18271400000000004,#FFFFFF,255,255,255,brain,brain,organ,0,0,
AllenCCF-Annotation-2020-1105,AllenCCF-Ontology-2017-8,AllenCCF-Ontology-2017-CATE,1094,182714,0.18271400000000004,#BFDAE3,191,218,227,Basic cell groups and regions,grey,category,1,1,AllenCCF-Ontology-2017-997
AllenCCF-Annotation-2020-1105,AllenCCF-Ontology-2017-477,AllenCCF-Ontology-2017-DIVI,1094,182714,0.18271400000000004,#98D6F9,152,214,249,Striatum,STR,division,2,5,AllenCCF-Ontology-2017-8
AllenCCF-Annotation-2020-1105,AllenCCF-Ontology-2017-1105,AllenCCF-Ontology-2017-STRU,1094,182714,0.18271400000000004,#80C0E2,128,192,226,Intercalated amygdalar nucleus,IA,structure,3,93,AllenCCF-Ontology-2017-477
AllenCCF-Annotation-2020-403,AllenCCF-Ontology-2017-997,AllenCCF-Ontology-2017-ORGA,393,2028582,2.0285820000000006,#FFFFFF,255,255,255,brain,brain,organ,0,0,
AllenCCF-Annotation-2020-403,AllenCCF-Ontology-2017-8,AllenCCF-Ontology-2017-CATE,393,2028582,2.0285820000000006,#BFDAE3,191,218,227,Basic cell groups and regions,grey,category,1,1,AllenCCF-Ontology-2017-997
AllenCCF-Annotation-2020-403,AllenCCF-Ontology-2017-477,AllenCCF-Ontology-2017-DIVI,393,2028582,2.0285820000000006,#98D6F9,152,214,249,Striatum,STR,division,2,5,AllenCCF-Ontology-2017-8
AllenCCF-Annotation-2020-403,AllenCCF-Ontology-2017-403,AllenCCF-Ontology-2017-STRU,393,2028582,2.0285820000000006,#80C0E2,128,192,226,Medial amygdalar nucleus,MEA,structure,3,94,AllenCCF-Ontology-2017-477
AllenCCF-Annotation-2020-803,AllenCCF-Ontology-2017-997,AllenCCF-Ontology-2017-ORGA,793,1125620,1.1256200000000003,#FFFFFF,255,255,255,brain,brain,organ,0,0,
AllenCCF-Annotation-2020-803,AllenCCF-Ontology-2017-8,AllenCCF-Ontology-2017-CATE,793,1125620,1.1256200000000003,#BFDAE3,191,218,227,Basic cell groups and regions,grey,category,1,1,AllenCCF-Ontology-2017-997
AllenCCF-Annotation-2020-803,AllenCCF-Ontology-2017-803,AllenCCF-Ontology-2017-DIVI,793,1125620,1.1256200000000003,#8599CC,133,153,204,Pallidum,PAL,division,2,6,AllenCCF-Ontology-2017-8
AllenCCF-Annotation-2020-1022,AllenCCF-Ontology-2017-997,AllenCCF-Ontology-2017-ORGA,1011,1564816,1.5648160000000002,#FFFFFF,255,255,255,brain,brain,organ,0,0,
AllenCCF-Annotation-2020-1022,AllenCCF-Ontology-2017-8,AllenCCF-Ontology-2017-CATE,1011,1564816,1.5648160000000002,#BFDAE3,191,218,227,Basic cell groups and regions,grey,category,1,1,AllenCCF-Ontology-2017-997
AllenCCF-Annotation-2020-1022,AllenCCF-Ontology-2017-803,AllenCCF-Ontology-2017-DIVI,1011,1564816,1.5648160000000002,#8599CC,133,153,204,Pallidum,PAL,division,2,6,AllenCCF-Ontology-2017-8
AllenCCF-Annotation-2020-1022,AllenCCF-Ontology-2017-1022,AllenCCF-Ontology-2017-STRU,1011,1564816,1.5648160000000002,#8599CC,133,153,204,"Globus pallidus, external segment",GPe,structure,3,96,AllenCCF-Ontology-2017-803
AllenCCF-Annotation-2020-1031,AllenCCF-Ontology-2017-997,AllenCCF-Ontology-2017-ORGA,1020,423578,0.42357800000000007,#FFFFFF,255,255,255,brain,brain,organ,0,0,
AllenCCF-Annotation-2020-1031,AllenCCF-Ontology-2017-8,AllenCCF-Ontology-2017-CATE,1020,423578,0.42357800000000007,#BFDAE3,191,218,227,Basic cell groups and regions,grey,category,1,1,AllenCCF-Ontology-2017-997
AllenCCF-Annotation-2020-1031,AllenCCF-Ontology-2017-803,AllenCCF-Ontology-2017-DIVI,1020,423578,0.42357800000000007,#8599CC,133,153,204,Pallidum,PAL,division,2,6,AllenCCF-Ontology-2017-8
AllenCCF-Annotation-2020-1031,AllenCCF-Ontology-2017-1031,AllenCCF-Ontology-2017-STRU,1020,423578,0.42357800000000007,#8599CC,133,153,204,"Globus pallidus, internal segment",GPi,structure,3,97,AllenCCF-Ontology-2017-803
AllenCCF-Annotation-2020-342,AllenCCF-Ontology-2017-997,AllenCCF-Ontology-2017-ORGA,332,3027112,3.0271120000000007,#FFFFFF,255,255,255,brain,brain,organ,0,0,
AllenCCF-Annotation-2020-342,AllenCCF-Ontology-2017-8,AllenCCF-Ontology-2017-CATE,332,3027112,3.0271120000000007,#BFDAE3,191,218,227,Basic cell groups and regions,grey,category,1,1,AllenCCF-Ontology-2017-997
AllenCCF-Annotation-2020-342,AllenCCF-Ontology-2017-803,AllenCCF-Ontology-2017-DIVI,332,3027112,3.0271120000000007,#8599CC,133,153,204,Pallidum,PAL,division,2,6,AllenCCF-Ontology-2017-8
AllenCCF-Annotation-2020-342,AllenCCF-Ontology-2017-342,AllenCCF-Ontology-2017-STRU,332,3027112,3.0271120000000007,#A2B1D8,162,177,216,Substantia innominata,SI,structure,3,98,AllenCCF-Ontology-2017-803
AllenCCF-Annotation-2020-298,AllenCCF-Ontology-2017-997,AllenCCF-Ontology-2017-ORGA,288,364276,0.36427600000000004,#FFFFFF,255,255,255,brain,brain,organ,0,0,
AllenCCF-Annotation-2020-298,AllenCCF-Ontology-2017-8,AllenCCF-Ontology-2017-CATE,288,364276,0.36427600000000004,#BFDAE3,191,218,227,Basic cell groups and regions,grey,category,1,1,AllenCCF-Ontology-2017-997
AllenCCF-Annotation-2020-298,AllenCCF-Ontology-2017-803,AllenCCF-Ontology-2017-DIVI,288,364276,0.36427600000000004,#8599CC,133,153,204,Pallidum,PAL,division,2,6,AllenCCF-Ontology-2017-8
AllenCCF-Annotation-2020-298,AllenCCF-Ontology-2017-298,AllenCCF-Ontology-2017-STRU,288,364276,0.36427600000000004,#A2B1D8,162,177,216,Magnocellular nucleus,MA,structure,3,99,AllenCCF-Ontology-2017-803
AllenCCF-Annotation-2020-564,AllenCCF-Ontology-2017-997,AllenCCF-Ontology-2017-ORGA,554,415168,0.4151680000000001,#FFFFFF,255,255,255,brain,brain,organ,0,0,
AllenCCF-Annotation-2020-564,AllenCCF-Ontology-2017-8,AllenCCF-Ontology-2017-CATE,554,415168,0.4151680000000001,#BFDAE3,191,218,227,Basic cell groups and regions,grey,category,1,1,AllenCCF-Ontology-2017-997
AllenCCF-Annotation-2020-564,AllenCCF-Ontology-2017-803,AllenCCF-Ontology-2017-DIVI,554,415168,0.4151680000000001,#8599CC,133,153,204,Pallidum,PAL,division,2,6,AllenCCF-Ontology-2017-8
AllenCCF-Annotation-2020-564,AllenCCF-Ontology-2017-564,AllenCCF-Ontology-2017-STRU,554,415168,0.4151680000000001,#96A7D3,150,167,211,Medial septal nucleus,MS,structure,3,100,AllenCCF-Ontology-2017-803
AllenCCF-Annotation-2020-596,AllenCCF-Ontology-2017-997,AllenCCF-Ontology-2017-ORGA,586,739932,0.7399320000000001,#FFFFFF,255,255,255,brain,brain,organ,0,0,
AllenCCF-Annotation-2020-596,AllenCCF-Ontology-2017-8,AllenCCF-Ontology-2017-CATE,586,739932,0.7399320000000001,#BFDAE3,191,218,227,Basic cell groups and regions,grey,category,1,1,AllenCCF-Ontology-2017-997
AllenCCF-Annotation-2020-596,AllenCCF-Ontology-2017-803,AllenCCF-Ontology-2017-DIVI,586,739932,0.7399320000000001,#8599CC,133,153,204,Pallidum,PAL,division,2,6,AllenCCF-Ontology-2017-8
AllenCCF-Annotation-2020-596,AllenCCF-Ontology-2017-596,AllenCCF-Ontology-2017-STRU,586,739932,0.7399320000000001,#96A7D3,150,167,211,Diagonal band nucleus,NDB,structure,3,101,AllenCCF-Ontology-2017-803
AllenCCF-Annotation-2020-581,AllenCCF-Ontology-2017-997,AllenCCF-Ontology-2017-ORGA,571,355850,0.35585000000000006,#FFFFFF,255,255,255,brain,brain,organ,0,0,
AllenCCF-Annotation-2020-581,AllenCCF-Ontology-2017-8,AllenCCF-Ontology-2017-CATE,571,355850,0.35585000000000006,#BFDAE3,191,218,227,Basic cell groups and regions,grey,category,1,1,AllenCCF-Ontology-2017-997
AllenCCF-Annotation-2020-581,AllenCCF-Ontology-2017-803,AllenCCF-Ontology-2017-DIVI,571,355850,0.35585000000000006,#8599CC,133,153,204,Pallidum,PAL,division,2,6,AllenCCF-Ontology-2017-8
AllenCCF-Annotation-2020-581,AllenCCF-Ontology-2017-581,AllenCCF-Ontology-2017-STRU,571,355850,0.35585000000000006,#96A7D3,150,167,211,Triangular nucleus of septum,TRS,structure,3,102,AllenCCF-Ontology-2017-803
AllenCCF-Annotation-2020-351,AllenCCF-Ontology-2017-997,AllenCCF-Ontology-2017-ORGA,341,1340702,1.3407020000000003,#FFFFFF,255,255,255,brain,brain,organ,0,0,
AllenCCF-Annotation-2020-351,AllenCCF-Ontology-2017-8,AllenCCF-Ontology-2017-CATE,341,1340702,1.3407020000000003,#BFDAE3,191,218,227,Basic cell groups and regions,grey,category,1,1,AllenCCF-Ontology-2017-997
AllenCCF-Annotation-2020-351,AllenCCF-Ontology-2017-803,AllenCCF-Ontology-2017-DIVI,341,1340702,1.3407020000000003,#8599CC,133,153,204,Pallidum,PAL,division,2,6,AllenCCF-Ontology-2017-8
AllenCCF-Annotation-2020-351,AllenCCF-Ontology-2017-351,AllenCCF-Ontology-2017-STRU,341,1340702,1.3407020000000003,#B3C0DF,179,192,223,Bed nuclei of the stria terminalis,BST,structure,3,103,AllenCCF-Ontology-2017-803
AllenCCF-Annotation-2020-287,AllenCCF-Ontology-2017-997,AllenCCF-Ontology-2017-ORGA,277,7756,0.007756000000000002,#FFFFFF,255,255,255,brain,brain,organ,0,0,
AllenCCF-Annotation-2020-287,AllenCCF-Ontology-2017-8,AllenCCF-Ontology-2017-CATE,277,7756,0.007756000000000002,#BFDAE3,191,218,227,Basic cell groups and regions,grey,category,1,1,AllenCCF-Ontology-2017-997
AllenCCF-Annotation-2020-287,AllenCCF-Ontology-2017-803,AllenCCF-Ontology-2017-DIVI,277,7756,0.007756000000000002,#8599CC,133,153,204,Pallidum,PAL,division,2,6,AllenCCF-Ontology-2017-8
AllenCCF-Annotation-2020-287,AllenCCF-Ontology-2017-287,AllenCCF-Ontology-2017-STRU,277,7756,0.007756000000000002,#B3C0DF,179,192,223,Bed nucleus of the anterior commissure,BAC,structure,3,104,AllenCCF-Ontology-2017-803
AllenCCF-Annotation-2020-549,AllenCCF-Ontology-2017-997,AllenCCF-Ontology-2017-ORGA,539,919780,0.9197800000000002,#FFFFFF,255,255,255,brain,brain,organ,0,0,
AllenCCF-Annotation-2020-549,AllenCCF-Ontology-2017-8,AllenCCF-Ontology-2017-CATE,539,919780,0.9197800000000002,#BFDAE3,191,218,227,Basic cell groups and regions,grey,category,1,1,AllenCCF-Ontology-2017-997
AllenCCF-Annotation-2020-549,AllenCCF-Ontology-2017-549,AllenCCF-Ontology-2017-DIVI,539,919780,0.9197800000000002,#FF7080,255,112,128,Thalamus,TH,division,2,7,AllenCCF-Ontology-2017-8
AllenCCF-Annotation-2020-629,AllenCCF-Ontology-2017-997,AllenCCF-Ontology-2017-ORGA,619,817044,0.8170440000000001,#FFFFFF,255,255,255,brain,brain,organ,0,0,
AllenCCF-Annotation-2020-629,AllenCCF-Ontology-2017-8,AllenCCF-Ontology-2017-CATE,619,817044,0.8170440000000001,#BFDAE3,191,218,227,Basic cell groups and regions,grey,category,1,1,AllenCCF-Ontology-2017-997
AllenCCF-Annotation-2020-629,AllenCCF-Ontology-2017-549,AllenCCF-Ontology-2017-DIVI,619,817044,0.8170440000000001,#FF7080,255,112,128,Thalamus,TH,division,2,7,AllenCCF-Ontology-2017-8
AllenCCF-Annotation-2020-629,AllenCCF-Ontology-2017-629,AllenCCF-Ontology-2017-STRU,619,817044,0.8170440000000001,#FF8084,255,128,132,Ventral anterior-lateral complex of the thalamus,VAL,structure,3,106,AllenCCF-Ontology-2017-549
AllenCCF-Annotation-2020-685,AllenCCF-Ontology-2017-997,AllenCCF-Ontology-2017-ORGA,675,928730,0.9287300000000002,#FFFFFF,255,255,255,brain,brain,organ,0,0,
AllenCCF-Annotation-2020-685,AllenCCF-Ontology-2017-8,AllenCCF-Ontology-2017-CATE,675,928730,0.9287300000000002,#BFDAE3,191,218,227,Basic cell groups and regions,grey,category,1,1,AllenCCF-Ontology-2017-997
AllenCCF-Annotation-2020-685,AllenCCF-Ontology-2017-549,AllenCCF-Ontology-2017-DIVI,675,928730,0.9287300000000002,#FF7080,255,112,128,Thalamus,TH,division,2,7,AllenCCF-Ontology-2017-8
AllenCCF-Annotation-2020-685,AllenCCF-Ontology-2017-685,AllenCCF-Ontology-2017-STRU,675,928730,0.9287300000000002,#FF8084,255,128,132,Ventral medial nucleus of the thalamus,VM,structure,3,107,AllenCCF-Ontology-2017-549
AllenCCF-Annotation-2020-718,AllenCCF-Ontology-2017-997,AllenCCF-Ontology-2017-ORGA,708,875674,0.8756740000000002,#FFFFFF,255,255,255,brain,brain,organ,0,0,
AllenCCF-Annotation-2020-718,AllenCCF-Ontology-2017-8,AllenCCF-Ontology-2017-CATE,708,875674,0.8756740000000002,#BFDAE3,191,218,227,Basic cell groups and regions,grey,category,1,1,AllenCCF-Ontology-2017-997
AllenCCF-Annotation-2020-718,AllenCCF-Ontology-2017-549,AllenCCF-Ontology-2017-DIVI,708,875674,0.8756740000000002,#FF7080,255,112,128,Thalamus,TH,division,2,7,AllenCCF-Ontology-2017-8
AllenCCF-Annotation-2020-718,AllenCCF-Ontology-2017-718,AllenCCF-Ontology-2017-STRU,708,875674,0.8756740000000002,#FF8084,255,128,132,Ventral posterolateral nucleus of the thalamus,VPL,structure,3,108,AllenCCF-Ontology-2017-549
AllenCCF-Annotation-2020-725,AllenCCF-Ontology-2017-997,AllenCCF-Ontology-2017-ORGA,715,98824,0.09882400000000002,#FFFFFF,255,255,255,brain,brain,organ,0,0,
AllenCCF-Annotation-2020-725,AllenCCF-Ontology-2017-8,AllenCCF-Ontology-2017-CATE,715,98824,0.09882400000000002,#BFDAE3,191,218,227,Basic cell groups and regions,grey,category,1,1,AllenCCF-Ontology-2017-997
AllenCCF-Annotation-2020-725,AllenCCF-Ontology-2017-549,AllenCCF-Ontology-2017-DIVI,715,98824,0.09882400000000002,#FF7080,255,112,128,Thalamus,TH,division,2,7,AllenCCF-Ontology-2017-8
AllenCCF-Annotation-2020-725,AllenCCF-Ontology-2017-725,AllenCCF-Ontology-2017-STRU,715,98824,0.09882400000000002,#FF8084,255,128,132,"Ventral posterolateral nucleus of the thalamus, parvicellular part",VPLpc,structure,3,109,AllenCCF-Ontology-2017-549
AllenCCF-Annotation-2020-733,AllenCCF-Ontology-2017-997,AllenCCF-Ontology-2017-ORGA,723,1644660,1.6446600000000002,#FFFFFF,255,255,255,brain,brain,organ,0,0,
AllenCCF-Annotation-2020-733,AllenCCF-Ontology-2017-8,AllenCCF-Ontology-2017-CATE,723,1644660,1.6446600000000002,#BFDAE3,191,218,227,Basic cell groups and regions,grey,category,1,1,AllenCCF-Ontology-2017-997
AllenCCF-Annotation-2020-733,AllenCCF-Ontology-2017-549,AllenCCF-Ontology-2017-DIVI,723,1644660,1.6446600000000002,#FF7080,255,112,128,Thalamus,TH,division,2,7,AllenCCF-Ontology-2017-8
AllenCCF-Annotation-2020-733,AllenCCF-Ontology-2017-733,AllenCCF-Ontology-2017-STRU,723,1644660,1.6446600000000002,#FF8084,255,128,132,Ventral posteromedial nucleus of the thalamus,VPM,structure,3,110,AllenCCF-Ontology-2017-549
AllenCCF-Annotation-2020-741,AllenCCF-Ontology-2017-997,AllenCCF-Ontology-2017-ORGA,731,215258,0.21525800000000003,#FFFFFF,255,255,255,brain,brain,organ,0,0,
AllenCCF-Annotation-2020-741,AllenCCF-Ontology-2017-8,AllenCCF-Ontology-2017-CATE,731,215258,0.21525800000000003,#BFDAE3,191,218,227,Basic cell groups and regions,grey,category,1,1,AllenCCF-Ontology-2017-997
AllenCCF-Annotation-2020-741,AllenCCF-Ontology-2017-549,AllenCCF-Ontology-2017-DIVI,731,215258,0.21525800000000003,#FF7080,255,112,128,Thalamus,TH,division,2,7,AllenCCF-Ontology-2017-8
AllenCCF-Annotation-2020-741,AllenCCF-Ontology-2017-741,AllenCCF-Ontology-2017-STRU,731,215258,0.21525800000000003,#FF8084,255,128,132,"Ventral posteromedial nucleus of the thalamus, parvicellular part",VPMpc,structure,3,111,AllenCCF-Ontology-2017-549
AllenCCF-Annotation-2020-563807435,AllenCCF-Ontology-2017-997,AllenCCF-Ontology-2017-ORGA,1304,279602,0.2796020000000001,#FFFFFF,255,255,255,brain,brain,organ,0,0,
AllenCCF-Annotation-2020-563807435,AllenCCF-Ontology-2017-8,AllenCCF-Ontology-2017-CATE,1304,279602,0.2796020000000001,#BFDAE3,191,218,227,Basic cell groups and regions,grey,category,1,1,AllenCCF-Ontology-2017-997
AllenCCF-Annotation-2020-563807435,AllenCCF-Ontology-2017-549,AllenCCF-Ontology-2017-DIVI,1304,279602,0.2796020000000001,#FF7080,255,112,128,Thalamus,TH,division,2,7,AllenCCF-Ontology-2017-8
AllenCCF-Annotation-2020-563807435,AllenCCF-Ontology-2017-563807435,AllenCCF-Ontology-2017-STRU,1304,279602,0.2796020000000001,#FF8084,255,128,132,Posterior triangular thalamic nucleus,PoT,structure,3,112,AllenCCF-Ontology-2017-549
AllenCCF-Annotation-2020-414,AllenCCF-Ontology-2017-997,AllenCCF-Ontology-2017-ORGA,404,70074,0.07007400000000001,#FFFFFF,255,255,255,brain,brain,organ,0,0,
AllenCCF-Annotation-2020-414,AllenCCF-Ontology-2017-8,AllenCCF-Ontology-2017-CATE,404,70074,0.07007400000000001,#BFDAE3,191,218,227,Basic cell groups and regions,grey,category,1,1,AllenCCF-Ontology-2017-997
AllenCCF-Annotation-2020-414,AllenCCF-Ontology-2017-549,AllenCCF-Ontology-2017-DIVI,404,70074,0.07007400000000001,#FF7080,255,112,128,Thalamus,TH,division,2,7,AllenCCF-Ontology-2017-8
AllenCCF-Annotation-2020-414,AllenCCF-Ontology-2017-414,AllenCCF-Ontology-2017-STRU,404,70074,0.07007400000000001,#FF8084,255,128,132,"Subparafascicular nucleus, magnocellular part",SPFm,structure,3,113,AllenCCF-Ontology-2017-549
AllenCCF-Annotation-2020-422,AllenCCF-Ontology-2017-997,AllenCCF-Ontology-2017-ORGA,412,134918,0.134918,#FFFFFF,255,255,255,brain,brain,organ,0,0,
AllenCCF-Annotation-2020-422,AllenCCF-Ontology-2017-8,AllenCCF-Ontology-2017-CATE,412,134918,0.134918,#BFDAE3,191,218,227,Basic cell groups and regions,grey,category,1,1,AllenCCF-Ontology-2017-997
AllenCCF-Annotation-2020-422,AllenCCF-Ontology-2017-549,AllenCCF-Ontology-2017-DIVI,412,134918,0.134918,#FF7080,255,112,128,Thalamus,TH,division,2,7,AllenCCF-Ontology-2017-8
AllenCCF-Annotation-2020-422,AllenCCF-Ontology-2017-422,AllenCCF-Ontology-2017-STRU,412,134918,0.134918,#FF8084,255,128,132,"Subparafascicular nucleus, parvicellular part",SPFp,structure,3,114,AllenCCF-Ontology-2017-549
AllenCCF-Annotation-2020-609,AllenCCF-Ontology-2017-997,AllenCCF-Ontology-2017-ORGA,599,132628,0.13262800000000002,#FFFFFF,255,255,255,brain,brain,organ,0,0,
AllenCCF-Annotation-2020-609,AllenCCF-Ontology-2017-8,AllenCCF-Ontology-2017-CATE,599,132628,0.13262800000000002,#BFDAE3,191,218,227,Basic cell groups and regions,grey,category,1,1,AllenCCF-Ontology-2017-997
AllenCCF-Annotation-2020-609,AllenCCF-Ontology-2017-549,AllenCCF-Ontology-2017-DIVI,599,132628,0.13262800000000002,#FF7080,255,112,128,Thalamus,TH,division,2,7,AllenCCF-Ontology-2017-8
AllenCCF-Annotation-2020-609,AllenCCF-Ontology-2017-609,AllenCCF-Ontology-2017-STRU,599,132628,0.13262800000000002,#FF8084,255,128,132,Subparafascicular area,SPA,structure,3,115,AllenCCF-Ontology-2017-549
AllenCCF-Annotation-2020-1044,AllenCCF-Ontology-2017-997,AllenCCF-Ontology-2017-ORGA,1033,61144,0.06114400000000001,#FFFFFF,255,255,255,brain,brain,organ,0,0,
AllenCCF-Annotation-2020-1044,AllenCCF-Ontology-2017-8,AllenCCF-Ontology-2017-CATE,1033,61144,0.06114400000000001,#BFDAE3,191,218,227,Basic cell groups and regions,grey,category,1,1,AllenCCF-Ontology-2017-997
AllenCCF-Annotation-2020-1044,AllenCCF-Ontology-2017-549,AllenCCF-Ontology-2017-DIVI,1033,61144,0.06114400000000001,#FF7080,255,112,128,Thalamus,TH,division,2,7,AllenCCF-Ontology-2017-8
AllenCCF-Annotation-2020-1044,AllenCCF-Ontology-2017-1044,AllenCCF-Ontology-2017-STRU,1033,61144,0.06114400000000001,#FF8084,255,128,132,Peripeduncular nucleus,PP,structure,3,116,AllenCCF-Ontology-2017-549
AllenCCF-Annotation-2020-1072,AllenCCF-Ontology-2017-997,AllenCCF-Ontology-2017-ORGA,1061,173090,0.17309000000000002,#FFFFFF,255,255,255,brain,brain,organ,0,0,
AllenCCF-Annotation-2020-1072,AllenCCF-Ontology-2017-8,AllenCCF-Ontology-2017-CATE,1061,173090,0.17309000000000002,#BFDAE3,191,218,227,Basic cell groups and regions,grey,category,1,1,AllenCCF-Ontology-2017-997
AllenCCF-Annotation-2020-1072,AllenCCF-Ontology-2017-549,AllenCCF-Ontology-2017-DIVI,1061,173090,0.17309000000000002,#FF7080,255,112,128,Thalamus,TH,division,2,7,AllenCCF-Ontology-2017-8
AllenCCF-Annotation-2020-1072,AllenCCF-Ontology-2017-475,AllenCCF-Ontology-2017-STRU,1061,173090,0.17309000000000002,#FF8084,255,128,132,Medial geniculate complex,MG,structure,3,117,AllenCCF-Ontology-2017-549
AllenCCF-Annotation-2020-1072,AllenCCF-Ontology-2017-1072,AllenCCF-Ontology-2017-SUBS,1061,173090,0.17309000000000002,#FF8084,255,128,132,"Medial geniculate complex, dorsal part",MGd,substructure,4,430,AllenCCF-Ontology-2017-475
AllenCCF-Annotation-2020-1079,AllenCCF-Ontology-2017-997,AllenCCF-Ontology-2017-ORGA,1068,276444,0.276444,#FFFFFF,255,255,255,brain,brain,organ,0,0,
AllenCCF-Annotation-2020-1079,AllenCCF-Ontology-2017-8,AllenCCF-Ontology-2017-CATE,1068,276444,0.276444,#BFDAE3,191,218,227,Basic cell groups and regions,grey,category,1,1,AllenCCF-Ontology-2017-997
AllenCCF-Annotation-2020-1079,AllenCCF-Ontology-2017-549,AllenCCF-Ontology-2017-DIVI,1068,276444,0.276444,#FF7080,255,112,128,Thalamus,TH,division,2,7,AllenCCF-Ontology-2017-8
AllenCCF-Annotation-2020-1079,AllenCCF-Ontology-2017-475,AllenCCF-Ontology-2017-STRU,1068,276444,0.276444,#FF8084,255,128,132,Medial geniculate complex,MG,structure,3,117,AllenCCF-Ontology-2017-549
AllenCCF-Annotation-2020-1079,AllenCCF-Ontology-2017-1079,AllenCCF-Ontology-2017-SUBS,1068,276444,0.276444,#FF8084,255,128,132,"Medial geniculate complex, ventral part",MGv,substructure,4,431,AllenCCF-Ontology-2017-475
AllenCCF-Annotation-2020-1088,AllenCCF-Ontology-2017-997,AllenCCF-Ontology-2017-ORGA,1077,250310,0.25031000000000003,#FFFFFF,255,255,255,brain,brain,organ,0,0,
AllenCCF-Annotation-2020-1088,AllenCCF-Ontology-2017-8,AllenCCF-Ontology-2017-CATE,1077,250310,0.25031000000000003,#BFDAE3,191,218,227,Basic cell groups and regions,grey,category,1,1,AllenCCF-Ontology-2017-997
AllenCCF-Annotation-2020-1088,AllenCCF-Ontology-2017-549,AllenCCF-Ontology-2017-DIVI,1077,250310,0.25031000000000003,#FF7080,255,112,128,Thalamus,TH,division,2,7,AllenCCF-Ontology-2017-8
AllenCCF-Annotation-2020-1088,AllenCCF-Ontology-2017-475,AllenCCF-Ontology-2017-STRU,1077,250310,0.25031000000000003,#FF8084,255,128,132,Medial geniculate complex,MG,structure,3,117,AllenCCF-Ontology-2017-549
AllenCCF-Annotation-2020-1088,AllenCCF-Ontology-2017-1088,AllenCCF-Ontology-2017-SUBS,1077,250310,0.25031000000000003,#FF8084,255,128,132,"Medial geniculate complex, medial part",MGm,substructure,4,432,AllenCCF-Ontology-2017-475
AllenCCF-Annotation-2020-496345664,AllenCCF-Ontology-2017-997,AllenCCF-Ontology-2017-ORGA,1285,207304,0.20730400000000004,#FFFFFF,255,255,255,brain,brain,organ,0,0,
AllenCCF-Annotation-2020-496345664,AllenCCF-Ontology-2017-8,AllenCCF-Ontology-2017-CATE,1285,207304,0.20730400000000004,#BFDAE3,191,218,227,Basic cell groups and regions,grey,category,1,1,AllenCCF-Ontology-2017-997
AllenCCF-Annotation-2020-496345664,AllenCCF-Ontology-2017-549,AllenCCF-Ontology-2017-DIVI,1285,207304,0.20730400000000004,#FF7080,255,112,128,Thalamus,TH,division,2,7,AllenCCF-Ontology-2017-8
AllenCCF-Annotation-2020-496345664,AllenCCF-Ontology-2017-170,AllenCCF-Ontology-2017-STRU,1285,207304,0.20730400000000004,#FF8084,255,128,132,Dorsal part of the lateral geniculate complex,LGd,structure,3,118,AllenCCF-Ontology-2017-549
AllenCCF-Annotation-2020-496345664,AllenCCF-Ontology-2017-496345664,AllenCCF-Ontology-2017-SUBS,1285,207304,0.20730400000000004,#FF8084,255,128,132,"Dorsal part of the lateral geniculate complex, shell",LGd-sh,substructure,4,433,AllenCCF-Ontology-2017-170
AllenCCF-Annotation-2020-496345668,AllenCCF-Ontology-2017-997,AllenCCF-Ontology-2017-ORGA,1286,419172,0.41917200000000004,#FFFFFF,255,255,255,brain,brain,organ,0,0,
AllenCCF-Annotation-2020-496345668,AllenCCF-Ontology-2017-8,AllenCCF-Ontology-2017-CATE,1286,419172,0.41917200000000004,#BFDAE3,191,218,227,Basic cell groups and regions,grey,category,1,1,AllenCCF-Ontology-2017-997
AllenCCF-Annotation-2020-496345668,AllenCCF-Ontology-2017-549,AllenCCF-Ontology-2017-DIVI,1286,419172,0.41917200000000004,#FF7080,255,112,128,Thalamus,TH,division,2,7,AllenCCF-Ontology-2017-8
AllenCCF-Annotation-2020-496345668,AllenCCF-Ontology-2017-170,AllenCCF-Ontology-2017-STRU,1286,419172,0.41917200000000004,#FF8084,255,128,132,Dorsal part of the lateral geniculate complex,LGd,structure,3,118,AllenCCF-Ontology-2017-549
AllenCCF-Annotation-2020-496345668,AllenCCF-Ontology-2017-496345668,AllenCCF-Ontology-2017-SUBS,1286,419172,0.41917200000000004,#FF8084,255,128,132,"Dorsal part of the lateral geniculate complex, core",LGd-co,substructure,4,434,AllenCCF-Ontology-2017-170
AllenCCF-Annotation-2020-496345672,AllenCCF-Ontology-2017-997,AllenCCF-Ontology-2017-ORGA,1287,95850,0.09585000000000002,#FFFFFF,255,255,255,brain,brain,organ,0,0,
AllenCCF-Annotation-2020-496345672,AllenCCF-Ontology-2017-8,AllenCCF-Ontology-2017-CATE,1287,95850,0.09585000000000002,#BFDAE3,191,218,227,Basic cell groups and regions,grey,category,1,1,AllenCCF-Ontology-2017-997
AllenCCF-Annotation-2020-496345672,AllenCCF-Ontology-2017-549,AllenCCF-Ontology-2017-DIVI,1287,95850,0.09585000000000002,#FF7080,255,112,128,Thalamus,TH,division,2,7,AllenCCF-Ontology-2017-8
AllenCCF-Annotation-2020-496345672,AllenCCF-Ontology-2017-170,AllenCCF-Ontology-2017-STRU,1287,95850,0.09585000000000002,#FF8084,255,128,132,Dorsal part of the lateral geniculate complex,LGd,structure,3,118,AllenCCF-Ontology-2017-549
AllenCCF-Annotation-2020-496345672,AllenCCF-Ontology-2017-496345672,AllenCCF-Ontology-2017-SUBS,1287,95850,0.09585000000000002,#FF8084,255,128,132,"Dorsal part of the lateral geniculate complex, ipsilateral zone",LGd-ip,substructure,4,435,AllenCCF-Ontology-2017-170
AllenCCF-Annotation-2020-218,AllenCCF-Ontology-2017-997,AllenCCF-Ontology-2017-ORGA,211,1200686,1.2006860000000001,#FFFFFF,255,255,255,brain,brain,organ,0,0,
AllenCCF-Annotation-2020-218,AllenCCF-Ontology-2017-8,AllenCCF-Ontology-2017-CATE,211,1200686,1.2006860000000001,#BFDAE3,191,218,227,Basic cell groups and regions,grey,category,1,1,AllenCCF-Ontology-2017-997
AllenCCF-Annotation-2020-218,AllenCCF-Ontology-2017-549,AllenCCF-Ontology-2017-DIVI,211,1200686,1.2006860000000001,#FF7080,255,112,128,Thalamus,TH,division,2,7,AllenCCF-Ontology-2017-8
AllenCCF-Annotation-2020-218,AllenCCF-Ontology-2017-218,AllenCCF-Ontology-2017-STRU,211,1200686,1.2006860000000001,#FF909F,255,144,159,Lateral posterior nucleus of the thalamus,LP,structure,3,119,AllenCCF-Ontology-2017-549
AllenCCF-Annotation-2020-1020,AllenCCF-Ontology-2017-997,AllenCCF-Ontology-2017-ORGA,1009,1252618,1.2526180000000002,#FFFFFF,255,255,255,brain,brain,organ,0,0,
AllenCCF-Annotation-2020-1020,AllenCCF-Ontology-2017-8,AllenCCF-Ontology-2017-CATE,1009,1252618,1.2526180000000002,#BFDAE3,191,218,227,Basic cell groups and regions,grey,category,1,1,AllenCCF-Ontology-2017-997
AllenCCF-Annotation-2020-1020,AllenCCF-Ontology-2017-549,AllenCCF-Ontology-2017-DIVI,1009,1252618,1.2526180000000002,#FF7080,255,112,128,Thalamus,TH,division,2,7,AllenCCF-Ontology-2017-8
AllenCCF-Annotation-2020-1020,AllenCCF-Ontology-2017-1020,AllenCCF-Ontology-2017-STRU,1009,1252618,1.2526180000000002,#FF909F,255,144,159,Posterior complex of the thalamus,PO,structure,3,120,AllenCCF-Ontology-2017-549
AllenCCF-Annotation-2020-1029,AllenCCF-Ontology-2017-997,AllenCCF-Ontology-2017-ORGA,1018,205490,0.20549000000000003,#FFFFFF,255,255,255,brain,brain,organ,0,0,
AllenCCF-Annotation-2020-1029,AllenCCF-Ontology-2017-8,AllenCCF-Ontology-2017-CATE,1018,205490,0.20549000000000003,#BFDAE3,191,218,227,Basic cell groups and regions,grey,category,1,1,AllenCCF-Ontology-2017-997
AllenCCF-Annotation-2020-1029,AllenCCF-Ontology-2017-549,AllenCCF-Ontology-2017-DIVI,1018,205490,0.20549000000000003,#FF7080,255,112,128,Thalamus,TH,division,2,7,AllenCCF-Ontology-2017-8
AllenCCF-Annotation-2020-1029,AllenCCF-Ontology-2017-1029,AllenCCF-Ontology-2017-STRU,1018,205490,0.20549000000000003,#FF909F,255,144,159,Posterior limiting nucleus of the thalamus,POL,structure,3,121,AllenCCF-Ontology-2017-549
AllenCCF-Annotation-2020-325,AllenCCF-Ontology-2017-997,AllenCCF-Ontology-2017-ORGA,315,180892,0.18089200000000002,#FFFFFF,255,255,255,brain,brain,organ,0,0,
AllenCCF-Annotation-2020-325,AllenCCF-Ontology-2017-8,AllenCCF-Ontology-2017-CATE,315,180892,0.18089200000000002,#BFDAE3,191,218,227,Basic cell groups and regions,grey,category,1,1,AllenCCF-Ontology-2017-997
AllenCCF-Annotation-2020-325,AllenCCF-Ontology-2017-549,AllenCCF-Ontology-2017-DIVI,315,180892,0.18089200000000002,#FF7080,255,112,128,Thalamus,TH,division,2,7,AllenCCF-Ontology-2017-8
AllenCCF-Annotation-2020-325,AllenCCF-Ontology-2017-325,AllenCCF-Ontology-2017-STRU,315,180892,0.18089200000000002,#FF909F,255,144,159,Suprageniculate nucleus,SGN,structure,3,122,AllenCCF-Ontology-2017-549
AllenCCF-Annotation-2020-560581551,AllenCCF-Ontology-2017-997,AllenCCF-Ontology-2017-ORGA,1300,235712,0.23571200000000003,#FFFFFF,255,255,255,brain,brain,organ,0,0,
AllenCCF-Annotation-2020-560581551,AllenCCF-Ontology-2017-8,AllenCCF-Ontology-2017-CATE,1300,235712,0.23571200000000003,#BFDAE3,191,218,227,Basic cell groups and regions,grey,category,1,1,AllenCCF-Ontology-2017-997
AllenCCF-Annotation-2020-560581551,AllenCCF-Ontology-2017-549,AllenCCF-Ontology-2017-DIVI,1300,235712,0.23571200000000003,#FF7080,255,112,128,Thalamus,TH,division,2,7,AllenCCF-Ontology-2017-8
AllenCCF-Annotation-2020-560581551,AllenCCF-Ontology-2017-560581551,AllenCCF-Ontology-2017-STRU,1300,235712,0.23571200000000003,#FF909F,255,144,159,Ethmoid nucleus of the thalamus,Eth,structure,3,123,AllenCCF-Ontology-2017-549
AllenCCF-Annotation-2020-255,AllenCCF-Ontology-2017-997,AllenCCF-Ontology-2017-ORGA,248,415604,0.4156040000000001,#FFFFFF,255,255,255,brain,brain,organ,0,0,
AllenCCF-Annotation-2020-255,AllenCCF-Ontology-2017-8,AllenCCF-Ontology-2017-CATE,248,415604,0.4156040000000001,#BFDAE3,191,218,227,Basic cell groups and regions,grey,category,1,1,AllenCCF-Ontology-2017-997
AllenCCF-Annotation-2020-255,AllenCCF-Ontology-2017-549,AllenCCF-Ontology-2017-DIVI,248,415604,0.4156040000000001,#FF7080,255,112,128,Thalamus,TH,division,2,7,AllenCCF-Ontology-2017-8
AllenCCF-Annotation-2020-255,AllenCCF-Ontology-2017-255,AllenCCF-Ontology-2017-STRU,248,415604,0.4156040000000001,#FF909F,255,144,159,Anteroventral nucleus of thalamus,AV,structure,3,124,AllenCCF-Ontology-2017-549
AllenCCF-Annotation-2020-1096,AllenCCF-Ontology-2017-997,AllenCCF-Ontology-2017-ORGA,1085,244270,0.24427000000000004,#FFFFFF,255,255,255,brain,brain,organ,0,0,
AllenCCF-Annotation-2020-1096,AllenCCF-Ontology-2017-8,AllenCCF-Ontology-2017-CATE,1085,244270,0.24427000000000004,#BFDAE3,191,218,227,Basic cell groups and regions,grey,category,1,1,AllenCCF-Ontology-2017-997
AllenCCF-Annotation-2020-1096,AllenCCF-Ontology-2017-549,AllenCCF-Ontology-2017-DIVI,1085,244270,0.24427000000000004,#FF7080,255,112,128,Thalamus,TH,division,2,7,AllenCCF-Ontology-2017-8
AllenCCF-Annotation-2020-1096,AllenCCF-Ontology-2017-127,AllenCCF-Ontology-2017-STRU,1085,244270,0.24427000000000004,#FF909F,255,144,159,Anteromedial nucleus,AM,structure,3,125,AllenCCF-Ontology-2017-549
AllenCCF-Annotation-2020-1096,AllenCCF-Ontology-2017-1096,AllenCCF-Ontology-2017-SUBS,1085,244270,0.24427000000000004,#FF909F,255,144,159,"Anteromedial nucleus, dorsal part",AMd,substructure,4,442,AllenCCF-Ontology-2017-127
AllenCCF-Annotation-2020-1104,AllenCCF-Ontology-2017-997,AllenCCF-Ontology-2017-ORGA,1093,166352,0.16635200000000003,#FFFFFF,255,255,255,brain,brain,organ,0,0,
AllenCCF-Annotation-2020-1104,AllenCCF-Ontology-2017-8,AllenCCF-Ontology-2017-CATE,1093,166352,0.16635200000000003,#BFDAE3,191,218,227,Basic cell groups and regions,grey,category,1,1,AllenCCF-Ontology-2017-997
AllenCCF-Annotation-2020-1104,AllenCCF-Ontology-2017-549,AllenCCF-Ontology-2017-DIVI,1093,166352,0.16635200000000003,#FF7080,255,112,128,Thalamus,TH,division,2,7,AllenCCF-Ontology-2017-8
AllenCCF-Annotation-2020-1104,AllenCCF-Ontology-2017-127,AllenCCF-Ontology-2017-STRU,1093,166352,0.16635200000000003,#FF909F,255,144,159,Anteromedial nucleus,AM,structure,3,125,AllenCCF-Ontology-2017-549
AllenCCF-Annotation-2020-1104,AllenCCF-Ontology-2017-1104,AllenCCF-Ontology-2017-SUBS,1093,166352,0.16635200000000003,#FF909F,255,144,159,"Anteromedial nucleus, ventral part",AMv,substructure,4,443,AllenCCF-Ontology-2017-127
AllenCCF-Annotation-2020-64,AllenCCF-Ontology-2017-997,AllenCCF-Ontology-2017-ORGA,59,161114,0.16111400000000003,#FFFFFF,255,255,255,brain,brain,organ,0,0,
AllenCCF-Annotation-2020-64,AllenCCF-Ontology-2017-8,AllenCCF-Ontology-2017-CATE,59,161114,0.16111400000000003,#BFDAE3,191,218,227,Basic cell groups and regions,grey,category,1,1,AllenCCF-Ontology-2017-997
AllenCCF-Annotation-2020-64,AllenCCF-Ontology-2017-549,AllenCCF-Ontology-2017-DIVI,59,161114,0.16111400000000003,#FF7080,255,112,128,Thalamus,TH,division,2,7,AllenCCF-Ontology-2017-8
AllenCCF-Annotation-2020-64,AllenCCF-Ontology-2017-64,AllenCCF-Ontology-2017-STRU,59,161114,0.16111400000000003,#FF909F,255,144,159,Anterodorsal nucleus,AD,structure,3,126,AllenCCF-Ontology-2017-549
AllenCCF-Annotation-2020-1120,AllenCCF-Ontology-2017-997,AllenCCF-Ontology-2017-ORGA,1108,43372,0.04337200000000001,#FFFFFF,255,255,255,brain,brain,organ,0,0,
AllenCCF-Annotation-2020-1120,AllenCCF-Ontology-2017-8,AllenCCF-Ontology-2017-CATE,1108,43372,0.04337200000000001,#BFDAE3,191,218,227,Basic cell groups and regions,grey,category,1,1,AllenCCF-Ontology-2017-997
AllenCCF-Annotation-2020-1120,AllenCCF-Ontology-2017-549,AllenCCF-Ontology-2017-DIVI,1108,43372,0.04337200000000001,#FF7080,255,112,128,Thalamus,TH,division,2,7,AllenCCF-Ontology-2017-8
AllenCCF-Annotation-2020-1120,AllenCCF-Ontology-2017-1120,AllenCCF-Ontology-2017-STRU,1108,43372,0.04337200000000001,#FF909F,255,144,159,Interanteromedial nucleus of the thalamus,IAM,structure,3,127,AllenCCF-Ontology-2017-549
AllenCCF-Annotation-2020-1113,AllenCCF-Ontology-2017-997,AllenCCF-Ontology-2017-ORGA,1102,111558,0.11155800000000002,#FFFFFF,255,255,255,brain,brain,organ,0,0,
AllenCCF-Annotation-2020-1113,AllenCCF-Ontology-2017-8,AllenCCF-Ontology-2017-CATE,1102,111558,0.11155800000000002,#BFDAE3,191,218,227,Basic cell groups and regions,grey,category,1,1,AllenCCF-Ontology-2017-997
AllenCCF-Annotation-2020-1113,AllenCCF-Ontology-2017-549,AllenCCF-Ontology-2017-DIVI,1102,111558,0.11155800000000002,#FF7080,255,112,128,Thalamus,TH,division,2,7,AllenCCF-Ontology-2017-8
AllenCCF-Annotation-2020-1113,AllenCCF-Ontology-2017-1113,AllenCCF-Ontology-2017-STRU,1102,111558,0.11155800000000002,#FF909F,255,144,159,Interanterodorsal nucleus of the thalamus,IAD,structure,3,128,AllenCCF-Ontology-2017-549
AllenCCF-Annotation-2020-155,AllenCCF-Ontology-2017-997,AllenCCF-Ontology-2017-ORGA,150,1016484,1.0164840000000002,#FFFFFF,255,255,255,brain,brain,organ,0,0,
AllenCCF-Annotation-2020-155,AllenCCF-Ontology-2017-8,AllenCCF-Ontology-2017-CATE,150,1016484,1.0164840000000002,#BFDAE3,191,218,227,Basic cell groups and regions,grey,category,1,1,AllenCCF-Ontology-2017-997
AllenCCF-Annotation-2020-155,AllenCCF-Ontology-2017-549,AllenCCF-Ontology-2017-DIVI,150,1016484,1.0164840000000002,#FF7080,255,112,128,Thalamus,TH,division,2,7,AllenCCF-Ontology-2017-8
AllenCCF-Annotation-2020-155,AllenCCF-Ontology-2017-155,AllenCCF-Ontology-2017-STRU,150,1016484,1.0164840000000002,#FF909F,255,144,159,Lateral dorsal nucleus of thalamus,LD,structure,3,129,AllenCCF-Ontology-2017-549
AllenCCF-Annotation-2020-59,AllenCCF-Ontology-2017-997,AllenCCF-Ontology-2017-ORGA,54,176410,0.17641000000000004,#FFFFFF,255,255,255,brain,brain,organ,0,0,
AllenCCF-Annotation-2020-59,AllenCCF-Ontology-2017-8,AllenCCF-Ontology-2017-CATE,54,176410,0.17641000000000004,#BFDAE3,191,218,227,Basic cell groups and regions,grey,category,1,1,AllenCCF-Ontology-2017-997
AllenCCF-Annotation-2020-59,AllenCCF-Ontology-2017-549,AllenCCF-Ontology-2017-DIVI,54,176410,0.17641000000000004,#FF7080,255,112,128,Thalamus,TH,division,2,7,AllenCCF-Ontology-2017-8
AllenCCF-Annotation-2020-59,AllenCCF-Ontology-2017-59,AllenCCF-Ontology-2017-STRU,54,176410,0.17641000000000004,#FF909F,255,144,159,Intermediodorsal nucleus of the thalamus,IMD,structure,3,130,AllenCCF-Ontology-2017-549
AllenCCF-Annotation-2020-362,AllenCCF-Ontology-2017-997,AllenCCF-Ontology-2017-ORGA,352,1383390,1.3833900000000001,#FFFFFF,255,255,255,brain,brain,organ,0,0,
AllenCCF-Annotation-2020-362,AllenCCF-Ontology-2017-8,AllenCCF-Ontology-2017-CATE,352,1383390,1.3833900000000001,#BFDAE3,191,218,227,Basic cell groups and regions,grey,category,1,1,AllenCCF-Ontology-2017-997
AllenCCF-Annotation-2020-362,AllenCCF-Ontology-2017-549,AllenCCF-Ontology-2017-DIVI,352,1383390,1.3833900000000001,#FF7080,255,112,128,Thalamus,TH,division,2,7,AllenCCF-Ontology-2017-8
AllenCCF-Annotation-2020-362,AllenCCF-Ontology-2017-362,AllenCCF-Ontology-2017-STRU,352,1383390,1.3833900000000001,#FF909F,255,144,159,Mediodorsal nucleus of thalamus,MD,structure,3,131,AllenCCF-Ontology-2017-549
AllenCCF-Annotation-2020-366,AllenCCF-Ontology-2017-997,AllenCCF-Ontology-2017-ORGA,356,306336,0.30633600000000005,#FFFFFF,255,255,255,brain,brain,organ,0,0,
AllenCCF-Annotation-2020-366,AllenCCF-Ontology-2017-8,AllenCCF-Ontology-2017-CATE,356,306336,0.30633600000000005,#BFDAE3,191,218,227,Basic cell groups and regions,grey,category,1,1,AllenCCF-Ontology-2017-997
AllenCCF-Annotation-2020-366,AllenCCF-Ontology-2017-549,AllenCCF-Ontology-2017-DIVI,356,306336,0.30633600000000005,#FF7080,255,112,128,Thalamus,TH,division,2,7,AllenCCF-Ontology-2017-8
AllenCCF-Annotation-2020-366,AllenCCF-Ontology-2017-366,AllenCCF-Ontology-2017-STRU,356,306336,0.30633600000000005,#FF909F,255,144,159,Submedial nucleus of the thalamus,SMT,structure,3,132,AllenCCF-Ontology-2017-549
AllenCCF-Annotation-2020-1077,AllenCCF-Ontology-2017-997,AllenCCF-Ontology-2017-ORGA,1066,151324,0.15132400000000001,#FFFFFF,255,255,255,brain,brain,organ,0,0,
AllenCCF-Annotation-2020-1077,AllenCCF-Ontology-2017-8,AllenCCF-Ontology-2017-CATE,1066,151324,0.15132400000000001,#BFDAE3,191,218,227,Basic cell groups and regions,grey,category,1,1,AllenCCF-Ontology-2017-997
AllenCCF-Annotation-2020-1077,AllenCCF-Ontology-2017-549,AllenCCF-Ontology-2017-DIVI,1066,151324,0.15132400000000001,#FF7080,255,112,128,Thalamus,TH,division,2,7,AllenCCF-Ontology-2017-8
AllenCCF-Annotation-2020-1077,AllenCCF-Ontology-2017-1077,AllenCCF-Ontology-2017-STRU,1066,151324,0.15132400000000001,#FF909F,255,144,159,Perireunensis nucleus,PR,structure,3,133,AllenCCF-Ontology-2017-549
AllenCCF-Annotation-2020-149,AllenCCF-Ontology-2017-997,AllenCCF-Ontology-2017-ORGA,144,444484,0.4444840000000001,#FFFFFF,255,255,255,brain,brain,organ,0,0,
AllenCCF-Annotation-2020-149,AllenCCF-Ontology-2017-8,AllenCCF-Ontology-2017-CATE,144,444484,0.4444840000000001,#BFDAE3,191,218,227,Basic cell groups and regions,grey,category,1,1,AllenCCF-Ontology-2017-997
AllenCCF-Annotation-2020-149,AllenCCF-Ontology-2017-549,AllenCCF-Ontology-2017-DIVI,144,444484,0.4444840000000001,#FF7080,255,112,128,Thalamus,TH,division,2,7,AllenCCF-Ontology-2017-8
AllenCCF-Annotation-2020-149,AllenCCF-Ontology-2017-149,AllenCCF-Ontology-2017-STRU,144,444484,0.4444840000000001,#FF909F,255,144,159,Paraventricular nucleus of the thalamus,PVT,structure,3,134,AllenCCF-Ontology-2017-549
AllenCCF-Annotation-2020-15,AllenCCF-Ontology-2017-997,AllenCCF-Ontology-2017-ORGA,13,229952,0.22995200000000005,#FFFFFF,255,255,255,brain,brain,organ,0,0,
AllenCCF-Annotation-2020-15,AllenCCF-Ontology-2017-8,AllenCCF-Ontology-2017-CATE,13,229952,0.22995200000000005,#BFDAE3,191,218,227,Basic cell groups and regions,grey,category,1,1,AllenCCF-Ontology-2017-997
AllenCCF-Annotation-2020-15,AllenCCF-Ontology-2017-549,AllenCCF-Ontology-2017-DIVI,13,229952,0.22995200000000005,#FF7080,255,112,128,Thalamus,TH,division,2,7,AllenCCF-Ontology-2017-8
AllenCCF-Annotation-2020-15,AllenCCF-Ontology-2017-15,AllenCCF-Ontology-2017-STRU,13,229952,0.22995200000000005,#FF909F,255,144,159,Parataenial nucleus,PT,structure,3,135,AllenCCF-Ontology-2017-549
AllenCCF-Annotation-2020-181,AllenCCF-Ontology-2017-997,AllenCCF-Ontology-2017-ORGA,174,423954,0.42395400000000005,#FFFFFF,255,255,255,brain,brain,organ,0,0,
AllenCCF-Annotation-2020-181,AllenCCF-Ontology-2017-8,AllenCCF-Ontology-2017-CATE,174,423954,0.42395400000000005,#BFDAE3,191,218,227,Basic cell groups and regions,grey,category,1,1,AllenCCF-Ontology-2017-997
AllenCCF-Annotation-2020-181,AllenCCF-Ontology-2017-549,AllenCCF-Ontology-2017-DIVI,174,423954,0.42395400000000005,#FF7080,255,112,128,Thalamus,TH,division,2,7,AllenCCF-Ontology-2017-8
AllenCCF-Annotation-2020-181,AllenCCF-Ontology-2017-181,AllenCCF-Ontology-2017-STRU,174,423954,0.42395400000000005,#FF909F,255,144,159,Nucleus of reuniens,RE,structure,3,136,AllenCCF-Ontology-2017-549
AllenCCF-Annotation-2020-560581559,AllenCCF-Ontology-2017-997,AllenCCF-Ontology-2017-ORGA,1302,87666,0.08766600000000001,#FFFFFF,255,255,255,brain,brain,organ,0,0,
AllenCCF-Annotation-2020-560581559,AllenCCF-Ontology-2017-8,AllenCCF-Ontology-2017-CATE,1302,87666,0.08766600000000001,#BFDAE3,191,218,227,Basic cell groups and regions,grey,category,1,1,AllenCCF-Ontology-2017-997
AllenCCF-Annotation-2020-560581559,AllenCCF-Ontology-2017-549,AllenCCF-Ontology-2017-DIVI,1302,87666,0.08766600000000001,#FF7080,255,112,128,Thalamus,TH,division,2,7,AllenCCF-Ontology-2017-8
AllenCCF-Annotation-2020-560581559,AllenCCF-Ontology-2017-560581559,AllenCCF-Ontology-2017-STRU,1302,87666,0.08766600000000001,#FF909F,255,144,159,Xiphoid thalamic nucleus,Xi,structure,3,137,AllenCCF-Ontology-2017-549
AllenCCF-Annotation-2020-189,AllenCCF-Ontology-2017-997,AllenCCF-Ontology-2017-ORGA,182,90694,0.09069400000000001,#FFFFFF,255,255,255,brain,brain,organ,0,0,
AllenCCF-Annotation-2020-189,AllenCCF-Ontology-2017-8,AllenCCF-Ontology-2017-CATE,182,90694,0.09069400000000001,#BFDAE3,191,218,227,Basic cell groups and regions,grey,category,1,1,AllenCCF-Ontology-2017-997
AllenCCF-Annotation-2020-189,AllenCCF-Ontology-2017-549,AllenCCF-Ontology-2017-DIVI,182,90694,0.09069400000000001,#FF7080,255,112,128,Thalamus,TH,division,2,7,AllenCCF-Ontology-2017-8
AllenCCF-Annotation-2020-189,AllenCCF-Ontology-2017-189,AllenCCF-Ontology-2017-STRU,182,90694,0.09069400000000001,#FF909F,255,144,159,Rhomboid nucleus,RH,structure,3,138,AllenCCF-Ontology-2017-549
AllenCCF-Annotation-2020-599,AllenCCF-Ontology-2017-997,AllenCCF-Ontology-2017-ORGA,589,249570,0.24957000000000004,#FFFFFF,255,255,255,brain,brain,organ,0,0,
AllenCCF-Annotation-2020-599,AllenCCF-Ontology-2017-8,AllenCCF-Ontology-2017-CATE,589,249570,0.24957000000000004,#BFDAE3,191,218,227,Basic cell groups and regions,grey,category,1,1,AllenCCF-Ontology-2017-997
AllenCCF-Annotation-2020-599,AllenCCF-Ontology-2017-549,AllenCCF-Ontology-2017-DIVI,589,249570,0.24957000000000004,#FF7080,255,112,128,Thalamus,TH,division,2,7,AllenCCF-Ontology-2017-8
AllenCCF-Annotation-2020-599,AllenCCF-Ontology-2017-599,AllenCCF-Ontology-2017-STRU,589,249570,0.24957000000000004,#FF909F,255,144,159,Central medial nucleus of the thalamus,CM,structure,3,139,AllenCCF-Ontology-2017-549
AllenCCF-Annotation-2020-907,AllenCCF-Ontology-2017-997,AllenCCF-Ontology-2017-ORGA,897,238112,0.23811200000000005,#FFFFFF,255,255,255,brain,brain,organ,0,0,
AllenCCF-Annotation-2020-907,AllenCCF-Ontology-2017-8,AllenCCF-Ontology-2017-CATE,897,238112,0.23811200000000005,#BFDAE3,191,218,227,Basic cell groups and regions,grey,category,1,1,AllenCCF-Ontology-2017-997
AllenCCF-Annotation-2020-907,AllenCCF-Ontology-2017-549,AllenCCF-Ontology-2017-DIVI,897,238112,0.23811200000000005,#FF7080,255,112,128,Thalamus,TH,division,2,7,AllenCCF-Ontology-2017-8
AllenCCF-Annotation-2020-907,AllenCCF-Ontology-2017-907,AllenCCF-Ontology-2017-STRU,897,238112,0.23811200000000005,#FF909F,255,144,159,Paracentral nucleus,PCN,structure,3,140,AllenCCF-Ontology-2017-549
AllenCCF-Annotation-2020-575,AllenCCF-Ontology-2017-997,AllenCCF-Ontology-2017-ORGA,565,360936,0.36093600000000003,#FFFFFF,255,255,255,brain,brain,organ,0,0,
AllenCCF-Annotation-2020-575,AllenCCF-Ontology-2017-8,AllenCCF-Ontology-2017-CATE,565,360936,0.36093600000000003,#BFDAE3,191,218,227,Basic cell groups and regions,grey,category,1,1,AllenCCF-Ontology-2017-997
AllenCCF-Annotation-2020-575,AllenCCF-Ontology-2017-549,AllenCCF-Ontology-2017-DIVI,565,360936,0.36093600000000003,#FF7080,255,112,128,Thalamus,TH,division,2,7,AllenCCF-Ontology-2017-8
AllenCCF-Annotation-2020-575,AllenCCF-Ontology-2017-575,AllenCCF-Ontology-2017-STRU,565,360936,0.36093600000000003,#FF909F,255,144,159,Central lateral nucleus of the thalamus,CL,structure,3,141,AllenCCF-Ontology-2017-549
AllenCCF-Annotation-2020-930,AllenCCF-Ontology-2017-997,AllenCCF-Ontology-2017-ORGA,920,485994,0.4859940000000001,#FFFFFF,255,255,255,brain,brain,organ,0,0,
AllenCCF-Annotation-2020-930,AllenCCF-Ontology-2017-8,AllenCCF-Ontology-2017-CATE,920,485994,0.4859940000000001,#BFDAE3,191,218,227,Basic cell groups and regions,grey,category,1,1,AllenCCF-Ontology-2017-997
AllenCCF-Annotation-2020-930,AllenCCF-Ontology-2017-549,AllenCCF-Ontology-2017-DIVI,920,485994,0.4859940000000001,#FF7080,255,112,128,Thalamus,TH,division,2,7,AllenCCF-Ontology-2017-8
AllenCCF-Annotation-2020-930,AllenCCF-Ontology-2017-930,AllenCCF-Ontology-2017-STRU,920,485994,0.4859940000000001,#FF909F,255,144,159,Parafascicular nucleus,PF,structure,3,142,AllenCCF-Ontology-2017-549
AllenCCF-Annotation-2020-560581563,AllenCCF-Ontology-2017-997,AllenCCF-Ontology-2017-ORGA,1303,175644,0.17564400000000002,#FFFFFF,255,255,255,brain,brain,organ,0,0,
AllenCCF-Annotation-2020-560581563,AllenCCF-Ontology-2017-8,AllenCCF-Ontology-2017-CATE,1303,175644,0.17564400000000002,#BFDAE3,191,218,227,Basic cell groups and regions,grey,category,1,1,AllenCCF-Ontology-2017-997
AllenCCF-Annotation-2020-560581563,AllenCCF-Ontology-2017-549,AllenCCF-Ontology-2017-DIVI,1303,175644,0.17564400000000002,#FF7080,255,112,128,Thalamus,TH,division,2,7,AllenCCF-Ontology-2017-8
AllenCCF-Annotation-2020-560581563,AllenCCF-Ontology-2017-560581563,AllenCCF-Ontology-2017-STRU,1303,175644,0.17564400000000002,#FF909F,255,144,159,Posterior intralaminar thalamic nucleus,PIL,structure,3,143,AllenCCF-Ontology-2017-549
AllenCCF-Annotation-2020-262,AllenCCF-Ontology-2017-997,AllenCCF-Ontology-2017-ORGA,255,1447360,1.4473600000000002,#FFFFFF,255,255,255,brain,brain,organ,0,0,
AllenCCF-Annotation-2020-262,AllenCCF-Ontology-2017-8,AllenCCF-Ontology-2017-CATE,255,1447360,1.4473600000000002,#BFDAE3,191,218,227,Basic cell groups and regions,grey,category,1,1,AllenCCF-Ontology-2017-997
AllenCCF-Annotation-2020-262,AllenCCF-Ontology-2017-549,AllenCCF-Ontology-2017-DIVI,255,1447360,1.4473600000000002,#FF7080,255,112,128,Thalamus,TH,division,2,7,AllenCCF-Ontology-2017-8
AllenCCF-Annotation-2020-262,AllenCCF-Ontology-2017-262,AllenCCF-Ontology-2017-STRU,255,1447360,1.4473600000000002,#FF909F,255,144,159,Reticular nucleus of the thalamus,RT,structure,3,144,AllenCCF-Ontology-2017-549
AllenCCF-Annotation-2020-27,AllenCCF-Ontology-2017-997,AllenCCF-Ontology-2017-ORGA,24,68420,0.06842000000000001,#FFFFFF,255,255,255,brain,brain,organ,0,0,
AllenCCF-Annotation-2020-27,AllenCCF-Ontology-2017-8,AllenCCF-Ontology-2017-CATE,24,68420,0.06842000000000001,#BFDAE3,191,218,227,Basic cell groups and regions,grey,category,1,1,AllenCCF-Ontology-2017-997
AllenCCF-Annotation-2020-27,AllenCCF-Ontology-2017-549,AllenCCF-Ontology-2017-DIVI,24,68420,0.06842000000000001,#FF7080,255,112,128,Thalamus,TH,division,2,7,AllenCCF-Ontology-2017-8
AllenCCF-Annotation-2020-27,AllenCCF-Ontology-2017-27,AllenCCF-Ontology-2017-STRU,24,68420,0.06842000000000001,#FF909F,255,144,159,Intergeniculate leaflet of the lateral geniculate complex,IGL,structure,3,145,AllenCCF-Ontology-2017-549
AllenCCF-Annotation-2020-563807439,AllenCCF-Ontology-2017-997,AllenCCF-Ontology-2017-ORGA,1305,22500,0.022500000000000003,#FFFFFF,255,255,255,brain,brain,organ,0,0,
AllenCCF-Annotation-2020-563807439,AllenCCF-Ontology-2017-8,AllenCCF-Ontology-2017-CATE,1305,22500,0.022500000000000003,#BFDAE3,191,218,227,Basic cell groups and regions,grey,category,1,1,AllenCCF-Ontology-2017-997
AllenCCF-Annotation-2020-563807439,AllenCCF-Ontology-2017-549,AllenCCF-Ontology-2017-DIVI,1305,22500,0.022500000000000003,#FF7080,255,112,128,Thalamus,TH,division,2,7,AllenCCF-Ontology-2017-8
AllenCCF-Annotation-2020-563807439,AllenCCF-Ontology-2017-563807439,AllenCCF-Ontology-2017-STRU,1305,22500,0.022500000000000003,#FF909F,255,144,159,Intermediate geniculate nucleus,IntG,structure,3,146,AllenCCF-Ontology-2017-549
AllenCCF-Annotation-2020-178,AllenCCF-Ontology-2017-997,AllenCCF-Ontology-2017-ORGA,171,405742,0.40574200000000005,#FFFFFF,255,255,255,brain,brain,organ,0,0,
AllenCCF-Annotation-2020-178,AllenCCF-Ontology-2017-8,AllenCCF-Ontology-2017-CATE,171,405742,0.40574200000000005,#BFDAE3,191,218,227,Basic cell groups and regions,grey,category,1,1,AllenCCF-Ontology-2017-997
AllenCCF-Annotation-2020-178,AllenCCF-Ontology-2017-549,AllenCCF-Ontology-2017-DIVI,171,405742,0.40574200000000005,#FF7080,255,112,128,Thalamus,TH,division,2,7,AllenCCF-Ontology-2017-8
AllenCCF-Annotation-2020-178,AllenCCF-Ontology-2017-178,AllenCCF-Ontology-2017-STRU,171,405742,0.40574200000000005,#FF909F,255,144,159,Ventral part of the lateral geniculate complex,LGv,structure,3,147,AllenCCF-Ontology-2017-549
AllenCCF-Annotation-2020-321,AllenCCF-Ontology-2017-997,AllenCCF-Ontology-2017-ORGA,311,26860,0.026860000000000005,#FFFFFF,255,255,255,brain,brain,organ,0,0,
AllenCCF-Annotation-2020-321,AllenCCF-Ontology-2017-8,AllenCCF-Ontology-2017-CATE,311,26860,0.026860000000000005,#BFDAE3,191,218,227,Basic cell groups and regions,grey,category,1,1,AllenCCF-Ontology-2017-997
AllenCCF-Annotation-2020-321,AllenCCF-Ontology-2017-549,AllenCCF-Ontology-2017-DIVI,311,26860,0.026860000000000005,#FF7080,255,112,128,Thalamus,TH,division,2,7,AllenCCF-Ontology-2017-8
AllenCCF-Annotation-2020-321,AllenCCF-Ontology-2017-321,AllenCCF-Ontology-2017-STRU,311,26860,0.026860000000000005,#FF909F,255,144,159,Subgeniculate nucleus,SubG,structure,3,148,AllenCCF-Ontology-2017-549
AllenCCF-Annotation-2020-483,AllenCCF-Ontology-2017-997,AllenCCF-Ontology-2017-ORGA,473,320028,0.32002800000000003,#FFFFFF,255,255,255,brain,brain,organ,0,0,
AllenCCF-Annotation-2020-483,AllenCCF-Ontology-2017-8,AllenCCF-Ontology-2017-CATE,473,320028,0.32002800000000003,#BFDAE3,191,218,227,Basic cell groups and regions,grey,category,1,1,AllenCCF-Ontology-2017-997
AllenCCF-Annotation-2020-483,AllenCCF-Ontology-2017-549,AllenCCF-Ontology-2017-DIVI,473,320028,0.32002800000000003,#FF7080,255,112,128,Thalamus,TH,division,2,7,AllenCCF-Ontology-2017-8
AllenCCF-Annotation-2020-483,AllenCCF-Ontology-2017-483,AllenCCF-Ontology-2017-STRU,473,320028,0.32002800000000003,#FF909F,255,144,159,Medial habenula,MH,structure,3,149,AllenCCF-Ontology-2017-549
AllenCCF-Annotation-2020-186,AllenCCF-Ontology-2017-997,AllenCCF-Ontology-2017-ORGA,179,344718,0.3447180000000001,#FFFFFF,255,255,255,brain,brain,organ,0,0,
AllenCCF-Annotation-2020-186,AllenCCF-Ontology-2017-8,AllenCCF-Ontology-2017-CATE,179,344718,0.3447180000000001,#BFDAE3,191,218,227,Basic cell groups and regions,grey,category,1,1,AllenCCF-Ontology-2017-997
AllenCCF-Annotation-2020-186,AllenCCF-Ontology-2017-549,AllenCCF-Ontology-2017-DIVI,179,344718,0.3447180000000001,#FF7080,255,112,128,Thalamus,TH,division,2,7,AllenCCF-Ontology-2017-8
AllenCCF-Annotation-2020-186,AllenCCF-Ontology-2017-186,AllenCCF-Ontology-2017-STRU,179,344718,0.3447180000000001,#FF909F,255,144,159,Lateral habenula,LH,structure,3,150,AllenCCF-Ontology-2017-549
AllenCCF-Annotation-2020-1097,AllenCCF-Ontology-2017-997,AllenCCF-Ontology-2017-ORGA,1086,2759360,2.7593600000000005,#FFFFFF,255,255,255,brain,brain,organ,0,0,
AllenCCF-Annotation-2020-1097,AllenCCF-Ontology-2017-8,AllenCCF-Ontology-2017-CATE,1086,2759360,2.7593600000000005,#BFDAE3,191,218,227,Basic cell groups and regions,grey,category,1,1,AllenCCF-Ontology-2017-997
AllenCCF-Annotation-2020-1097,AllenCCF-Ontology-2017-1097,AllenCCF-Ontology-2017-DIVI,1086,2759360,2.7593600000000005,#E64438,230,68,56,Hypothalamus,HY,division,2,8,AllenCCF-Ontology-2017-8
AllenCCF-Annotation-2020-390,AllenCCF-Ontology-2017-997,AllenCCF-Ontology-2017-ORGA,380,46946,0.04694600000000001,#FFFFFF,255,255,255,brain,brain,organ,0,0,
AllenCCF-Annotation-2020-390,AllenCCF-Ontology-2017-8,AllenCCF-Ontology-2017-CATE,380,46946,0.04694600000000001,#BFDAE3,191,218,227,Basic cell groups and regions,grey,category,1,1,AllenCCF-Ontology-2017-997
AllenCCF-Annotation-2020-390,AllenCCF-Ontology-2017-1097,AllenCCF-Ontology-2017-DIVI,380,46946,0.04694600000000001,#E64438,230,68,56,Hypothalamus,HY,division,2,8,AllenCCF-Ontology-2017-8
AllenCCF-Annotation-2020-390,AllenCCF-Ontology-2017-390,AllenCCF-Ontology-2017-STRU,380,46946,0.04694600000000001,#FF5D50,255,93,80,Supraoptic nucleus,SO,structure,3,152,AllenCCF-Ontology-2017-1097
AllenCCF-Annotation-2020-332,AllenCCF-Ontology-2017-997,AllenCCF-Ontology-2017-ORGA,322,6214,0.006214000000000001,#FFFFFF,255,255,255,brain,brain,organ,0,0,
AllenCCF-Annotation-2020-332,AllenCCF-Ontology-2017-8,AllenCCF-Ontology-2017-CATE,322,6214,0.006214000000000001,#BFDAE3,191,218,227,Basic cell groups and regions,grey,category,1,1,AllenCCF-Ontology-2017-997
AllenCCF-Annotation-2020-332,AllenCCF-Ontology-2017-1097,AllenCCF-Ontology-2017-DIVI,322,6214,0.006214000000000001,#E64438,230,68,56,Hypothalamus,HY,division,2,8,AllenCCF-Ontology-2017-8
AllenCCF-Annotation-2020-332,AllenCCF-Ontology-2017-332,AllenCCF-Ontology-2017-STRU,322,6214,0.006214000000000001,#FF5D50,255,93,80,Accessory supraoptic group,ASO,structure,3,153,AllenCCF-Ontology-2017-1097
AllenCCF-Annotation-2020-38,AllenCCF-Ontology-2017-997,AllenCCF-Ontology-2017-ORGA,34,188750,0.18875000000000003,#FFFFFF,255,255,255,brain,brain,organ,0,0,
AllenCCF-Annotation-2020-38,AllenCCF-Ontology-2017-8,AllenCCF-Ontology-2017-CATE,34,188750,0.18875000000000003,#BFDAE3,191,218,227,Basic cell groups and regions,grey,category,1,1,AllenCCF-Ontology-2017-997
AllenCCF-Annotation-2020-38,AllenCCF-Ontology-2017-1097,AllenCCF-Ontology-2017-DIVI,34,188750,0.18875000000000003,#E64438,230,68,56,Hypothalamus,HY,division,2,8,AllenCCF-Ontology-2017-8
AllenCCF-Annotation-2020-38,AllenCCF-Ontology-2017-38,AllenCCF-Ontology-2017-STRU,34,188750,0.18875000000000003,#FF5D50,255,93,80,Paraventricular hypothalamic nucleus,PVH,structure,3,154,AllenCCF-Ontology-2017-1097
AllenCCF-Annotation-2020-30,AllenCCF-Ontology-2017-997,AllenCCF-Ontology-2017-ORGA,27,50782,0.05078200000000001,#FFFFFF,255,255,255,brain,brain,organ,0,0,
AllenCCF-Annotation-2020-30,AllenCCF-Ontology-2017-8,AllenCCF-Ontology-2017-CATE,27,50782,0.05078200000000001,#BFDAE3,191,218,227,Basic cell groups and regions,grey,category,1,1,AllenCCF-Ontology-2017-997
AllenCCF-Annotation-2020-30,AllenCCF-Ontology-2017-1097,AllenCCF-Ontology-2017-DIVI,27,50782,0.05078200000000001,#E64438,230,68,56,Hypothalamus,HY,division,2,8,AllenCCF-Ontology-2017-8
AllenCCF-Annotation-2020-30,AllenCCF-Ontology-2017-30,AllenCCF-Ontology-2017-STRU,27,50782,0.05078200000000001,#FF5D50,255,93,80,"Periventricular hypothalamic nucleus, anterior part",PVa,structure,3,155,AllenCCF-Ontology-2017-1097
AllenCCF-Annotation-2020-118,AllenCCF-Ontology-2017-997,AllenCCF-Ontology-2017-ORGA,113,205036,0.20503600000000002,#FFFFFF,255,255,255,brain,brain,organ,0,0,
AllenCCF-Annotation-2020-118,AllenCCF-Ontology-2017-8,AllenCCF-Ontology-2017-CATE,113,205036,0.20503600000000002,#BFDAE3,191,218,227,Basic cell groups and regions,grey,category,1,1,AllenCCF-Ontology-2017-997
AllenCCF-Annotation-2020-118,AllenCCF-Ontology-2017-1097,AllenCCF-Ontology-2017-DIVI,113,205036,0.20503600000000002,#E64438,230,68,56,Hypothalamus,HY,division,2,8,AllenCCF-Ontology-2017-8
AllenCCF-Annotation-2020-118,AllenCCF-Ontology-2017-118,AllenCCF-Ontology-2017-STRU,113,205036,0.20503600000000002,#FF5D50,255,93,80,"Periventricular hypothalamic nucleus, intermediate part",PVi,structure,3,156,AllenCCF-Ontology-2017-1097
AllenCCF-Annotation-2020-223,AllenCCF-Ontology-2017-997,AllenCCF-Ontology-2017-ORGA,216,284936,0.284936,#FFFFFF,255,255,255,brain,brain,organ,0,0,
AllenCCF-Annotation-2020-223,AllenCCF-Ontology-2017-8,AllenCCF-Ontology-2017-CATE,216,284936,0.284936,#BFDAE3,191,218,227,Basic cell groups and regions,grey,category,1,1,AllenCCF-Ontology-2017-997
AllenCCF-Annotation-2020-223,AllenCCF-Ontology-2017-1097,AllenCCF-Ontology-2017-DIVI,216,284936,0.284936,#E64438,230,68,56,Hypothalamus,HY,division,2,8,AllenCCF-Ontology-2017-8
AllenCCF-Annotation-2020-223,AllenCCF-Ontology-2017-223,AllenCCF-Ontology-2017-STRU,216,284936,0.284936,#FF5D50,255,93,80,Arcuate hypothalamic nucleus,ARH,structure,3,157,AllenCCF-Ontology-2017-1097
AllenCCF-Annotation-2020-72,AllenCCF-Ontology-2017-997,AllenCCF-Ontology-2017-ORGA,67,99530,0.09953000000000002,#FFFFFF,255,255,255,brain,brain,organ,0,0,
AllenCCF-Annotation-2020-72,AllenCCF-Ontology-2017-8,AllenCCF-Ontology-2017-CATE,67,99530,0.09953000000000002,#BFDAE3,191,218,227,Basic cell groups and regions,grey,category,1,1,AllenCCF-Ontology-2017-997
AllenCCF-Annotation-2020-72,AllenCCF-Ontology-2017-1097,AllenCCF-Ontology-2017-DIVI,67,99530,0.09953000000000002,#E64438,230,68,56,Hypothalamus,HY,division,2,8,AllenCCF-Ontology-2017-8
AllenCCF-Annotation-2020-72,AllenCCF-Ontology-2017-72,AllenCCF-Ontology-2017-STRU,67,99530,0.09953000000000002,#FF5547,255,85,71,Anterodorsal preoptic nucleus,ADP,structure,3,158,AllenCCF-Ontology-2017-1097
AllenCCF-Annotation-2020-263,AllenCCF-Ontology-2017-997,AllenCCF-Ontology-2017-ORGA,256,92556,0.09255600000000001,#FFFFFF,255,255,255,brain,brain,organ,0,0,
AllenCCF-Annotation-2020-263,AllenCCF-Ontology-2017-8,AllenCCF-Ontology-2017-CATE,256,92556,0.09255600000000001,#BFDAE3,191,218,227,Basic cell groups and regions,grey,category,1,1,AllenCCF-Ontology-2017-997
AllenCCF-Annotation-2020-263,AllenCCF-Ontology-2017-1097,AllenCCF-Ontology-2017-DIVI,256,92556,0.09255600000000001,#E64438,230,68,56,Hypothalamus,HY,division,2,8,AllenCCF-Ontology-2017-8
AllenCCF-Annotation-2020-263,AllenCCF-Ontology-2017-263,AllenCCF-Ontology-2017-STRU,256,92556,0.09255600000000001,#FF5547,255,85,71,Anteroventral preoptic nucleus,AVP,structure,3,159,AllenCCF-Ontology-2017-1097
AllenCCF-Annotation-2020-272,AllenCCF-Ontology-2017-997,AllenCCF-Ontology-2017-ORGA,264,181184,0.18118400000000004,#FFFFFF,255,255,255,brain,brain,organ,0,0,
AllenCCF-Annotation-2020-272,AllenCCF-Ontology-2017-8,AllenCCF-Ontology-2017-CATE,264,181184,0.18118400000000004,#BFDAE3,191,218,227,Basic cell groups and regions,grey,category,1,1,AllenCCF-Ontology-2017-997
AllenCCF-Annotation-2020-272,AllenCCF-Ontology-2017-1097,AllenCCF-Ontology-2017-DIVI,264,181184,0.18118400000000004,#E64438,230,68,56,Hypothalamus,HY,division,2,8,AllenCCF-Ontology-2017-8
AllenCCF-Annotation-2020-272,AllenCCF-Ontology-2017-272,AllenCCF-Ontology-2017-STRU,264,181184,0.18118400000000004,#FF5547,255,85,71,Anteroventral periventricular nucleus,AVPV,structure,3,160,AllenCCF-Ontology-2017-1097
AllenCCF-Annotation-2020-830,AllenCCF-Ontology-2017-997,AllenCCF-Ontology-2017-ORGA,820,376062,0.37606200000000006,#FFFFFF,255,255,255,brain,brain,organ,0,0,
AllenCCF-Annotation-2020-830,AllenCCF-Ontology-2017-8,AllenCCF-Ontology-2017-CATE,820,376062,0.37606200000000006,#BFDAE3,191,218,227,Basic cell groups and regions,grey,category,1,1,AllenCCF-Ontology-2017-997
AllenCCF-Annotation-2020-830,AllenCCF-Ontology-2017-1097,AllenCCF-Ontology-2017-DIVI,820,376062,0.37606200000000006,#E64438,230,68,56,Hypothalamus,HY,division,2,8,AllenCCF-Ontology-2017-8
AllenCCF-Annotation-2020-830,AllenCCF-Ontology-2017-830,AllenCCF-Ontology-2017-STRU,820,376062,0.37606200000000006,#FF5547,255,85,71,Dorsomedial nucleus of the hypothalamus,DMH,structure,3,161,AllenCCF-Ontology-2017-1097
AllenCCF-Annotation-2020-452,AllenCCF-Ontology-2017-997,AllenCCF-Ontology-2017-ORGA,442,40260,0.040260000000000004,#FFFFFF,255,255,255,brain,brain,organ,0,0,
AllenCCF-Annotation-2020-452,AllenCCF-Ontology-2017-8,AllenCCF-Ontology-2017-CATE,442,40260,0.040260000000000004,#BFDAE3,191,218,227,Basic cell groups and regions,grey,category,1,1,AllenCCF-Ontology-2017-997
AllenCCF-Annotation-2020-452,AllenCCF-Ontology-2017-1097,AllenCCF-Ontology-2017-DIVI,442,40260,0.040260000000000004,#E64438,230,68,56,Hypothalamus,HY,division,2,8,AllenCCF-Ontology-2017-8
AllenCCF-Annotation-2020-452,AllenCCF-Ontology-2017-452,AllenCCF-Ontology-2017-STRU,442,40260,0.040260000000000004,#FF5547,255,85,71,Median preoptic nucleus,MEPO,structure,3,162,AllenCCF-Ontology-2017-1097
AllenCCF-Annotation-2020-523,AllenCCF-Ontology-2017-997,AllenCCF-Ontology-2017-ORGA,513,555530,0.5555300000000001,#FFFFFF,255,255,255,brain,brain,organ,0,0,
AllenCCF-Annotation-2020-523,AllenCCF-Ontology-2017-8,AllenCCF-Ontology-2017-CATE,513,555530,0.5555300000000001,#BFDAE3,191,218,227,Basic cell groups and regions,grey,category,1,1,AllenCCF-Ontology-2017-997
AllenCCF-Annotation-2020-523,AllenCCF-Ontology-2017-1097,AllenCCF-Ontology-2017-DIVI,513,555530,0.5555300000000001,#E64438,230,68,56,Hypothalamus,HY,division,2,8,AllenCCF-Ontology-2017-8
AllenCCF-Annotation-2020-523,AllenCCF-Ontology-2017-523,AllenCCF-Ontology-2017-STRU,513,555530,0.5555300000000001,#FF5547,255,85,71,Medial preoptic area,MPO,structure,3,163,AllenCCF-Ontology-2017-1097
AllenCCF-Annotation-2020-763,AllenCCF-Ontology-2017-997,AllenCCF-Ontology-2017-ORGA,753,8664,0.008664000000000002,#FFFFFF,255,255,255,brain,brain,organ,0,0,
AllenCCF-Annotation-2020-763,AllenCCF-Ontology-2017-8,AllenCCF-Ontology-2017-CATE,753,8664,0.008664000000000002,#BFDAE3,191,218,227,Basic cell groups and regions,grey,category,1,1,AllenCCF-Ontology-2017-997
AllenCCF-Annotation-2020-763,AllenCCF-Ontology-2017-1097,AllenCCF-Ontology-2017-DIVI,753,8664,0.008664000000000002,#E64438,230,68,56,Hypothalamus,HY,division,2,8,AllenCCF-Ontology-2017-8
AllenCCF-Annotation-2020-763,AllenCCF-Ontology-2017-763,AllenCCF-Ontology-2017-STRU,753,8664,0.008664000000000002,#FF5547,255,85,71,Vascular organ of the lamina terminalis,OV,structure,3,164,AllenCCF-Ontology-2017-1097
AllenCCF-Annotation-2020-914,AllenCCF-Ontology-2017-997,AllenCCF-Ontology-2017-ORGA,904,11666,0.011666000000000003,#FFFFFF,255,255,255,brain,brain,organ,0,0,
AllenCCF-Annotation-2020-914,AllenCCF-Ontology-2017-8,AllenCCF-Ontology-2017-CATE,904,11666,0.011666000000000003,#BFDAE3,191,218,227,Basic cell groups and regions,grey,category,1,1,AllenCCF-Ontology-2017-997
AllenCCF-Annotation-2020-914,AllenCCF-Ontology-2017-1097,AllenCCF-Ontology-2017-DIVI,904,11666,0.011666000000000003,#E64438,230,68,56,Hypothalamus,HY,division,2,8,AllenCCF-Ontology-2017-8
AllenCCF-Annotation-2020-914,AllenCCF-Ontology-2017-914,AllenCCF-Ontology-2017-STRU,904,11666,0.011666000000000003,#FF5547,255,85,71,Posterodorsal preoptic nucleus,PD,structure,3,165,AllenCCF-Ontology-2017-1097
AllenCCF-Annotation-2020-1109,AllenCCF-Ontology-2017-997,AllenCCF-Ontology-2017-ORGA,1098,96670,0.09667000000000002,#FFFFFF,255,255,255,brain,brain,organ,0,0,
AllenCCF-Annotation-2020-1109,AllenCCF-Ontology-2017-8,AllenCCF-Ontology-2017-CATE,1098,96670,0.09667000000000002,#BFDAE3,191,218,227,Basic cell groups and regions,grey,category,1,1,AllenCCF-Ontology-2017-997
AllenCCF-Annotation-2020-1109,AllenCCF-Ontology-2017-1097,AllenCCF-Ontology-2017-DIVI,1098,96670,0.09667000000000002,#E64438,230,68,56,Hypothalamus,HY,division,2,8,AllenCCF-Ontology-2017-8
AllenCCF-Annotation-2020-1109,AllenCCF-Ontology-2017-1109,AllenCCF-Ontology-2017-STRU,1098,96670,0.09667000000000002,#FF5547,255,85,71,Parastrial nucleus,PS,structure,3,166,AllenCCF-Ontology-2017-1097
AllenCCF-Annotation-2020-126,AllenCCF-Ontology-2017-997,AllenCCF-Ontology-2017-ORGA,121,124558,0.12455800000000002,#FFFFFF,255,255,255,brain,brain,organ,0,0,
AllenCCF-Annotation-2020-126,AllenCCF-Ontology-2017-8,AllenCCF-Ontology-2017-CATE,121,124558,0.12455800000000002,#BFDAE3,191,218,227,Basic cell groups and regions,grey,category,1,1,AllenCCF-Ontology-2017-997
AllenCCF-Annotation-2020-126,AllenCCF-Ontology-2017-1097,AllenCCF-Ontology-2017-DIVI,121,124558,0.12455800000000002,#E64438,230,68,56,Hypothalamus,HY,division,2,8,AllenCCF-Ontology-2017-8
AllenCCF-Annotation-2020-126,AllenCCF-Ontology-2017-126,AllenCCF-Ontology-2017-STRU,121,124558,0.12455800000000002,#FF5547,255,85,71,"Periventricular hypothalamic nucleus, posterior part",PVp,structure,3,167,AllenCCF-Ontology-2017-1097
AllenCCF-Annotation-2020-133,AllenCCF-Ontology-2017-997,AllenCCF-Ontology-2017-ORGA,128,147648,0.14764800000000003,#FFFFFF,255,255,255,brain,brain,organ,0,0,
AllenCCF-Annotation-2020-133,AllenCCF-Ontology-2017-8,AllenCCF-Ontology-2017-CATE,128,147648,0.14764800000000003,#BFDAE3,191,218,227,Basic cell groups and regions,grey,category,1,1,AllenCCF-Ontology-2017-997
AllenCCF-Annotation-2020-133,AllenCCF-Ontology-2017-1097,AllenCCF-Ontology-2017-DIVI,128,147648,0.14764800000000003,#E64438,230,68,56,Hypothalamus,HY,division,2,8,AllenCCF-Ontology-2017-8
AllenCCF-Annotation-2020-133,AllenCCF-Ontology-2017-133,AllenCCF-Ontology-2017-STRU,128,147648,0.14764800000000003,#FF5547,255,85,71,"Periventricular hypothalamic nucleus, preoptic part",PVpo,structure,3,168,AllenCCF-Ontology-2017-1097
AllenCCF-Annotation-2020-347,AllenCCF-Ontology-2017-997,AllenCCF-Ontology-2017-ORGA,337,109400,0.10940000000000003,#FFFFFF,255,255,255,brain,brain,organ,0,0,
AllenCCF-Annotation-2020-347,AllenCCF-Ontology-2017-8,AllenCCF-Ontology-2017-CATE,337,109400,0.10940000000000003,#BFDAE3,191,218,227,Basic cell groups and regions,grey,category,1,1,AllenCCF-Ontology-2017-997
AllenCCF-Annotation-2020-347,AllenCCF-Ontology-2017-1097,AllenCCF-Ontology-2017-DIVI,337,109400,0.10940000000000003,#E64438,230,68,56,Hypothalamus,HY,division,2,8,AllenCCF-Ontology-2017-8
AllenCCF-Annotation-2020-347,AllenCCF-Ontology-2017-347,AllenCCF-Ontology-2017-STRU,337,109400,0.10940000000000003,#FF5547,255,85,71,Subparaventricular zone,SBPV,structure,3,169,AllenCCF-Ontology-2017-1097
AllenCCF-Annotation-2020-286,AllenCCF-Ontology-2017-997,AllenCCF-Ontology-2017-ORGA,276,65776,0.06577600000000002,#FFFFFF,255,255,255,brain,brain,organ,0,0,
AllenCCF-Annotation-2020-286,AllenCCF-Ontology-2017-8,AllenCCF-Ontology-2017-CATE,276,65776,0.06577600000000002,#BFDAE3,191,218,227,Basic cell groups and regions,grey,category,1,1,AllenCCF-Ontology-2017-997
AllenCCF-Annotation-2020-286,AllenCCF-Ontology-2017-1097,AllenCCF-Ontology-2017-DIVI,276,65776,0.06577600000000002,#E64438,230,68,56,Hypothalamus,HY,division,2,8,AllenCCF-Ontology-2017-8
AllenCCF-Annotation-2020-286,AllenCCF-Ontology-2017-286,AllenCCF-Ontology-2017-STRU,276,65776,0.06577600000000002,#FF5547,255,85,71,Suprachiasmatic nucleus,SCH,structure,3,170,AllenCCF-Ontology-2017-1097
AllenCCF-Annotation-2020-338,AllenCCF-Ontology-2017-997,AllenCCF-Ontology-2017-ORGA,328,20716,0.020716000000000002,#FFFFFF,255,255,255,brain,brain,organ,0,0,
AllenCCF-Annotation-2020-338,AllenCCF-Ontology-2017-8,AllenCCF-Ontology-2017-CATE,328,20716,0.020716000000000002,#BFDAE3,191,218,227,Basic cell groups and regions,grey,category,1,1,AllenCCF-Ontology-2017-997
AllenCCF-Annotation-2020-338,AllenCCF-Ontology-2017-1097,AllenCCF-Ontology-2017-DIVI,328,20716,0.020716000000000002,#E64438,230,68,56,Hypothalamus,HY,division,2,8,AllenCCF-Ontology-2017-8
AllenCCF-Annotation-2020-338,AllenCCF-Ontology-2017-338,AllenCCF-Ontology-2017-STRU,328,20716,0.020716000000000002,#FF5547,255,85,71,Subfornical organ,SFO,structure,3,171,AllenCCF-Ontology-2017-1097
AllenCCF-Annotation-2020-576073699,AllenCCF-Ontology-2017-997,AllenCCF-Ontology-2017-ORGA,1306,50128,0.050128000000000006,#FFFFFF,255,255,255,brain,brain,organ,0,0,
AllenCCF-Annotation-2020-576073699,AllenCCF-Ontology-2017-8,AllenCCF-Ontology-2017-CATE,1306,50128,0.050128000000000006,#BFDAE3,191,218,227,Basic cell groups and regions,grey,category,1,1,AllenCCF-Ontology-2017-997
AllenCCF-Annotation-2020-576073699,AllenCCF-Ontology-2017-1097,AllenCCF-Ontology-2017-DIVI,1306,50128,0.050128000000000006,#E64438,230,68,56,Hypothalamus,HY,division,2,8,AllenCCF-Ontology-2017-8
AllenCCF-Annotation-2020-576073699,AllenCCF-Ontology-2017-576073699,AllenCCF-Ontology-2017-STRU,1306,50128,0.050128000000000006,#FF5547,255,85,71,Ventromedial preoptic nucleus,VMPO,structure,3,172,AllenCCF-Ontology-2017-1097
AllenCCF-Annotation-2020-689,AllenCCF-Ontology-2017-997,AllenCCF-Ontology-2017-ORGA,679,65426,0.06542600000000001,#FFFFFF,255,255,255,brain,brain,organ,0,0,
AllenCCF-Annotation-2020-689,AllenCCF-Ontology-2017-8,AllenCCF-Ontology-2017-CATE,679,65426,0.06542600000000001,#BFDAE3,191,218,227,Basic cell groups and regions,grey,category,1,1,AllenCCF-Ontology-2017-997
AllenCCF-Annotation-2020-689,AllenCCF-Ontology-2017-1097,AllenCCF-Ontology-2017-DIVI,679,65426,0.06542600000000001,#E64438,230,68,56,Hypothalamus,HY,division,2,8,AllenCCF-Ontology-2017-8
AllenCCF-Annotation-2020-689,AllenCCF-Ontology-2017-689,AllenCCF-Ontology-2017-STRU,679,65426,0.06542600000000001,#FF5547,255,85,71,Ventrolateral preoptic nucleus,VLPO,structure,3,173,AllenCCF-Ontology-2017-1097
AllenCCF-Annotation-2020-88,AllenCCF-Ontology-2017-997,AllenCCF-Ontology-2017-ORGA,83,710594,0.7105940000000002,#FFFFFF,255,255,255,brain,brain,organ,0,0,
AllenCCF-Annotation-2020-88,AllenCCF-Ontology-2017-8,AllenCCF-Ontology-2017-CATE,83,710594,0.7105940000000002,#BFDAE3,191,218,227,Basic cell groups and regions,grey,category,1,1,AllenCCF-Ontology-2017-997
AllenCCF-Annotation-2020-88,AllenCCF-Ontology-2017-1097,AllenCCF-Ontology-2017-DIVI,83,710594,0.7105940000000002,#E64438,230,68,56,Hypothalamus,HY,division,2,8,AllenCCF-Ontology-2017-8
AllenCCF-Annotation-2020-88,AllenCCF-Ontology-2017-88,AllenCCF-Ontology-2017-STRU,83,710594,0.7105940000000002,#FF4C3E,255,76,62,Anterior hypothalamic nucleus,AHN,structure,3,174,AllenCCF-Ontology-2017-1097
AllenCCF-Annotation-2020-210,AllenCCF-Ontology-2017-997,AllenCCF-Ontology-2017-ORGA,203,77444,0.07744400000000001,#FFFFFF,255,255,255,brain,brain,organ,0,0,
AllenCCF-Annotation-2020-210,AllenCCF-Ontology-2017-8,AllenCCF-Ontology-2017-CATE,203,77444,0.07744400000000001,#BFDAE3,191,218,227,Basic cell groups and regions,grey,category,1,1,AllenCCF-Ontology-2017-997
AllenCCF-Annotation-2020-210,AllenCCF-Ontology-2017-1097,AllenCCF-Ontology-2017-DIVI,203,77444,0.07744400000000001,#E64438,230,68,56,Hypothalamus,HY,division,2,8,AllenCCF-Ontology-2017-8
AllenCCF-Annotation-2020-210,AllenCCF-Ontology-2017-210,AllenCCF-Ontology-2017-STRU,203,77444,0.07744400000000001,#FF4C3E,255,76,62,Lateral mammillary nucleus,LM,structure,3,175,AllenCCF-Ontology-2017-1097
AllenCCF-Annotation-2020-732,AllenCCF-Ontology-2017-997,AllenCCF-Ontology-2017-ORGA,722,76958,0.07695800000000001,#FFFFFF,255,255,255,brain,brain,organ,0,0,
AllenCCF-Annotation-2020-732,AllenCCF-Ontology-2017-8,AllenCCF-Ontology-2017-CATE,722,76958,0.07695800000000001,#BFDAE3,191,218,227,Basic cell groups and regions,grey,category,1,1,AllenCCF-Ontology-2017-997
AllenCCF-Annotation-2020-732,AllenCCF-Ontology-2017-1097,AllenCCF-Ontology-2017-DIVI,722,76958,0.07695800000000001,#E64438,230,68,56,Hypothalamus,HY,division,2,8,AllenCCF-Ontology-2017-8
AllenCCF-Annotation-2020-732,AllenCCF-Ontology-2017-491,AllenCCF-Ontology-2017-STRU,722,76958,0.07695800000000001,#FF4C3E,255,76,62,Medial mammillary nucleus,MM,structure,3,176,AllenCCF-Ontology-2017-1097
AllenCCF-Annotation-2020-732,AllenCCF-Ontology-2017-732,AllenCCF-Ontology-2017-SUBS,722,76958,0.07695800000000001,#FF4C3E,255,76,62,"Medial mammillary nucleus, median part",MMme,substructure,4,509,AllenCCF-Ontology-2017-491
AllenCCF-Annotation-2020-606826647,AllenCCF-Ontology-2017-997,AllenCCF-Ontology-2017-ORGA,1313,212658,0.21265800000000004,#FFFFFF,255,255,255,brain,brain,organ,0,0,
AllenCCF-Annotation-2020-606826647,AllenCCF-Ontology-2017-8,AllenCCF-Ontology-2017-CATE,1313,212658,0.21265800000000004,#BFDAE3,191,218,227,Basic cell groups and regions,grey,category,1,1,AllenCCF-Ontology-2017-997
AllenCCF-Annotation-2020-606826647,AllenCCF-Ontology-2017-1097,AllenCCF-Ontology-2017-DIVI,1313,212658,0.21265800000000004,#E64438,230,68,56,Hypothalamus,HY,division,2,8,AllenCCF-Ontology-2017-8
AllenCCF-Annotation-2020-606826647,AllenCCF-Ontology-2017-491,AllenCCF-Ontology-2017-STRU,1313,212658,0.21265800000000004,#FF4C3E,255,76,62,Medial mammillary nucleus,MM,structure,3,176,AllenCCF-Ontology-2017-1097
AllenCCF-Annotation-2020-606826647,AllenCCF-Ontology-2017-606826647,AllenCCF-Ontology-2017-SUBS,1313,212658,0.21265800000000004,#FF4C3E,255,76,62,"Medial mammillary nucleus, lateral part",MMl,substructure,4,510,AllenCCF-Ontology-2017-491
AllenCCF-Annotation-2020-606826651,AllenCCF-Ontology-2017-997,AllenCCF-Ontology-2017-ORGA,1314,135784,0.13578400000000002,#FFFFFF,255,255,255,brain,brain,organ,0,0,
AllenCCF-Annotation-2020-606826651,AllenCCF-Ontology-2017-8,AllenCCF-Ontology-2017-CATE,1314,135784,0.13578400000000002,#BFDAE3,191,218,227,Basic cell groups and regions,grey,category,1,1,AllenCCF-Ontology-2017-997
AllenCCF-Annotation-2020-606826651,AllenCCF-Ontology-2017-1097,AllenCCF-Ontology-2017-DIVI,1314,135784,0.13578400000000002,#E64438,230,68,56,Hypothalamus,HY,division,2,8,AllenCCF-Ontology-2017-8
AllenCCF-Annotation-2020-606826651,AllenCCF-Ontology-2017-491,AllenCCF-Ontology-2017-STRU,1314,135784,0.13578400000000002,#FF4C3E,255,76,62,Medial mammillary nucleus,MM,structure,3,176,AllenCCF-Ontology-2017-1097
AllenCCF-Annotation-2020-606826651,AllenCCF-Ontology-2017-606826651,AllenCCF-Ontology-2017-SUBS,1314,135784,0.13578400000000002,#FF4C3E,255,76,62,"Medial mammillary nucleus, medial part",MMm,substructure,4,511,AllenCCF-Ontology-2017-491
AllenCCF-Annotation-2020-606826655,AllenCCF-Ontology-2017-997,AllenCCF-Ontology-2017-ORGA,1315,37878,0.03787800000000001,#FFFFFF,255,255,255,brain,brain,organ,0,0,
AllenCCF-Annotation-2020-606826655,AllenCCF-Ontology-2017-8,AllenCCF-Ontology-2017-CATE,1315,37878,0.03787800000000001,#BFDAE3,191,218,227,Basic cell groups and regions,grey,category,1,1,AllenCCF-Ontology-2017-997
AllenCCF-Annotation-2020-606826655,AllenCCF-Ontology-2017-1097,AllenCCF-Ontology-2017-DIVI,1315,37878,0.03787800000000001,#E64438,230,68,56,Hypothalamus,HY,division,2,8,AllenCCF-Ontology-2017-8
AllenCCF-Annotation-2020-606826655,AllenCCF-Ontology-2017-491,AllenCCF-Ontology-2017-STRU,1315,37878,0.03787800000000001,#FF4C3E,255,76,62,Medial mammillary nucleus,MM,structure,3,176,AllenCCF-Ontology-2017-1097
AllenCCF-Annotation-2020-606826655,AllenCCF-Ontology-2017-606826655,AllenCCF-Ontology-2017-SUBS,1315,37878,0.03787800000000001,#FF4C3E,255,76,62,"Medial mammillary nucleus, posterior part",MMp,substructure,4,512,AllenCCF-Ontology-2017-491
AllenCCF-Annotation-2020-606826659,AllenCCF-Ontology-2017-997,AllenCCF-Ontology-2017-ORGA,1316,76858,0.07685800000000001,#FFFFFF,255,255,255,brain,brain,organ,0,0,
AllenCCF-Annotation-2020-606826659,AllenCCF-Ontology-2017-8,AllenCCF-Ontology-2017-CATE,1316,76858,0.07685800000000001,#BFDAE3,191,218,227,Basic cell groups and regions,grey,category,1,1,AllenCCF-Ontology-2017-997
AllenCCF-Annotation-2020-606826659,AllenCCF-Ontology-2017-1097,AllenCCF-Ontology-2017-DIVI,1316,76858,0.07685800000000001,#E64438,230,68,56,Hypothalamus,HY,division,2,8,AllenCCF-Ontology-2017-8
AllenCCF-Annotation-2020-606826659,AllenCCF-Ontology-2017-491,AllenCCF-Ontology-2017-STRU,1316,76858,0.07685800000000001,#FF4C3E,255,76,62,Medial mammillary nucleus,MM,structure,3,176,AllenCCF-Ontology-2017-1097
AllenCCF-Annotation-2020-606826659,AllenCCF-Ontology-2017-606826659,AllenCCF-Ontology-2017-SUBS,1316,76858,0.07685800000000001,#FF4C3E,255,76,62,"Medial mammillary nucleus, dorsal part",MMd,substructure,4,513,AllenCCF-Ontology-2017-491
AllenCCF-Annotation-2020-525,AllenCCF-Ontology-2017-997,AllenCCF-Ontology-2017-ORGA,515,254722,0.25472200000000006,#FFFFFF,255,255,255,brain,brain,organ,0,0,
AllenCCF-Annotation-2020-525,AllenCCF-Ontology-2017-8,AllenCCF-Ontology-2017-CATE,515,254722,0.25472200000000006,#BFDAE3,191,218,227,Basic cell groups and regions,grey,category,1,1,AllenCCF-Ontology-2017-997
AllenCCF-Annotation-2020-525,AllenCCF-Ontology-2017-1097,AllenCCF-Ontology-2017-DIVI,515,254722,0.25472200000000006,#E64438,230,68,56,Hypothalamus,HY,division,2,8,AllenCCF-Ontology-2017-8
AllenCCF-Annotation-2020-525,AllenCCF-Ontology-2017-525,AllenCCF-Ontology-2017-STRU,515,254722,0.25472200000000006,#FF4C3E,255,76,62,Supramammillary nucleus,SUM,structure,3,177,AllenCCF-Ontology-2017-1097
AllenCCF-Annotation-2020-1126,AllenCCF-Ontology-2017-997,AllenCCF-Ontology-2017-ORGA,1113,35706,0.03570600000000001,#FFFFFF,255,255,255,brain,brain,organ,0,0,
AllenCCF-Annotation-2020-1126,AllenCCF-Ontology-2017-8,AllenCCF-Ontology-2017-CATE,1113,35706,0.03570600000000001,#BFDAE3,191,218,227,Basic cell groups and regions,grey,category,1,1,AllenCCF-Ontology-2017-997
AllenCCF-Annotation-2020-1126,AllenCCF-Ontology-2017-1097,AllenCCF-Ontology-2017-DIVI,1113,35706,0.03570600000000001,#E64438,230,68,56,Hypothalamus,HY,division,2,8,AllenCCF-Ontology-2017-8
AllenCCF-Annotation-2020-1126,AllenCCF-Ontology-2017-1126,AllenCCF-Ontology-2017-STRU,1113,35706,0.03570600000000001,#FF4C3E,255,76,62,"Tuberomammillary nucleus, dorsal part",TMd,structure,3,178,AllenCCF-Ontology-2017-1097
AllenCCF-Annotation-2020-1,AllenCCF-Ontology-2017-997,AllenCCF-Ontology-2017-ORGA,1,107802,0.10780200000000002,#FFFFFF,255,255,255,brain,brain,organ,0,0,
AllenCCF-Annotation-2020-1,AllenCCF-Ontology-2017-8,AllenCCF-Ontology-2017-CATE,1,107802,0.10780200000000002,#BFDAE3,191,218,227,Basic cell groups and regions,grey,category,1,1,AllenCCF-Ontology-2017-997
AllenCCF-Annotation-2020-1,AllenCCF-Ontology-2017-1097,AllenCCF-Ontology-2017-DIVI,1,107802,0.10780200000000002,#E64438,230,68,56,Hypothalamus,HY,division,2,8,AllenCCF-Ontology-2017-8
AllenCCF-Annotation-2020-1,AllenCCF-Ontology-2017-1,AllenCCF-Ontology-2017-STRU,1,107802,0.10780200000000002,#FF4C3E,255,76,62,"Tuberomammillary nucleus, ventral part",TMv,structure,3,179,AllenCCF-Ontology-2017-1097
AllenCCF-Annotation-2020-515,AllenCCF-Ontology-2017-997,AllenCCF-Ontology-2017-ORGA,505,406420,0.40642000000000006,#FFFFFF,255,255,255,brain,brain,organ,0,0,
AllenCCF-Annotation-2020-515,AllenCCF-Ontology-2017-8,AllenCCF-Ontology-2017-CATE,505,406420,0.40642000000000006,#BFDAE3,191,218,227,Basic cell groups and regions,grey,category,1,1,AllenCCF-Ontology-2017-997
AllenCCF-Annotation-2020-515,AllenCCF-Ontology-2017-1097,AllenCCF-Ontology-2017-DIVI,505,406420,0.40642000000000006,#E64438,230,68,56,Hypothalamus,HY,division,2,8,AllenCCF-Ontology-2017-8
AllenCCF-Annotation-2020-515,AllenCCF-Ontology-2017-515,AllenCCF-Ontology-2017-STRU,505,406420,0.40642000000000006,#FF4C3E,255,76,62,Medial preoptic nucleus,MPN,structure,3,180,AllenCCF-Ontology-2017-1097
AllenCCF-Annotation-2020-980,AllenCCF-Ontology-2017-997,AllenCCF-Ontology-2017-ORGA,970,132210,0.13221000000000002,#FFFFFF,255,255,255,brain,brain,organ,0,0,
AllenCCF-Annotation-2020-980,AllenCCF-Ontology-2017-8,AllenCCF-Ontology-2017-CATE,970,132210,0.13221000000000002,#BFDAE3,191,218,227,Basic cell groups and regions,grey,category,1,1,AllenCCF-Ontology-2017-997
AllenCCF-Annotation-2020-980,AllenCCF-Ontology-2017-1097,AllenCCF-Ontology-2017-DIVI,970,132210,0.13221000000000002,#E64438,230,68,56,Hypothalamus,HY,division,2,8,AllenCCF-Ontology-2017-8
AllenCCF-Annotation-2020-980,AllenCCF-Ontology-2017-980,AllenCCF-Ontology-2017-STRU,970,132210,0.13221000000000002,#FF4C3E,255,76,62,Dorsal premammillary nucleus,PMd,structure,3,181,AllenCCF-Ontology-2017-1097
AllenCCF-Annotation-2020-1004,AllenCCF-Ontology-2017-997,AllenCCF-Ontology-2017-ORGA,994,195022,0.19502200000000003,#FFFFFF,255,255,255,brain,brain,organ,0,0,
AllenCCF-Annotation-2020-1004,AllenCCF-Ontology-2017-8,AllenCCF-Ontology-2017-CATE,994,195022,0.19502200000000003,#BFDAE3,191,218,227,Basic cell groups and regions,grey,category,1,1,AllenCCF-Ontology-2017-997
AllenCCF-Annotation-2020-1004,AllenCCF-Ontology-2017-1097,AllenCCF-Ontology-2017-DIVI,994,195022,0.19502200000000003,#E64438,230,68,56,Hypothalamus,HY,division,2,8,AllenCCF-Ontology-2017-8
AllenCCF-Annotation-2020-1004,AllenCCF-Ontology-2017-1004,AllenCCF-Ontology-2017-STRU,994,195022,0.19502200000000003,#FF4C3E,255,76,62,Ventral premammillary nucleus,PMv,structure,3,182,AllenCCF-Ontology-2017-1097
AllenCCF-Annotation-2020-63,AllenCCF-Ontology-2017-997,AllenCCF-Ontology-2017-ORGA,58,130642,0.130642,#FFFFFF,255,255,255,brain,brain,organ,0,0,
AllenCCF-Annotation-2020-63,AllenCCF-Ontology-2017-8,AllenCCF-Ontology-2017-CATE,58,130642,0.130642,#BFDAE3,191,218,227,Basic cell groups and regions,grey,category,1,1,AllenCCF-Ontology-2017-997
AllenCCF-Annotation-2020-63,AllenCCF-Ontology-2017-1097,AllenCCF-Ontology-2017-DIVI,58,130642,0.130642,#E64438,230,68,56,Hypothalamus,HY,division,2,8,AllenCCF-Ontology-2017-8
AllenCCF-Annotation-2020-63,AllenCCF-Ontology-2017-63,AllenCCF-Ontology-2017-STRU,58,130642,0.130642,#FF4C3E,255,76,62,"Paraventricular hypothalamic nucleus, descending division",PVHd,structure,3,183,AllenCCF-Ontology-2017-1097
AllenCCF-Annotation-2020-693,AllenCCF-Ontology-2017-997,AllenCCF-Ontology-2017-ORGA,683,549454,0.5494540000000001,#FFFFFF,255,255,255,brain,brain,organ,0,0,
AllenCCF-Annotation-2020-693,AllenCCF-Ontology-2017-8,AllenCCF-Ontology-2017-CATE,683,549454,0.5494540000000001,#BFDAE3,191,218,227,Basic cell groups and regions,grey,category,1,1,AllenCCF-Ontology-2017-997
AllenCCF-Annotation-2020-693,AllenCCF-Ontology-2017-1097,AllenCCF-Ontology-2017-DIVI,683,549454,0.5494540000000001,#E64438,230,68,56,Hypothalamus,HY,division,2,8,AllenCCF-Ontology-2017-8
AllenCCF-Annotation-2020-693,AllenCCF-Ontology-2017-693,AllenCCF-Ontology-2017-STRU,683,549454,0.5494540000000001,#FF4C3E,255,76,62,Ventromedial hypothalamic nucleus,VMH,structure,3,184,AllenCCF-Ontology-2017-1097
AllenCCF-Annotation-2020-946,AllenCCF-Ontology-2017-997,AllenCCF-Ontology-2017-ORGA,936,707114,0.7071140000000001,#FFFFFF,255,255,255,brain,brain,organ,0,0,
AllenCCF-Annotation-2020-946,AllenCCF-Ontology-2017-8,AllenCCF-Ontology-2017-CATE,936,707114,0.7071140000000001,#BFDAE3,191,218,227,Basic cell groups and regions,grey,category,1,1,AllenCCF-Ontology-2017-997
AllenCCF-Annotation-2020-946,AllenCCF-Ontology-2017-1097,AllenCCF-Ontology-2017-DIVI,936,707114,0.7071140000000001,#E64438,230,68,56,Hypothalamus,HY,division,2,8,AllenCCF-Ontology-2017-8
AllenCCF-Annotation-2020-946,AllenCCF-Ontology-2017-946,AllenCCF-Ontology-2017-STRU,936,707114,0.7071140000000001,#FF4C3E,255,76,62,Posterior hypothalamic nucleus,PH,structure,3,185,AllenCCF-Ontology-2017-1097
AllenCCF-Annotation-2020-194,AllenCCF-Ontology-2017-997,AllenCCF-Ontology-2017-ORGA,187,2064508,2.0645080000000005,#FFFFFF,255,255,255,brain,brain,organ,0,0,
AllenCCF-Annotation-2020-194,AllenCCF-Ontology-2017-8,AllenCCF-Ontology-2017-CATE,187,2064508,2.0645080000000005,#BFDAE3,191,218,227,Basic cell groups and regions,grey,category,1,1,AllenCCF-Ontology-2017-997
AllenCCF-Annotation-2020-194,AllenCCF-Ontology-2017-1097,AllenCCF-Ontology-2017-DIVI,187,2064508,2.0645080000000005,#E64438,230,68,56,Hypothalamus,HY,division,2,8,AllenCCF-Ontology-2017-8
AllenCCF-Annotation-2020-194,AllenCCF-Ontology-2017-194,AllenCCF-Ontology-2017-STRU,187,2064508,2.0645080000000005,#F2483B,242,72,59,Lateral hypothalamic area,LHA,structure,3,186,AllenCCF-Ontology-2017-1097
AllenCCF-Annotation-2020-226,AllenCCF-Ontology-2017-997,AllenCCF-Ontology-2017-ORGA,219,559976,0.5599760000000001,#FFFFFF,255,255,255,brain,brain,organ,0,0,
AllenCCF-Annotation-2020-226,AllenCCF-Ontology-2017-8,AllenCCF-Ontology-2017-CATE,219,559976,0.5599760000000001,#BFDAE3,191,218,227,Basic cell groups and regions,grey,category,1,1,AllenCCF-Ontology-2017-997
AllenCCF-Annotation-2020-226,AllenCCF-Ontology-2017-1097,AllenCCF-Ontology-2017-DIVI,219,559976,0.5599760000000001,#E64438,230,68,56,Hypothalamus,HY,division,2,8,AllenCCF-Ontology-2017-8
AllenCCF-Annotation-2020-226,AllenCCF-Ontology-2017-226,AllenCCF-Ontology-2017-STRU,219,559976,0.5599760000000001,#F2483B,242,72,59,Lateral preoptic area,LPO,structure,3,187,AllenCCF-Ontology-2017-1097
AllenCCF-Annotation-2020-356,AllenCCF-Ontology-2017-997,AllenCCF-Ontology-2017-ORGA,346,12456,0.012456000000000002,#FFFFFF,255,255,255,brain,brain,organ,0,0,
AllenCCF-Annotation-2020-356,AllenCCF-Ontology-2017-8,AllenCCF-Ontology-2017-CATE,346,12456,0.012456000000000002,#BFDAE3,191,218,227,Basic cell groups and regions,grey,category,1,1,AllenCCF-Ontology-2017-997
AllenCCF-Annotation-2020-356,AllenCCF-Ontology-2017-1097,AllenCCF-Ontology-2017-DIVI,346,12456,0.012456000000000002,#E64438,230,68,56,Hypothalamus,HY,division,2,8,AllenCCF-Ontology-2017-8
AllenCCF-Annotation-2020-356,AllenCCF-Ontology-2017-356,AllenCCF-Ontology-2017-STRU,346,12456,0.012456000000000002,#F2483B,242,72,59,Preparasubthalamic nucleus,PST,structure,3,188,AllenCCF-Ontology-2017-1097
AllenCCF-Annotation-2020-364,AllenCCF-Ontology-2017-997,AllenCCF-Ontology-2017-ORGA,354,166506,0.16650600000000002,#FFFFFF,255,255,255,brain,brain,organ,0,0,
AllenCCF-Annotation-2020-364,AllenCCF-Ontology-2017-8,AllenCCF-Ontology-2017-CATE,354,166506,0.16650600000000002,#BFDAE3,191,218,227,Basic cell groups and regions,grey,category,1,1,AllenCCF-Ontology-2017-997
AllenCCF-Annotation-2020-364,AllenCCF-Ontology-2017-1097,AllenCCF-Ontology-2017-DIVI,354,166506,0.16650600000000002,#E64438,230,68,56,Hypothalamus,HY,division,2,8,AllenCCF-Ontology-2017-8
AllenCCF-Annotation-2020-364,AllenCCF-Ontology-2017-364,AllenCCF-Ontology-2017-STRU,354,166506,0.16650600000000002,#F2483B,242,72,59,Parasubthalamic nucleus,PSTN,structure,3,189,AllenCCF-Ontology-2017-1097
AllenCCF-Annotation-2020-576073704,AllenCCF-Ontology-2017-997,AllenCCF-Ontology-2017-ORGA,1307,214254,0.21425400000000003,#FFFFFF,255,255,255,brain,brain,organ,0,0,
AllenCCF-Annotation-2020-576073704,AllenCCF-Ontology-2017-8,AllenCCF-Ontology-2017-CATE,1307,214254,0.21425400000000003,#BFDAE3,191,218,227,Basic cell groups and regions,grey,category,1,1,AllenCCF-Ontology-2017-997
AllenCCF-Annotation-2020-576073704,AllenCCF-Ontology-2017-1097,AllenCCF-Ontology-2017-DIVI,1307,214254,0.21425400000000003,#E64438,230,68,56,Hypothalamus,HY,division,2,8,AllenCCF-Ontology-2017-8
AllenCCF-Annotation-2020-576073704,AllenCCF-Ontology-2017-576073704,AllenCCF-Ontology-2017-STRU,1307,214254,0.21425400000000003,#F2483B,242,72,59,Perifornical nucleus,PeF,structure,3,190,AllenCCF-Ontology-2017-1097
AllenCCF-Annotation-2020-173,AllenCCF-Ontology-2017-997,AllenCCF-Ontology-2017-ORGA,167,150330,0.15033000000000002,#FFFFFF,255,255,255,brain,brain,organ,0,0,
AllenCCF-Annotation-2020-173,AllenCCF-Ontology-2017-8,AllenCCF-Ontology-2017-CATE,167,150330,0.15033000000000002,#BFDAE3,191,218,227,Basic cell groups and regions,grey,category,1,1,AllenCCF-Ontology-2017-997
AllenCCF-Annotation-2020-173,AllenCCF-Ontology-2017-1097,AllenCCF-Ontology-2017-DIVI,167,150330,0.15033000000000002,#E64438,230,68,56,Hypothalamus,HY,division,2,8,AllenCCF-Ontology-2017-8
AllenCCF-Annotation-2020-173,AllenCCF-Ontology-2017-173,AllenCCF-Ontology-2017-STRU,167,150330,0.15033000000000002,#F2483B,242,72,59,Retrochiasmatic area,RCH,structure,3,191,AllenCCF-Ontology-2017-1097
AllenCCF-Annotation-2020-470,AllenCCF-Ontology-2017-997,AllenCCF-Ontology-2017-ORGA,460,194600,0.19460000000000002,#FFFFFF,255,255,255,brain,brain,organ,0,0,
AllenCCF-Annotation-2020-470,AllenCCF-Ontology-2017-8,AllenCCF-Ontology-2017-CATE,460,194600,0.19460000000000002,#BFDAE3,191,218,227,Basic cell groups and regions,grey,category,1,1,AllenCCF-Ontology-2017-997
AllenCCF-Annotation-2020-470,AllenCCF-Ontology-2017-1097,AllenCCF-Ontology-2017-DIVI,460,194600,0.19460000000000002,#E64438,230,68,56,Hypothalamus,HY,division,2,8,AllenCCF-Ontology-2017-8
AllenCCF-Annotation-2020-470,AllenCCF-Ontology-2017-470,AllenCCF-Ontology-2017-STRU,460,194600,0.19460000000000002,#F2483B,242,72,59,Subthalamic nucleus,STN,structure,3,192,AllenCCF-Ontology-2017-1097
AllenCCF-Annotation-2020-614,AllenCCF-Ontology-2017-997,AllenCCF-Ontology-2017-ORGA,604,523216,0.5232160000000001,#FFFFFF,255,255,255,brain,brain,organ,0,0,
AllenCCF-Annotation-2020-614,AllenCCF-Ontology-2017-8,AllenCCF-Ontology-2017-CATE,604,523216,0.5232160000000001,#BFDAE3,191,218,227,Basic cell groups and regions,grey,category,1,1,AllenCCF-Ontology-2017-997
AllenCCF-Annotation-2020-614,AllenCCF-Ontology-2017-1097,AllenCCF-Ontology-2017-DIVI,604,523216,0.5232160000000001,#E64438,230,68,56,Hypothalamus,HY,division,2,8,AllenCCF-Ontology-2017-8
AllenCCF-Annotation-2020-614,AllenCCF-Ontology-2017-614,AllenCCF-Ontology-2017-STRU,604,523216,0.5232160000000001,#F2483B,242,72,59,Tuberal nucleus,TU,structure,3,193,AllenCCF-Ontology-2017-1097
AllenCCF-Annotation-2020-797,AllenCCF-Ontology-2017-997,AllenCCF-Ontology-2017-ORGA,787,1558928,1.5589280000000003,#FFFFFF,255,255,255,brain,brain,organ,0,0,
AllenCCF-Annotation-2020-797,AllenCCF-Ontology-2017-8,AllenCCF-Ontology-2017-CATE,787,1558928,1.5589280000000003,#BFDAE3,191,218,227,Basic cell groups and regions,grey,category,1,1,AllenCCF-Ontology-2017-997
AllenCCF-Annotation-2020-797,AllenCCF-Ontology-2017-1097,AllenCCF-Ontology-2017-DIVI,787,1558928,1.5589280000000003,#E64438,230,68,56,Hypothalamus,HY,division,2,8,AllenCCF-Ontology-2017-8
AllenCCF-Annotation-2020-797,AllenCCF-Ontology-2017-797,AllenCCF-Ontology-2017-STRU,787,1558928,1.5589280000000003,#F2483B,242,72,59,Zona incerta,ZI,structure,3,194,AllenCCF-Ontology-2017-1097
AllenCCF-Annotation-2020-804,AllenCCF-Ontology-2017-997,AllenCCF-Ontology-2017-ORGA,794,240814,0.24081400000000003,#FFFFFF,255,255,255,brain,brain,organ,0,0,
AllenCCF-Annotation-2020-804,AllenCCF-Ontology-2017-8,AllenCCF-Ontology-2017-CATE,794,240814,0.24081400000000003,#BFDAE3,191,218,227,Basic cell groups and regions,grey,category,1,1,AllenCCF-Ontology-2017-997
AllenCCF-Annotation-2020-804,AllenCCF-Ontology-2017-1097,AllenCCF-Ontology-2017-DIVI,794,240814,0.24081400000000003,#E64438,230,68,56,Hypothalamus,HY,division,2,8,AllenCCF-Ontology-2017-8
AllenCCF-Annotation-2020-804,AllenCCF-Ontology-2017-797,AllenCCF-Ontology-2017-STRU,794,240814,0.24081400000000003,#F2483B,242,72,59,Zona incerta,ZI,structure,3,194,AllenCCF-Ontology-2017-1097
AllenCCF-Annotation-2020-804,AllenCCF-Ontology-2017-804,AllenCCF-Ontology-2017-SUBS,794,240814,0.24081400000000003,#F2483B,242,72,59,Fields of Forel,FF,substructure,4,546,AllenCCF-Ontology-2017-797
AllenCCF-Annotation-2020-10671,AllenCCF-Ontology-2017-997,AllenCCF-Ontology-2017-ORGA,1127,81550,0.08155000000000001,#FFFFFF,255,255,255,brain,brain,organ,0,0,
AllenCCF-Annotation-2020-10671,AllenCCF-Ontology-2017-8,AllenCCF-Ontology-2017-CATE,1127,81550,0.08155000000000001,#BFDAE3,191,218,227,Basic cell groups and regions,grey,category,1,1,AllenCCF-Ontology-2017-997
AllenCCF-Annotation-2020-10671,AllenCCF-Ontology-2017-1097,AllenCCF-Ontology-2017-DIVI,1127,81550,0.08155000000000001,#E64438,230,68,56,Hypothalamus,HY,division,2,8,AllenCCF-Ontology-2017-8
AllenCCF-Annotation-2020-10671,AllenCCF-Ontology-2017-10671,AllenCCF-Ontology-2017-STRU,1127,81550,0.08155000000000001,#F2483B,242,72,59,Median eminence,ME,structure,3,195,AllenCCF-Ontology-2017-1097
AllenCCF-Annotation-2020-313,AllenCCF-Ontology-2017-997,AllenCCF-Ontology-2017-ORGA,303,6762882,6.762882000000001,#FFFFFF,255,255,255,brain,brain,organ,0,0,
AllenCCF-Annotation-2020-313,AllenCCF-Ontology-2017-8,AllenCCF-Ontology-2017-CATE,303,6762882,6.762882000000001,#BFDAE3,191,218,227,Basic cell groups and regions,grey,category,1,1,AllenCCF-Ontology-2017-997
AllenCCF-Annotation-2020-313,AllenCCF-Ontology-2017-313,AllenCCF-Ontology-2017-DIVI,303,6762882,6.762882000000001,#FF64FF,255,100,255,Midbrain,MB,division,2,9,AllenCCF-Ontology-2017-8
AllenCCF-Annotation-2020-851,AllenCCF-Ontology-2017-997,AllenCCF-Ontology-2017-ORGA,841,642388,0.6423880000000001,#FFFFFF,255,255,255,brain,brain,organ,0,0,
AllenCCF-Annotation-2020-851,AllenCCF-Ontology-2017-8,AllenCCF-Ontology-2017-CATE,841,642388,0.6423880000000001,#BFDAE3,191,218,227,Basic cell groups and regions,grey,category,1,1,AllenCCF-Ontology-2017-997
AllenCCF-Annotation-2020-851,AllenCCF-Ontology-2017-313,AllenCCF-Ontology-2017-DIVI,841,642388,0.6423880000000001,#FF64FF,255,100,255,Midbrain,MB,division,2,9,AllenCCF-Ontology-2017-8
AllenCCF-Annotation-2020-851,AllenCCF-Ontology-2017-302,AllenCCF-Ontology-2017-STRU,841,642388,0.6423880000000001,#FF7AFF,255,122,255,"Superior colliculus, sensory related",SCs,structure,3,197,AllenCCF-Ontology-2017-313
AllenCCF-Annotation-2020-851,AllenCCF-Ontology-2017-851,AllenCCF-Ontology-2017-SUBS,841,642388,0.6423880000000001,#FF7AFF,255,122,255,"Superior colliculus, optic layer",SCop,substructure,4,549,AllenCCF-Ontology-2017-302
AllenCCF-Annotation-2020-842,AllenCCF-Ontology-2017-997,AllenCCF-Ontology-2017-ORGA,832,1152824,1.1528240000000003,#FFFFFF,255,255,255,brain,brain,organ,0,0,
AllenCCF-Annotation-2020-842,AllenCCF-Ontology-2017-8,AllenCCF-Ontology-2017-CATE,832,1152824,1.1528240000000003,#BFDAE3,191,218,227,Basic cell groups and regions,grey,category,1,1,AllenCCF-Ontology-2017-997
AllenCCF-Annotation-2020-842,AllenCCF-Ontology-2017-313,AllenCCF-Ontology-2017-DIVI,832,1152824,1.1528240000000003,#FF64FF,255,100,255,Midbrain,MB,division,2,9,AllenCCF-Ontology-2017-8
AllenCCF-Annotation-2020-842,AllenCCF-Ontology-2017-302,AllenCCF-Ontology-2017-STRU,832,1152824,1.1528240000000003,#FF7AFF,255,122,255,"Superior colliculus, sensory related",SCs,structure,3,197,AllenCCF-Ontology-2017-313
AllenCCF-Annotation-2020-842,AllenCCF-Ontology-2017-842,AllenCCF-Ontology-2017-SUBS,832,1152824,1.1528240000000003,#FF7AFF,255,122,255,"Superior colliculus, superficial gray layer",SCsg,substructure,4,550,AllenCCF-Ontology-2017-302
AllenCCF-Annotation-2020-834,AllenCCF-Ontology-2017-997,AllenCCF-Ontology-2017-ORGA,824,361242,0.36124200000000006,#FFFFFF,255,255,255,brain,brain,organ,0,0,
AllenCCF-Annotation-2020-834,AllenCCF-Ontology-2017-8,AllenCCF-Ontology-2017-CATE,824,361242,0.36124200000000006,#BFDAE3,191,218,227,Basic cell groups and regions,grey,category,1,1,AllenCCF-Ontology-2017-997
AllenCCF-Annotation-2020-834,AllenCCF-Ontology-2017-313,AllenCCF-Ontology-2017-DIVI,824,361242,0.36124200000000006,#FF64FF,255,100,255,Midbrain,MB,division,2,9,AllenCCF-Ontology-2017-8
AllenCCF-Annotation-2020-834,AllenCCF-Ontology-2017-302,AllenCCF-Ontology-2017-STRU,824,361242,0.36124200000000006,#FF7AFF,255,122,255,"Superior colliculus, sensory related",SCs,structure,3,197,AllenCCF-Ontology-2017-313
AllenCCF-Annotation-2020-834,AllenCCF-Ontology-2017-834,AllenCCF-Ontology-2017-SUBS,824,361242,0.36124200000000006,#FF7AFF,255,122,255,"Superior colliculus, zonal layer",SCzo,substructure,4,551,AllenCCF-Ontology-2017-302
AllenCCF-Annotation-2020-811,AllenCCF-Ontology-2017-997,AllenCCF-Ontology-2017-ORGA,801,1126574,1.1265740000000002,#FFFFFF,255,255,255,brain,brain,organ,0,0,
AllenCCF-Annotation-2020-811,AllenCCF-Ontology-2017-8,AllenCCF-Ontology-2017-CATE,801,1126574,1.1265740000000002,#BFDAE3,191,218,227,Basic cell groups and regions,grey,category,1,1,AllenCCF-Ontology-2017-997
AllenCCF-Annotation-2020-811,AllenCCF-Ontology-2017-313,AllenCCF-Ontology-2017-DIVI,801,1126574,1.1265740000000002,#FF64FF,255,100,255,Midbrain,MB,division,2,9,AllenCCF-Ontology-2017-8
AllenCCF-Annotation-2020-811,AllenCCF-Ontology-2017-4,AllenCCF-Ontology-2017-STRU,801,1126574,1.1265740000000002,#FF7AFF,255,122,255,Inferior colliculus,IC,structure,3,198,AllenCCF-Ontology-2017-313
AllenCCF-Annotation-2020-811,AllenCCF-Ontology-2017-811,AllenCCF-Ontology-2017-SUBS,801,1126574,1.1265740000000002,#FF7AFF,255,122,255,"Inferior colliculus, central nucleus",ICc,substructure,4,552,AllenCCF-Ontology-2017-4
AllenCCF-Annotation-2020-820,AllenCCF-Ontology-2017-997,AllenCCF-Ontology-2017-ORGA,810,1323802,1.3238020000000001,#FFFFFF,255,255,255,brain,brain,organ,0,0,
AllenCCF-Annotation-2020-820,AllenCCF-Ontology-2017-8,AllenCCF-Ontology-2017-CATE,810,1323802,1.3238020000000001,#BFDAE3,191,218,227,Basic cell groups and regions,grey,category,1,1,AllenCCF-Ontology-2017-997
AllenCCF-Annotation-2020-820,AllenCCF-Ontology-2017-313,AllenCCF-Ontology-2017-DIVI,810,1323802,1.3238020000000001,#FF64FF,255,100,255,Midbrain,MB,division,2,9,AllenCCF-Ontology-2017-8
AllenCCF-Annotation-2020-820,AllenCCF-Ontology-2017-4,AllenCCF-Ontology-2017-STRU,810,1323802,1.3238020000000001,#FF7AFF,255,122,255,Inferior colliculus,IC,structure,3,198,AllenCCF-Ontology-2017-313
AllenCCF-Annotation-2020-820,AllenCCF-Ontology-2017-820,AllenCCF-Ontology-2017-SUBS,810,1323802,1.3238020000000001,#FF7AFF,255,122,255,"Inferior colliculus, dorsal nucleus",ICd,substructure,4,553,AllenCCF-Ontology-2017-4
AllenCCF-Annotation-2020-828,AllenCCF-Ontology-2017-997,AllenCCF-Ontology-2017-ORGA,818,1995190,1.9951900000000002,#FFFFFF,255,255,255,brain,brain,organ,0,0,
AllenCCF-Annotation-2020-828,AllenCCF-Ontology-2017-8,AllenCCF-Ontology-2017-CATE,818,1995190,1.9951900000000002,#BFDAE3,191,218,227,Basic cell groups and regions,grey,category,1,1,AllenCCF-Ontology-2017-997
AllenCCF-Annotation-2020-828,AllenCCF-Ontology-2017-313,AllenCCF-Ontology-2017-DIVI,818,1995190,1.9951900000000002,#FF64FF,255,100,255,Midbrain,MB,division,2,9,AllenCCF-Ontology-2017-8
AllenCCF-Annotation-2020-828,AllenCCF-Ontology-2017-4,AllenCCF-Ontology-2017-STRU,818,1995190,1.9951900000000002,#FF7AFF,255,122,255,Inferior colliculus,IC,structure,3,198,AllenCCF-Ontology-2017-313
AllenCCF-Annotation-2020-828,AllenCCF-Ontology-2017-828,AllenCCF-Ontology-2017-SUBS,818,1995190,1.9951900000000002,#FF7AFF,255,122,255,"Inferior colliculus, external nucleus",ICe,substructure,4,554,AllenCCF-Ontology-2017-4
AllenCCF-Annotation-2020-580,AllenCCF-Ontology-2017-997,AllenCCF-Ontology-2017-ORGA,570,87926,0.08792600000000002,#FFFFFF,255,255,255,brain,brain,organ,0,0,
AllenCCF-Annotation-2020-580,AllenCCF-Ontology-2017-8,AllenCCF-Ontology-2017-CATE,570,87926,0.08792600000000002,#BFDAE3,191,218,227,Basic cell groups and regions,grey,category,1,1,AllenCCF-Ontology-2017-997
AllenCCF-Annotation-2020-580,AllenCCF-Ontology-2017-313,AllenCCF-Ontology-2017-DIVI,570,87926,0.08792600000000002,#FF64FF,255,100,255,Midbrain,MB,division,2,9,AllenCCF-Ontology-2017-8
AllenCCF-Annotation-2020-580,AllenCCF-Ontology-2017-580,AllenCCF-Ontology-2017-STRU,570,87926,0.08792600000000002,#FF7AFF,255,122,255,Nucleus of the brachium of the inferior colliculus,NB,structure,3,199,AllenCCF-Ontology-2017-313
AllenCCF-Annotation-2020-271,AllenCCF-Ontology-2017-997,AllenCCF-Ontology-2017-ORGA,263,98190,0.09819000000000001,#FFFFFF,255,255,255,brain,brain,organ,0,0,
AllenCCF-Annotation-2020-271,AllenCCF-Ontology-2017-8,AllenCCF-Ontology-2017-CATE,263,98190,0.09819000000000001,#BFDAE3,191,218,227,Basic cell groups and regions,grey,category,1,1,AllenCCF-Ontology-2017-997
AllenCCF-Annotation-2020-271,AllenCCF-Ontology-2017-313,AllenCCF-Ontology-2017-DIVI,263,98190,0.09819000000000001,#FF64FF,255,100,255,Midbrain,MB,division,2,9,AllenCCF-Ontology-2017-8
AllenCCF-Annotation-2020-271,AllenCCF-Ontology-2017-271,AllenCCF-Ontology-2017-STRU,263,98190,0.09819000000000001,#FF7AFF,255,122,255,Nucleus sagulum,SAG,structure,3,200,AllenCCF-Ontology-2017-313
AllenCCF-Annotation-2020-874,AllenCCF-Ontology-2017-997,AllenCCF-Ontology-2017-ORGA,864,44764,0.044764000000000005,#FFFFFF,255,255,255,brain,brain,organ,0,0,
AllenCCF-Annotation-2020-874,AllenCCF-Ontology-2017-8,AllenCCF-Ontology-2017-CATE,864,44764,0.044764000000000005,#BFDAE3,191,218,227,Basic cell groups and regions,grey,category,1,1,AllenCCF-Ontology-2017-997
AllenCCF-Annotation-2020-874,AllenCCF-Ontology-2017-313,AllenCCF-Ontology-2017-DIVI,864,44764,0.044764000000000005,#FF64FF,255,100,255,Midbrain,MB,division,2,9,AllenCCF-Ontology-2017-8
AllenCCF-Annotation-2020-874,AllenCCF-Ontology-2017-874,AllenCCF-Ontology-2017-STRU,864,44764,0.044764000000000005,#FF7AFF,255,122,255,Parabigeminal nucleus,PBG,structure,3,201,AllenCCF-Ontology-2017-313
AllenCCF-Annotation-2020-599626923,AllenCCF-Ontology-2017-997,AllenCCF-Ontology-2017-ORGA,1311,14478,0.014478000000000003,#FFFFFF,255,255,255,brain,brain,organ,0,0,
AllenCCF-Annotation-2020-599626923,AllenCCF-Ontology-2017-8,AllenCCF-Ontology-2017-CATE,1311,14478,0.014478000000000003,#BFDAE3,191,218,227,Basic cell groups and regions,grey,category,1,1,AllenCCF-Ontology-2017-997
AllenCCF-Annotation-2020-599626923,AllenCCF-Ontology-2017-313,AllenCCF-Ontology-2017-DIVI,1311,14478,0.014478000000000003,#FF64FF,255,100,255,Midbrain,MB,division,2,9,AllenCCF-Ontology-2017-8
AllenCCF-Annotation-2020-599626923,AllenCCF-Ontology-2017-599626923,AllenCCF-Ontology-2017-STRU,1311,14478,0.014478000000000003,#FF7AFF,255,122,255,Subcommissural organ,SCO,structure,3,203,AllenCCF-Ontology-2017-313
AllenCCF-Annotation-2020-381,AllenCCF-Ontology-2017-997,AllenCCF-Ontology-2017-ORGA,371,1549976,1.5499760000000002,#FFFFFF,255,255,255,brain,brain,organ,0,0,
AllenCCF-Annotation-2020-381,AllenCCF-Ontology-2017-8,AllenCCF-Ontology-2017-CATE,371,1549976,1.5499760000000002,#BFDAE3,191,218,227,Basic cell groups and regions,grey,category,1,1,AllenCCF-Ontology-2017-997
AllenCCF-Annotation-2020-381,AllenCCF-Ontology-2017-313,AllenCCF-Ontology-2017-DIVI,371,1549976,1.5499760000000002,#FF64FF,255,100,255,Midbrain,MB,division,2,9,AllenCCF-Ontology-2017-8
AllenCCF-Annotation-2020-381,AllenCCF-Ontology-2017-381,AllenCCF-Ontology-2017-STRU,371,1549976,1.5499760000000002,#FF90FF,255,144,255,"Substantia nigra, reticular part",SNr,structure,3,204,AllenCCF-Ontology-2017-313
AllenCCF-Annotation-2020-749,AllenCCF-Ontology-2017-997,AllenCCF-Ontology-2017-ORGA,739,428618,0.42861800000000005,#FFFFFF,255,255,255,brain,brain,organ,0,0,
AllenCCF-Annotation-2020-749,AllenCCF-Ontology-2017-8,AllenCCF-Ontology-2017-CATE,739,428618,0.42861800000000005,#BFDAE3,191,218,227,Basic cell groups and regions,grey,category,1,1,AllenCCF-Ontology-2017-997
AllenCCF-Annotation-2020-749,AllenCCF-Ontology-2017-313,AllenCCF-Ontology-2017-DIVI,739,428618,0.42861800000000005,#FF64FF,255,100,255,Midbrain,MB,division,2,9,AllenCCF-Ontology-2017-8
AllenCCF-Annotation-2020-749,AllenCCF-Ontology-2017-749,AllenCCF-Ontology-2017-STRU,739,428618,0.42861800000000005,#FF90FF,255,144,255,Ventral tegmental area,VTA,structure,3,205,AllenCCF-Ontology-2017-313
AllenCCF-Annotation-2020-607344830,AllenCCF-Ontology-2017-997,AllenCCF-Ontology-2017-ORGA,1318,21736,0.021736000000000005,#FFFFFF,255,255,255,brain,brain,organ,0,0,
AllenCCF-Annotation-2020-607344830,AllenCCF-Ontology-2017-8,AllenCCF-Ontology-2017-CATE,1318,21736,0.021736000000000005,#BFDAE3,191,218,227,Basic cell groups and regions,grey,category,1,1,AllenCCF-Ontology-2017-997
AllenCCF-Annotation-2020-607344830,AllenCCF-Ontology-2017-313,AllenCCF-Ontology-2017-DIVI,1318,21736,0.021736000000000005,#FF64FF,255,100,255,Midbrain,MB,division,2,9,AllenCCF-Ontology-2017-8
AllenCCF-Annotation-2020-607344830,AllenCCF-Ontology-2017-607344830,AllenCCF-Ontology-2017-STRU,1318,21736,0.021736000000000005,#FF90FF,255,144,255,Paranigral nucleus,PN,structure,3,206,AllenCCF-Ontology-2017-313
AllenCCF-Annotation-2020-246,AllenCCF-Ontology-2017-997,AllenCCF-Ontology-2017-ORGA,239,137776,0.137776,#FFFFFF,255,255,255,brain,brain,organ,0,0,
AllenCCF-Annotation-2020-246,AllenCCF-Ontology-2017-8,AllenCCF-Ontology-2017-CATE,239,137776,0.137776,#BFDAE3,191,218,227,Basic cell groups and regions,grey,category,1,1,AllenCCF-Ontology-2017-997
AllenCCF-Annotation-2020-246,AllenCCF-Ontology-2017-313,AllenCCF-Ontology-2017-DIVI,239,137776,0.137776,#FF64FF,255,100,255,Midbrain,MB,division,2,9,AllenCCF-Ontology-2017-8
AllenCCF-Annotation-2020-246,AllenCCF-Ontology-2017-246,AllenCCF-Ontology-2017-STRU,239,137776,0.137776,#FF90FF,255,144,255,"Midbrain reticular nucleus, retrorubral area",RR,structure,3,207,AllenCCF-Ontology-2017-313
AllenCCF-Annotation-2020-128,AllenCCF-Ontology-2017-997,AllenCCF-Ontology-2017-ORGA,123,5143256,5.143256000000001,#FFFFFF,255,255,255,brain,brain,organ,0,0,
AllenCCF-Annotation-2020-128,AllenCCF-Ontology-2017-8,AllenCCF-Ontology-2017-CATE,123,5143256,5.143256000000001,#BFDAE3,191,218,227,Basic cell groups and regions,grey,category,1,1,AllenCCF-Ontology-2017-997
AllenCCF-Annotation-2020-128,AllenCCF-Ontology-2017-313,AllenCCF-Ontology-2017-DIVI,123,5143256,5.143256000000001,#FF64FF,255,100,255,Midbrain,MB,division,2,9,AllenCCF-Ontology-2017-8
AllenCCF-Annotation-2020-128,AllenCCF-Ontology-2017-128,AllenCCF-Ontology-2017-STRU,123,5143256,5.143256000000001,#FF90FF,255,144,255,Midbrain reticular nucleus,MRN,structure,3,208,AllenCCF-Ontology-2017-313
AllenCCF-Annotation-2020-26,AllenCCF-Ontology-2017-997,AllenCCF-Ontology-2017-ORGA,23,1194828,1.1948280000000002,#FFFFFF,255,255,255,brain,brain,organ,0,0,
AllenCCF-Annotation-2020-26,AllenCCF-Ontology-2017-8,AllenCCF-Ontology-2017-CATE,23,1194828,1.1948280000000002,#BFDAE3,191,218,227,Basic cell groups and regions,grey,category,1,1,AllenCCF-Ontology-2017-997
AllenCCF-Annotation-2020-26,AllenCCF-Ontology-2017-313,AllenCCF-Ontology-2017-DIVI,23,1194828,1.1948280000000002,#FF64FF,255,100,255,Midbrain,MB,division,2,9,AllenCCF-Ontology-2017-8
AllenCCF-Annotation-2020-26,AllenCCF-Ontology-2017-294,AllenCCF-Ontology-2017-STRU,23,1194828,1.1948280000000002,#FF90FF,255,144,255,"Superior colliculus, motor related",SCm,structure,3,209,AllenCCF-Ontology-2017-313
AllenCCF-Annotation-2020-26,AllenCCF-Ontology-2017-26,AllenCCF-Ontology-2017-SUBS,23,1194828,1.1948280000000002,#FF90FF,255,144,255,"Superior colliculus, motor related, deep gray layer",SCdg,substructure,4,567,AllenCCF-Ontology-2017-294
AllenCCF-Annotation-2020-42,AllenCCF-Ontology-2017-997,AllenCCF-Ontology-2017-ORGA,37,330292,0.33029200000000003,#FFFFFF,255,255,255,brain,brain,organ,0,0,
AllenCCF-Annotation-2020-42,AllenCCF-Ontology-2017-8,AllenCCF-Ontology-2017-CATE,37,330292,0.33029200000000003,#BFDAE3,191,218,227,Basic cell groups and regions,grey,category,1,1,AllenCCF-Ontology-2017-997
AllenCCF-Annotation-2020-42,AllenCCF-Ontology-2017-313,AllenCCF-Ontology-2017-DIVI,37,330292,0.33029200000000003,#FF64FF,255,100,255,Midbrain,MB,division,2,9,AllenCCF-Ontology-2017-8
AllenCCF-Annotation-2020-42,AllenCCF-Ontology-2017-294,AllenCCF-Ontology-2017-STRU,37,330292,0.33029200000000003,#FF90FF,255,144,255,"Superior colliculus, motor related",SCm,structure,3,209,AllenCCF-Ontology-2017-313
AllenCCF-Annotation-2020-42,AllenCCF-Ontology-2017-42,AllenCCF-Ontology-2017-SUBS,37,330292,0.33029200000000003,#FF90FF,255,144,255,"Superior colliculus, motor related, deep white layer",SCdw,substructure,4,568,AllenCCF-Ontology-2017-294
AllenCCF-Annotation-2020-17,AllenCCF-Ontology-2017-997,AllenCCF-Ontology-2017-ORGA,15,2089810,2.0898100000000004,#FFFFFF,255,255,255,brain,brain,organ,0,0,
AllenCCF-Annotation-2020-17,AllenCCF-Ontology-2017-8,AllenCCF-Ontology-2017-CATE,15,2089810,2.0898100000000004,#BFDAE3,191,218,227,Basic cell groups and regions,grey,category,1,1,AllenCCF-Ontology-2017-997
AllenCCF-Annotation-2020-17,AllenCCF-Ontology-2017-313,AllenCCF-Ontology-2017-DIVI,15,2089810,2.0898100000000004,#FF64FF,255,100,255,Midbrain,MB,division,2,9,AllenCCF-Ontology-2017-8
AllenCCF-Annotation-2020-17,AllenCCF-Ontology-2017-294,AllenCCF-Ontology-2017-STRU,15,2089810,2.0898100000000004,#FF90FF,255,144,255,"Superior colliculus, motor related",SCm,structure,3,209,AllenCCF-Ontology-2017-313
AllenCCF-Annotation-2020-17,AllenCCF-Ontology-2017-17,AllenCCF-Ontology-2017-SUBS,15,2089810,2.0898100000000004,#FF90FF,255,144,255,"Superior colliculus, motor related, intermediate white layer",SCiw,substructure,4,569,AllenCCF-Ontology-2017-294
AllenCCF-Annotation-2020-10,AllenCCF-Ontology-2017-997,AllenCCF-Ontology-2017-ORGA,9,2037504,2.037504,#FFFFFF,255,255,255,brain,brain,organ,0,0,
AllenCCF-Annotation-2020-10,AllenCCF-Ontology-2017-8,AllenCCF-Ontology-2017-CATE,9,2037504,2.037504,#BFDAE3,191,218,227,Basic cell groups and regions,grey,category,1,1,AllenCCF-Ontology-2017-997
AllenCCF-Annotation-2020-10,AllenCCF-Ontology-2017-313,AllenCCF-Ontology-2017-DIVI,9,2037504,2.037504,#FF64FF,255,100,255,Midbrain,MB,division,2,9,AllenCCF-Ontology-2017-8
AllenCCF-Annotation-2020-10,AllenCCF-Ontology-2017-294,AllenCCF-Ontology-2017-STRU,9,2037504,2.037504,#FF90FF,255,144,255,"Superior colliculus, motor related",SCm,structure,3,209,AllenCCF-Ontology-2017-313
AllenCCF-Annotation-2020-10,AllenCCF-Ontology-2017-10,AllenCCF-Ontology-2017-SUBS,9,2037504,2.037504,#FF90FF,255,144,255,"Superior colliculus, motor related, intermediate gray layer",SCig,substructure,4,570,AllenCCF-Ontology-2017-294
AllenCCF-Annotation-2020-795,AllenCCF-Ontology-2017-997,AllenCCF-Ontology-2017-ORGA,785,4308874,4.308874,#FFFFFF,255,255,255,brain,brain,organ,0,0,
AllenCCF-Annotation-2020-795,AllenCCF-Ontology-2017-8,AllenCCF-Ontology-2017-CATE,785,4308874,4.308874,#BFDAE3,191,218,227,Basic cell groups and regions,grey,category,1,1,AllenCCF-Ontology-2017-997
AllenCCF-Annotation-2020-795,AllenCCF-Ontology-2017-313,AllenCCF-Ontology-2017-DIVI,785,4308874,4.308874,#FF64FF,255,100,255,Midbrain,MB,division,2,9,AllenCCF-Ontology-2017-8
AllenCCF-Annotation-2020-795,AllenCCF-Ontology-2017-795,AllenCCF-Ontology-2017-STRU,785,4308874,4.308874,#FF90FF,255,144,255,Periaqueductal gray,PAG,structure,3,210,AllenCCF-Ontology-2017-313
AllenCCF-Annotation-2020-50,AllenCCF-Ontology-2017-997,AllenCCF-Ontology-2017-ORGA,45,170706,0.17070600000000002,#FFFFFF,255,255,255,brain,brain,organ,0,0,
AllenCCF-Annotation-2020-50,AllenCCF-Ontology-2017-8,AllenCCF-Ontology-2017-CATE,45,170706,0.17070600000000002,#BFDAE3,191,218,227,Basic cell groups and regions,grey,category,1,1,AllenCCF-Ontology-2017-997
AllenCCF-Annotation-2020-50,AllenCCF-Ontology-2017-313,AllenCCF-Ontology-2017-DIVI,45,170706,0.17070600000000002,#FF64FF,255,100,255,Midbrain,MB,division,2,9,AllenCCF-Ontology-2017-8
AllenCCF-Annotation-2020-50,AllenCCF-Ontology-2017-795,AllenCCF-Ontology-2017-STRU,45,170706,0.17070600000000002,#FF90FF,255,144,255,Periaqueductal gray,PAG,structure,3,210,AllenCCF-Ontology-2017-313
AllenCCF-Annotation-2020-50,AllenCCF-Ontology-2017-50,AllenCCF-Ontology-2017-SUBS,45,170706,0.17070600000000002,#FF90FF,255,144,255,Precommissural nucleus,PRC,substructure,4,572,AllenCCF-Ontology-2017-795
AllenCCF-Annotation-2020-67,AllenCCF-Ontology-2017-997,AllenCCF-Ontology-2017-ORGA,62,79728,0.07972800000000001,#FFFFFF,255,255,255,brain,brain,organ,0,0,
AllenCCF-Annotation-2020-67,AllenCCF-Ontology-2017-8,AllenCCF-Ontology-2017-CATE,62,79728,0.07972800000000001,#BFDAE3,191,218,227,Basic cell groups and regions,grey,category,1,1,AllenCCF-Ontology-2017-997
AllenCCF-Annotation-2020-67,AllenCCF-Ontology-2017-313,AllenCCF-Ontology-2017-DIVI,62,79728,0.07972800000000001,#FF64FF,255,100,255,Midbrain,MB,division,2,9,AllenCCF-Ontology-2017-8
AllenCCF-Annotation-2020-67,AllenCCF-Ontology-2017-795,AllenCCF-Ontology-2017-STRU,62,79728,0.07972800000000001,#FF90FF,255,144,255,Periaqueductal gray,PAG,structure,3,210,AllenCCF-Ontology-2017-313
AllenCCF-Annotation-2020-67,AllenCCF-Ontology-2017-67,AllenCCF-Ontology-2017-SUBS,62,79728,0.07972800000000001,#FF90FF,255,144,255,Interstitial nucleus of Cajal,INC,substructure,4,573,AllenCCF-Ontology-2017-795
AllenCCF-Annotation-2020-587,AllenCCF-Ontology-2017-997,AllenCCF-Ontology-2017-ORGA,577,92372,0.09237200000000001,#FFFFFF,255,255,255,brain,brain,organ,0,0,
AllenCCF-Annotation-2020-587,AllenCCF-Ontology-2017-8,AllenCCF-Ontology-2017-CATE,577,92372,0.09237200000000001,#BFDAE3,191,218,227,Basic cell groups and regions,grey,category,1,1,AllenCCF-Ontology-2017-997
AllenCCF-Annotation-2020-587,AllenCCF-Ontology-2017-313,AllenCCF-Ontology-2017-DIVI,577,92372,0.09237200000000001,#FF64FF,255,100,255,Midbrain,MB,division,2,9,AllenCCF-Ontology-2017-8
AllenCCF-Annotation-2020-587,AllenCCF-Ontology-2017-795,AllenCCF-Ontology-2017-STRU,577,92372,0.09237200000000001,#FF90FF,255,144,255,Periaqueductal gray,PAG,structure,3,210,AllenCCF-Ontology-2017-313
AllenCCF-Annotation-2020-587,AllenCCF-Ontology-2017-587,AllenCCF-Ontology-2017-SUBS,577,92372,0.09237200000000001,#FF90FF,255,144,255,Nucleus of Darkschewitsch,ND,substructure,4,574,AllenCCF-Ontology-2017-795
AllenCCF-Annotation-2020-614454277,AllenCCF-Ontology-2017-997,AllenCCF-Ontology-2017-ORGA,1327,42112,0.042112000000000004,#FFFFFF,255,255,255,brain,brain,organ,0,0,
AllenCCF-Annotation-2020-614454277,AllenCCF-Ontology-2017-8,AllenCCF-Ontology-2017-CATE,1327,42112,0.042112000000000004,#BFDAE3,191,218,227,Basic cell groups and regions,grey,category,1,1,AllenCCF-Ontology-2017-997
AllenCCF-Annotation-2020-614454277,AllenCCF-Ontology-2017-313,AllenCCF-Ontology-2017-DIVI,1327,42112,0.042112000000000004,#FF64FF,255,100,255,Midbrain,MB,division,2,9,AllenCCF-Ontology-2017-8
AllenCCF-Annotation-2020-614454277,AllenCCF-Ontology-2017-795,AllenCCF-Ontology-2017-STRU,1327,42112,0.042112000000000004,#FF90FF,255,144,255,Periaqueductal gray,PAG,structure,3,210,AllenCCF-Ontology-2017-313
AllenCCF-Annotation-2020-614454277,AllenCCF-Ontology-2017-614454277,AllenCCF-Ontology-2017-SUBS,1327,42112,0.042112000000000004,#FF90FF,255,144,255,Supraoculomotor periaqueductal gray,Su3,substructure,4,575,AllenCCF-Ontology-2017-795
AllenCCF-Annotation-2020-215,AllenCCF-Ontology-2017-997,AllenCCF-Ontology-2017-ORGA,208,1276024,1.2760240000000003,#FFFFFF,255,255,255,brain,brain,organ,0,0,
AllenCCF-Annotation-2020-215,AllenCCF-Ontology-2017-8,AllenCCF-Ontology-2017-CATE,208,1276024,1.2760240000000003,#BFDAE3,191,218,227,Basic cell groups and regions,grey,category,1,1,AllenCCF-Ontology-2017-997
AllenCCF-Annotation-2020-215,AllenCCF-Ontology-2017-313,AllenCCF-Ontology-2017-DIVI,208,1276024,1.2760240000000003,#FF64FF,255,100,255,Midbrain,MB,division,2,9,AllenCCF-Ontology-2017-8
AllenCCF-Annotation-2020-215,AllenCCF-Ontology-2017-215,AllenCCF-Ontology-2017-STRU,208,1276024,1.2760240000000003,#FF90FF,255,144,255,Anterior pretectal nucleus,APN,structure,3,211,AllenCCF-Ontology-2017-313
AllenCCF-Annotation-2020-531,AllenCCF-Ontology-2017-997,AllenCCF-Ontology-2017-ORGA,521,43788,0.04378800000000001,#FFFFFF,255,255,255,brain,brain,organ,0,0,
AllenCCF-Annotation-2020-531,AllenCCF-Ontology-2017-8,AllenCCF-Ontology-2017-CATE,521,43788,0.04378800000000001,#BFDAE3,191,218,227,Basic cell groups and regions,grey,category,1,1,AllenCCF-Ontology-2017-997
AllenCCF-Annotation-2020-531,AllenCCF-Ontology-2017-313,AllenCCF-Ontology-2017-DIVI,521,43788,0.04378800000000001,#FF64FF,255,100,255,Midbrain,MB,division,2,9,AllenCCF-Ontology-2017-8
AllenCCF-Annotation-2020-531,AllenCCF-Ontology-2017-531,AllenCCF-Ontology-2017-STRU,521,43788,0.04378800000000001,#FF90FF,255,144,255,Medial pretectal area,MPT,structure,3,212,AllenCCF-Ontology-2017-313
AllenCCF-Annotation-2020-628,AllenCCF-Ontology-2017-997,AllenCCF-Ontology-2017-ORGA,618,205480,0.20548000000000002,#FFFFFF,255,255,255,brain,brain,organ,0,0,
AllenCCF-Annotation-2020-628,AllenCCF-Ontology-2017-8,AllenCCF-Ontology-2017-CATE,618,205480,0.20548000000000002,#BFDAE3,191,218,227,Basic cell groups and regions,grey,category,1,1,AllenCCF-Ontology-2017-997
AllenCCF-Annotation-2020-628,AllenCCF-Ontology-2017-313,AllenCCF-Ontology-2017-DIVI,618,205480,0.20548000000000002,#FF64FF,255,100,255,Midbrain,MB,division,2,9,AllenCCF-Ontology-2017-8
AllenCCF-Annotation-2020-628,AllenCCF-Ontology-2017-628,AllenCCF-Ontology-2017-STRU,618,205480,0.20548000000000002,#FF90FF,255,144,255,Nucleus of the optic tract,NOT,structure,3,213,AllenCCF-Ontology-2017-313
AllenCCF-Annotation-2020-634,AllenCCF-Ontology-2017-997,AllenCCF-Ontology-2017-ORGA,624,289708,0.289708,#FFFFFF,255,255,255,brain,brain,organ,0,0,
AllenCCF-Annotation-2020-634,AllenCCF-Ontology-2017-8,AllenCCF-Ontology-2017-CATE,624,289708,0.289708,#BFDAE3,191,218,227,Basic cell groups and regions,grey,category,1,1,AllenCCF-Ontology-2017-997
AllenCCF-Annotation-2020-634,AllenCCF-Ontology-2017-313,AllenCCF-Ontology-2017-DIVI,624,289708,0.289708,#FF64FF,255,100,255,Midbrain,MB,division,2,9,AllenCCF-Ontology-2017-8
AllenCCF-Annotation-2020-634,AllenCCF-Ontology-2017-634,AllenCCF-Ontology-2017-STRU,624,289708,0.289708,#FF90FF,255,144,255,Nucleus of the posterior commissure,NPC,structure,3,214,AllenCCF-Ontology-2017-313
AllenCCF-Annotation-2020-706,AllenCCF-Ontology-2017-997,AllenCCF-Ontology-2017-ORGA,696,58126,0.05812600000000001,#FFFFFF,255,255,255,brain,brain,organ,0,0,
AllenCCF-Annotation-2020-706,AllenCCF-Ontology-2017-8,AllenCCF-Ontology-2017-CATE,696,58126,0.05812600000000001,#BFDAE3,191,218,227,Basic cell groups and regions,grey,category,1,1,AllenCCF-Ontology-2017-997
AllenCCF-Annotation-2020-706,AllenCCF-Ontology-2017-313,AllenCCF-Ontology-2017-DIVI,696,58126,0.05812600000000001,#FF64FF,255,100,255,Midbrain,MB,division,2,9,AllenCCF-Ontology-2017-8
AllenCCF-Annotation-2020-706,AllenCCF-Ontology-2017-706,AllenCCF-Ontology-2017-STRU,696,58126,0.05812600000000001,#FF90FF,255,144,255,Olivary pretectal nucleus,OP,structure,3,215,AllenCCF-Ontology-2017-313
AllenCCF-Annotation-2020-1061,AllenCCF-Ontology-2017-997,AllenCCF-Ontology-2017-ORGA,1050,144830,0.14483000000000001,#FFFFFF,255,255,255,brain,brain,organ,0,0,
AllenCCF-Annotation-2020-1061,AllenCCF-Ontology-2017-8,AllenCCF-Ontology-2017-CATE,1050,144830,0.14483000000000001,#BFDAE3,191,218,227,Basic cell groups and regions,grey,category,1,1,AllenCCF-Ontology-2017-997
AllenCCF-Annotation-2020-1061,AllenCCF-Ontology-2017-313,AllenCCF-Ontology-2017-DIVI,1050,144830,0.14483000000000001,#FF64FF,255,100,255,Midbrain,MB,division,2,9,AllenCCF-Ontology-2017-8
AllenCCF-Annotation-2020-1061,AllenCCF-Ontology-2017-1061,AllenCCF-Ontology-2017-STRU,1050,144830,0.14483000000000001,#FF90FF,255,144,255,Posterior pretectal nucleus,PPT,structure,3,216,AllenCCF-Ontology-2017-313
AllenCCF-Annotation-2020-549009203,AllenCCF-Ontology-2017-997,AllenCCF-Ontology-2017-ORGA,1293,62168,0.06216800000000001,#FFFFFF,255,255,255,brain,brain,organ,0,0,
AllenCCF-Annotation-2020-549009203,AllenCCF-Ontology-2017-8,AllenCCF-Ontology-2017-CATE,1293,62168,0.06216800000000001,#BFDAE3,191,218,227,Basic cell groups and regions,grey,category,1,1,AllenCCF-Ontology-2017-997
AllenCCF-Annotation-2020-549009203,AllenCCF-Ontology-2017-313,AllenCCF-Ontology-2017-DIVI,1293,62168,0.06216800000000001,#FF64FF,255,100,255,Midbrain,MB,division,2,9,AllenCCF-Ontology-2017-8
AllenCCF-Annotation-2020-549009203,AllenCCF-Ontology-2017-549009203,AllenCCF-Ontology-2017-STRU,1293,62168,0.06216800000000001,#FF90FF,255,144,255,Retroparafascicular nucleus,RPF,structure,3,217,AllenCCF-Ontology-2017-313
AllenCCF-Annotation-2020-616,AllenCCF-Ontology-2017-997,AllenCCF-Ontology-2017-ORGA,606,551428,0.5514280000000001,#FFFFFF,255,255,255,brain,brain,organ,0,0,
AllenCCF-Annotation-2020-616,AllenCCF-Ontology-2017-8,AllenCCF-Ontology-2017-CATE,606,551428,0.5514280000000001,#BFDAE3,191,218,227,Basic cell groups and regions,grey,category,1,1,AllenCCF-Ontology-2017-997
AllenCCF-Annotation-2020-616,AllenCCF-Ontology-2017-313,AllenCCF-Ontology-2017-DIVI,606,551428,0.5514280000000001,#FF64FF,255,100,255,Midbrain,MB,division,2,9,AllenCCF-Ontology-2017-8
AllenCCF-Annotation-2020-616,AllenCCF-Ontology-2017-616,AllenCCF-Ontology-2017-STRU,606,551428,0.5514280000000001,#FF90FF,255,144,255,Cuneiform nucleus,CUN,structure,3,218,AllenCCF-Ontology-2017-313
AllenCCF-Annotation-2020-214,AllenCCF-Ontology-2017-997,AllenCCF-Ontology-2017-ORGA,207,787766,0.7877660000000001,#FFFFFF,255,255,255,brain,brain,organ,0,0,
AllenCCF-Annotation-2020-214,AllenCCF-Ontology-2017-8,AllenCCF-Ontology-2017-CATE,207,787766,0.7877660000000001,#BFDAE3,191,218,227,Basic cell groups and regions,grey,category,1,1,AllenCCF-Ontology-2017-997
AllenCCF-Annotation-2020-214,AllenCCF-Ontology-2017-313,AllenCCF-Ontology-2017-DIVI,207,787766,0.7877660000000001,#FF64FF,255,100,255,Midbrain,MB,division,2,9,AllenCCF-Ontology-2017-8
AllenCCF-Annotation-2020-214,AllenCCF-Ontology-2017-214,AllenCCF-Ontology-2017-STRU,207,787766,0.7877660000000001,#FF90FF,255,144,255,Red nucleus,RN,structure,3,219,AllenCCF-Ontology-2017-313
AllenCCF-Annotation-2020-35,AllenCCF-Ontology-2017-997,AllenCCF-Ontology-2017-ORGA,31,32532,0.032532000000000005,#FFFFFF,255,255,255,brain,brain,organ,0,0,
AllenCCF-Annotation-2020-35,AllenCCF-Ontology-2017-8,AllenCCF-Ontology-2017-CATE,31,32532,0.032532000000000005,#BFDAE3,191,218,227,Basic cell groups and regions,grey,category,1,1,AllenCCF-Ontology-2017-997
AllenCCF-Annotation-2020-35,AllenCCF-Ontology-2017-313,AllenCCF-Ontology-2017-DIVI,31,32532,0.032532000000000005,#FF64FF,255,100,255,Midbrain,MB,division,2,9,AllenCCF-Ontology-2017-8
AllenCCF-Annotation-2020-35,AllenCCF-Ontology-2017-35,AllenCCF-Ontology-2017-STRU,31,32532,0.032532000000000005,#FF90FF,255,144,255,Oculomotor nucleus,III,structure,3,220,AllenCCF-Ontology-2017-313
AllenCCF-Annotation-2020-549009211,AllenCCF-Ontology-2017-997,AllenCCF-Ontology-2017-ORGA,1295,16356,0.016356000000000002,#FFFFFF,255,255,255,brain,brain,organ,0,0,
AllenCCF-Annotation-2020-549009211,AllenCCF-Ontology-2017-8,AllenCCF-Ontology-2017-CATE,1295,16356,0.016356000000000002,#BFDAE3,191,218,227,Basic cell groups and regions,grey,category,1,1,AllenCCF-Ontology-2017-997
AllenCCF-Annotation-2020-549009211,AllenCCF-Ontology-2017-313,AllenCCF-Ontology-2017-DIVI,1295,16356,0.016356000000000002,#FF64FF,255,100,255,Midbrain,MB,division,2,9,AllenCCF-Ontology-2017-8
AllenCCF-Annotation-2020-549009211,AllenCCF-Ontology-2017-549009211,AllenCCF-Ontology-2017-STRU,1295,16356,0.016356000000000002,#FF90FF,255,144,255,Medial accesory oculomotor nucleus,MA3,structure,3,221,AllenCCF-Ontology-2017-313
AllenCCF-Annotation-2020-975,AllenCCF-Ontology-2017-997,AllenCCF-Ontology-2017-ORGA,965,25458,0.025458000000000005,#FFFFFF,255,255,255,brain,brain,organ,0,0,
AllenCCF-Annotation-2020-975,AllenCCF-Ontology-2017-8,AllenCCF-Ontology-2017-CATE,965,25458,0.025458000000000005,#BFDAE3,191,218,227,Basic cell groups and regions,grey,category,1,1,AllenCCF-Ontology-2017-997
AllenCCF-Annotation-2020-975,AllenCCF-Ontology-2017-313,AllenCCF-Ontology-2017-DIVI,965,25458,0.025458000000000005,#FF64FF,255,100,255,Midbrain,MB,division,2,9,AllenCCF-Ontology-2017-8
AllenCCF-Annotation-2020-975,AllenCCF-Ontology-2017-975,AllenCCF-Ontology-2017-STRU,965,25458,0.025458000000000005,#FF90FF,255,144,255,Edinger-Westphal nucleus,EW,structure,3,222,AllenCCF-Ontology-2017-313
AllenCCF-Annotation-2020-115,AllenCCF-Ontology-2017-997,AllenCCF-Ontology-2017-ORGA,110,7258,0.007258000000000001,#FFFFFF,255,255,255,brain,brain,organ,0,0,
AllenCCF-Annotation-2020-115,AllenCCF-Ontology-2017-8,AllenCCF-Ontology-2017-CATE,110,7258,0.007258000000000001,#BFDAE3,191,218,227,Basic cell groups and regions,grey,category,1,1,AllenCCF-Ontology-2017-997
AllenCCF-Annotation-2020-115,AllenCCF-Ontology-2017-313,AllenCCF-Ontology-2017-DIVI,110,7258,0.007258000000000001,#FF64FF,255,100,255,Midbrain,MB,division,2,9,AllenCCF-Ontology-2017-8
AllenCCF-Annotation-2020-115,AllenCCF-Ontology-2017-115,AllenCCF-Ontology-2017-STRU,110,7258,0.007258000000000001,#FF90FF,255,144,255,Trochlear nucleus,IV,structure,3,223,AllenCCF-Ontology-2017-313
AllenCCF-Annotation-2020-606826663,AllenCCF-Ontology-2017-997,AllenCCF-Ontology-2017-ORGA,1317,16166,0.016166000000000003,#FFFFFF,255,255,255,brain,brain,organ,0,0,
AllenCCF-Annotation-2020-606826663,AllenCCF-Ontology-2017-8,AllenCCF-Ontology-2017-CATE,1317,16166,0.016166000000000003,#BFDAE3,191,218,227,Basic cell groups and regions,grey,category,1,1,AllenCCF-Ontology-2017-997
AllenCCF-Annotation-2020-606826663,AllenCCF-Ontology-2017-313,AllenCCF-Ontology-2017-DIVI,1317,16166,0.016166000000000003,#FF64FF,255,100,255,Midbrain,MB,division,2,9,AllenCCF-Ontology-2017-8
AllenCCF-Annotation-2020-606826663,AllenCCF-Ontology-2017-606826663,AllenCCF-Ontology-2017-STRU,1317,16166,0.016166000000000003,#FF90FF,255,144,255,Paratrochlear nucleus,Pa4,structure,3,224,AllenCCF-Ontology-2017-313
AllenCCF-Annotation-2020-757,AllenCCF-Ontology-2017-997,AllenCCF-Ontology-2017-ORGA,747,37530,0.03753000000000001,#FFFFFF,255,255,255,brain,brain,organ,0,0,
AllenCCF-Annotation-2020-757,AllenCCF-Ontology-2017-8,AllenCCF-Ontology-2017-CATE,747,37530,0.03753000000000001,#BFDAE3,191,218,227,Basic cell groups and regions,grey,category,1,1,AllenCCF-Ontology-2017-997
AllenCCF-Annotation-2020-757,AllenCCF-Ontology-2017-313,AllenCCF-Ontology-2017-DIVI,747,37530,0.03753000000000001,#FF64FF,255,100,255,Midbrain,MB,division,2,9,AllenCCF-Ontology-2017-8
AllenCCF-Annotation-2020-757,AllenCCF-Ontology-2017-757,AllenCCF-Ontology-2017-STRU,747,37530,0.03753000000000001,#FF90FF,255,144,255,Ventral tegmental nucleus,VTN,structure,3,225,AllenCCF-Ontology-2017-313
AllenCCF-Annotation-2020-231,AllenCCF-Ontology-2017-997,AllenCCF-Ontology-2017-ORGA,224,43064,0.043064000000000005,#FFFFFF,255,255,255,brain,brain,organ,0,0,
AllenCCF-Annotation-2020-231,AllenCCF-Ontology-2017-8,AllenCCF-Ontology-2017-CATE,224,43064,0.043064000000000005,#BFDAE3,191,218,227,Basic cell groups and regions,grey,category,1,1,AllenCCF-Ontology-2017-997
AllenCCF-Annotation-2020-231,AllenCCF-Ontology-2017-313,AllenCCF-Ontology-2017-DIVI,224,43064,0.043064000000000005,#FF64FF,255,100,255,Midbrain,MB,division,2,9,AllenCCF-Ontology-2017-8
AllenCCF-Annotation-2020-231,AllenCCF-Ontology-2017-231,AllenCCF-Ontology-2017-STRU,224,43064,0.043064000000000005,#FF90FF,255,144,255,Anterior tegmental nucleus,AT,structure,3,226,AllenCCF-Ontology-2017-313
AllenCCF-Annotation-2020-66,AllenCCF-Ontology-2017-997,AllenCCF-Ontology-2017-ORGA,61,17884,0.017884000000000004,#FFFFFF,255,255,255,brain,brain,organ,0,0,
AllenCCF-Annotation-2020-66,AllenCCF-Ontology-2017-8,AllenCCF-Ontology-2017-CATE,61,17884,0.017884000000000004,#BFDAE3,191,218,227,Basic cell groups and regions,grey,category,1,1,AllenCCF-Ontology-2017-997
AllenCCF-Annotation-2020-66,AllenCCF-Ontology-2017-313,AllenCCF-Ontology-2017-DIVI,61,17884,0.017884000000000004,#FF64FF,255,100,255,Midbrain,MB,division,2,9,AllenCCF-Ontology-2017-8
AllenCCF-Annotation-2020-66,AllenCCF-Ontology-2017-66,AllenCCF-Ontology-2017-STRU,61,17884,0.017884000000000004,#FF90FF,255,144,255,Lateral terminal nucleus of the accessory optic tract,LT,structure,3,227,AllenCCF-Ontology-2017-313
AllenCCF-Annotation-2020-75,AllenCCF-Ontology-2017-997,AllenCCF-Ontology-2017-ORGA,70,11452,0.011452000000000002,#FFFFFF,255,255,255,brain,brain,organ,0,0,
AllenCCF-Annotation-2020-75,AllenCCF-Ontology-2017-8,AllenCCF-Ontology-2017-CATE,70,11452,0.011452000000000002,#BFDAE3,191,218,227,Basic cell groups and regions,grey,category,1,1,AllenCCF-Ontology-2017-997
AllenCCF-Annotation-2020-75,AllenCCF-Ontology-2017-313,AllenCCF-Ontology-2017-DIVI,70,11452,0.011452000000000002,#FF64FF,255,100,255,Midbrain,MB,division,2,9,AllenCCF-Ontology-2017-8
AllenCCF-Annotation-2020-75,AllenCCF-Ontology-2017-75,AllenCCF-Ontology-2017-STRU,70,11452,0.011452000000000002,#FF90FF,255,144,255,Dorsal terminal nucleus of the accessory optic tract,DT,structure,3,228,AllenCCF-Ontology-2017-313
AllenCCF-Annotation-2020-58,AllenCCF-Ontology-2017-997,AllenCCF-Ontology-2017-ORGA,53,43358,0.04335800000000001,#FFFFFF,255,255,255,brain,brain,organ,0,0,
AllenCCF-Annotation-2020-58,AllenCCF-Ontology-2017-8,AllenCCF-Ontology-2017-CATE,53,43358,0.04335800000000001,#BFDAE3,191,218,227,Basic cell groups and regions,grey,category,1,1,AllenCCF-Ontology-2017-997
AllenCCF-Annotation-2020-58,AllenCCF-Ontology-2017-313,AllenCCF-Ontology-2017-DIVI,53,43358,0.04335800000000001,#FF64FF,255,100,255,Midbrain,MB,division,2,9,AllenCCF-Ontology-2017-8
AllenCCF-Annotation-2020-58,AllenCCF-Ontology-2017-58,AllenCCF-Ontology-2017-STRU,53,43358,0.04335800000000001,#FF90FF,255,144,255,Medial terminal nucleus of the accessory optic tract,MT,structure,3,229,AllenCCF-Ontology-2017-313
AllenCCF-Annotation-2020-374,AllenCCF-Ontology-2017-997,AllenCCF-Ontology-2017-ORGA,364,196792,0.19679200000000002,#FFFFFF,255,255,255,brain,brain,organ,0,0,
AllenCCF-Annotation-2020-374,AllenCCF-Ontology-2017-8,AllenCCF-Ontology-2017-CATE,364,196792,0.19679200000000002,#BFDAE3,191,218,227,Basic cell groups and regions,grey,category,1,1,AllenCCF-Ontology-2017-997
AllenCCF-Annotation-2020-374,AllenCCF-Ontology-2017-313,AllenCCF-Ontology-2017-DIVI,364,196792,0.19679200000000002,#FF64FF,255,100,255,Midbrain,MB,division,2,9,AllenCCF-Ontology-2017-8
AllenCCF-Annotation-2020-374,AllenCCF-Ontology-2017-374,AllenCCF-Ontology-2017-STRU,364,196792,0.19679200000000002,#FFA6FF,255,166,255,"Substantia nigra, compact part",SNc,structure,3,230,AllenCCF-Ontology-2017-313
AllenCCF-Annotation-2020-1052,AllenCCF-Ontology-2017-997,AllenCCF-Ontology-2017-ORGA,1041,892486,0.8924860000000001,#FFFFFF,255,255,255,brain,brain,organ,0,0,
AllenCCF-Annotation-2020-1052,AllenCCF-Ontology-2017-8,AllenCCF-Ontology-2017-CATE,1041,892486,0.8924860000000001,#BFDAE3,191,218,227,Basic cell groups and regions,grey,category,1,1,AllenCCF-Ontology-2017-997
AllenCCF-Annotation-2020-1052,AllenCCF-Ontology-2017-313,AllenCCF-Ontology-2017-DIVI,1041,892486,0.8924860000000001,#FF64FF,255,100,255,Midbrain,MB,division,2,9,AllenCCF-Ontology-2017-8
AllenCCF-Annotation-2020-1052,AllenCCF-Ontology-2017-1052,AllenCCF-Ontology-2017-STRU,1041,892486,0.8924860000000001,#FFA6FF,255,166,255,Pedunculopontine nucleus,PPN,structure,3,231,AllenCCF-Ontology-2017-313
AllenCCF-Annotation-2020-12,AllenCCF-Ontology-2017-997,AllenCCF-Ontology-2017-ORGA,11,86796,0.08679600000000001,#FFFFFF,255,255,255,brain,brain,organ,0,0,
AllenCCF-Annotation-2020-12,AllenCCF-Ontology-2017-8,AllenCCF-Ontology-2017-CATE,11,86796,0.08679600000000001,#BFDAE3,191,218,227,Basic cell groups and regions,grey,category,1,1,AllenCCF-Ontology-2017-997
AllenCCF-Annotation-2020-12,AllenCCF-Ontology-2017-313,AllenCCF-Ontology-2017-DIVI,11,86796,0.08679600000000001,#FF64FF,255,100,255,Midbrain,MB,division,2,9,AllenCCF-Ontology-2017-8
AllenCCF-Annotation-2020-12,AllenCCF-Ontology-2017-12,AllenCCF-Ontology-2017-STRU,11,86796,0.08679600000000001,#FFA6FF,255,166,255,Interfascicular nucleus raphe,IF,structure,3,232,AllenCCF-Ontology-2017-313
AllenCCF-Annotation-2020-100,AllenCCF-Ontology-2017-997,AllenCCF-Ontology-2017-ORGA,95,11050,0.011050000000000003,#FFFFFF,255,255,255,brain,brain,organ,0,0,
AllenCCF-Annotation-2020-100,AllenCCF-Ontology-2017-8,AllenCCF-Ontology-2017-CATE,95,11050,0.011050000000000003,#BFDAE3,191,218,227,Basic cell groups and regions,grey,category,1,1,AllenCCF-Ontology-2017-997
AllenCCF-Annotation-2020-100,AllenCCF-Ontology-2017-313,AllenCCF-Ontology-2017-DIVI,95,11050,0.011050000000000003,#FF64FF,255,100,255,Midbrain,MB,division,2,9,AllenCCF-Ontology-2017-8
AllenCCF-Annotation-2020-100,AllenCCF-Ontology-2017-100,AllenCCF-Ontology-2017-STRU,95,11050,0.011050000000000003,#FFA6FF,255,166,255,Interpeduncular nucleus,IPN,structure,3,233,AllenCCF-Ontology-2017-313
AllenCCF-Annotation-2020-607344834,AllenCCF-Ontology-2017-997,AllenCCF-Ontology-2017-ORGA,1319,80340,0.08034000000000001,#FFFFFF,255,255,255,brain,brain,organ,0,0,
AllenCCF-Annotation-2020-607344834,AllenCCF-Ontology-2017-8,AllenCCF-Ontology-2017-CATE,1319,80340,0.08034000000000001,#BFDAE3,191,218,227,Basic cell groups and regions,grey,category,1,1,AllenCCF-Ontology-2017-997
AllenCCF-Annotation-2020-607344834,AllenCCF-Ontology-2017-313,AllenCCF-Ontology-2017-DIVI,1319,80340,0.08034000000000001,#FF64FF,255,100,255,Midbrain,MB,division,2,9,AllenCCF-Ontology-2017-8
AllenCCF-Annotation-2020-607344834,AllenCCF-Ontology-2017-100,AllenCCF-Ontology-2017-STRU,1319,80340,0.08034000000000001,#FFA6FF,255,166,255,Interpeduncular nucleus,IPN,structure,3,233,AllenCCF-Ontology-2017-313
AllenCCF-Annotation-2020-607344834,AllenCCF-Ontology-2017-607344834,AllenCCF-Ontology-2017-SUBS,1319,80340,0.08034000000000001,#FFA6FF,255,166,255,"Interpeduncular nucleus, rostral",IPR,substructure,4,599,AllenCCF-Ontology-2017-100
AllenCCF-Annotation-2020-607344838,AllenCCF-Ontology-2017-997,AllenCCF-Ontology-2017-ORGA,1320,68470,0.06847000000000002,#FFFFFF,255,255,255,brain,brain,organ,0,0,
AllenCCF-Annotation-2020-607344838,AllenCCF-Ontology-2017-8,AllenCCF-Ontology-2017-CATE,1320,68470,0.06847000000000002,#BFDAE3,191,218,227,Basic cell groups and regions,grey,category,1,1,AllenCCF-Ontology-2017-997
AllenCCF-Annotation-2020-607344838,AllenCCF-Ontology-2017-313,AllenCCF-Ontology-2017-DIVI,1320,68470,0.06847000000000002,#FF64FF,255,100,255,Midbrain,MB,division,2,9,AllenCCF-Ontology-2017-8
AllenCCF-Annotation-2020-607344838,AllenCCF-Ontology-2017-100,AllenCCF-Ontology-2017-STRU,1320,68470,0.06847000000000002,#FFA6FF,255,166,255,Interpeduncular nucleus,IPN,structure,3,233,AllenCCF-Ontology-2017-313
AllenCCF-Annotation-2020-607344838,AllenCCF-Ontology-2017-607344838,AllenCCF-Ontology-2017-SUBS,1320,68470,0.06847000000000002,#FFA6FF,255,166,255,"Interpeduncular nucleus, caudal",IPC,substructure,4,600,AllenCCF-Ontology-2017-100
AllenCCF-Annotation-2020-607344842,AllenCCF-Ontology-2017-997,AllenCCF-Ontology-2017-ORGA,1321,25108,0.025108000000000005,#FFFFFF,255,255,255,brain,brain,organ,0,0,
AllenCCF-Annotation-2020-607344842,AllenCCF-Ontology-2017-8,AllenCCF-Ontology-2017-CATE,1321,25108,0.025108000000000005,#BFDAE3,191,218,227,Basic cell groups and regions,grey,category,1,1,AllenCCF-Ontology-2017-997
AllenCCF-Annotation-2020-607344842,AllenCCF-Ontology-2017-313,AllenCCF-Ontology-2017-DIVI,1321,25108,0.025108000000000005,#FF64FF,255,100,255,Midbrain,MB,division,2,9,AllenCCF-Ontology-2017-8
AllenCCF-Annotation-2020-607344842,AllenCCF-Ontology-2017-100,AllenCCF-Ontology-2017-STRU,1321,25108,0.025108000000000005,#FFA6FF,255,166,255,Interpeduncular nucleus,IPN,structure,3,233,AllenCCF-Ontology-2017-313
AllenCCF-Annotation-2020-607344842,AllenCCF-Ontology-2017-607344842,AllenCCF-Ontology-2017-SUBS,1321,25108,0.025108000000000005,#FFA6FF,255,166,255,"Interpeduncular nucleus, apical",IPA,substructure,4,601,AllenCCF-Ontology-2017-100
AllenCCF-Annotation-2020-607344846,AllenCCF-Ontology-2017-997,AllenCCF-Ontology-2017-ORGA,1322,62012,0.06201200000000001,#FFFFFF,255,255,255,brain,brain,organ,0,0,
AllenCCF-Annotation-2020-607344846,AllenCCF-Ontology-2017-8,AllenCCF-Ontology-2017-CATE,1322,62012,0.06201200000000001,#BFDAE3,191,218,227,Basic cell groups and regions,grey,category,1,1,AllenCCF-Ontology-2017-997
AllenCCF-Annotation-2020-607344846,AllenCCF-Ontology-2017-313,AllenCCF-Ontology-2017-DIVI,1322,62012,0.06201200000000001,#FF64FF,255,100,255,Midbrain,MB,division,2,9,AllenCCF-Ontology-2017-8
AllenCCF-Annotation-2020-607344846,AllenCCF-Ontology-2017-100,AllenCCF-Ontology-2017-STRU,1322,62012,0.06201200000000001,#FFA6FF,255,166,255,Interpeduncular nucleus,IPN,structure,3,233,AllenCCF-Ontology-2017-313
AllenCCF-Annotation-2020-607344846,AllenCCF-Ontology-2017-607344846,AllenCCF-Ontology-2017-SUBS,1322,62012,0.06201200000000001,#FFA6FF,255,166,255,"Interpeduncular nucleus, lateral",IPL,substructure,4,602,AllenCCF-Ontology-2017-100
AllenCCF-Annotation-2020-607344850,AllenCCF-Ontology-2017-997,AllenCCF-Ontology-2017-ORGA,1323,31928,0.031928000000000005,#FFFFFF,255,255,255,brain,brain,organ,0,0,
AllenCCF-Annotation-2020-607344850,AllenCCF-Ontology-2017-8,AllenCCF-Ontology-2017-CATE,1323,31928,0.031928000000000005,#BFDAE3,191,218,227,Basic cell groups and regions,grey,category,1,1,AllenCCF-Ontology-2017-997
AllenCCF-Annotation-2020-607344850,AllenCCF-Ontology-2017-313,AllenCCF-Ontology-2017-DIVI,1323,31928,0.031928000000000005,#FF64FF,255,100,255,Midbrain,MB,division,2,9,AllenCCF-Ontology-2017-8
AllenCCF-Annotation-2020-607344850,AllenCCF-Ontology-2017-100,AllenCCF-Ontology-2017-STRU,1323,31928,0.031928000000000005,#FFA6FF,255,166,255,Interpeduncular nucleus,IPN,structure,3,233,AllenCCF-Ontology-2017-313
AllenCCF-Annotation-2020-607344850,AllenCCF-Ontology-2017-607344850,AllenCCF-Ontology-2017-SUBS,1323,31928,0.031928000000000005,#FFA6FF,255,166,255,"Interpeduncular nucleus, intermediate",IPI,substructure,4,603,AllenCCF-Ontology-2017-100
AllenCCF-Annotation-2020-607344854,AllenCCF-Ontology-2017-997,AllenCCF-Ontology-2017-ORGA,1324,19070,0.019070000000000004,#FFFFFF,255,255,255,brain,brain,organ,0,0,
AllenCCF-Annotation-2020-607344854,AllenCCF-Ontology-2017-8,AllenCCF-Ontology-2017-CATE,1324,19070,0.019070000000000004,#BFDAE3,191,218,227,Basic cell groups and regions,grey,category,1,1,AllenCCF-Ontology-2017-997
AllenCCF-Annotation-2020-607344854,AllenCCF-Ontology-2017-313,AllenCCF-Ontology-2017-DIVI,1324,19070,0.019070000000000004,#FF64FF,255,100,255,Midbrain,MB,division,2,9,AllenCCF-Ontology-2017-8
AllenCCF-Annotation-2020-607344854,AllenCCF-Ontology-2017-100,AllenCCF-Ontology-2017-STRU,1324,19070,0.019070000000000004,#FFA6FF,255,166,255,Interpeduncular nucleus,IPN,structure,3,233,AllenCCF-Ontology-2017-313
AllenCCF-Annotation-2020-607344854,AllenCCF-Ontology-2017-607344854,AllenCCF-Ontology-2017-SUBS,1324,19070,0.019070000000000004,#FFA6FF,255,166,255,"Interpeduncular nucleus, dorsomedial",IPDM,substructure,4,604,AllenCCF-Ontology-2017-100
AllenCCF-Annotation-2020-607344858,AllenCCF-Ontology-2017-997,AllenCCF-Ontology-2017-ORGA,1325,37920,0.03792000000000001,#FFFFFF,255,255,255,brain,brain,organ,0,0,
AllenCCF-Annotation-2020-607344858,AllenCCF-Ontology-2017-8,AllenCCF-Ontology-2017-CATE,1325,37920,0.03792000000000001,#BFDAE3,191,218,227,Basic cell groups and regions,grey,category,1,1,AllenCCF-Ontology-2017-997
AllenCCF-Annotation-2020-607344858,AllenCCF-Ontology-2017-313,AllenCCF-Ontology-2017-DIVI,1325,37920,0.03792000000000001,#FF64FF,255,100,255,Midbrain,MB,division,2,9,AllenCCF-Ontology-2017-8
AllenCCF-Annotation-2020-607344858,AllenCCF-Ontology-2017-100,AllenCCF-Ontology-2017-STRU,1325,37920,0.03792000000000001,#FFA6FF,255,166,255,Interpeduncular nucleus,IPN,structure,3,233,AllenCCF-Ontology-2017-313
AllenCCF-Annotation-2020-607344858,AllenCCF-Ontology-2017-607344858,AllenCCF-Ontology-2017-SUBS,1325,37920,0.03792000000000001,#FFA6FF,255,166,255,"Interpeduncular nucleus, dorsolateral",IPDL,substructure,4,605,AllenCCF-Ontology-2017-100
AllenCCF-Annotation-2020-607344862,AllenCCF-Ontology-2017-997,AllenCCF-Ontology-2017-ORGA,1326,19074,0.019074000000000004,#FFFFFF,255,255,255,brain,brain,organ,0,0,
AllenCCF-Annotation-2020-607344862,AllenCCF-Ontology-2017-8,AllenCCF-Ontology-2017-CATE,1326,19074,0.019074000000000004,#BFDAE3,191,218,227,Basic cell groups and regions,grey,category,1,1,AllenCCF-Ontology-2017-997
AllenCCF-Annotation-2020-607344862,AllenCCF-Ontology-2017-313,AllenCCF-Ontology-2017-DIVI,1326,19074,0.019074000000000004,#FF64FF,255,100,255,Midbrain,MB,division,2,9,AllenCCF-Ontology-2017-8
AllenCCF-Annotation-2020-607344862,AllenCCF-Ontology-2017-100,AllenCCF-Ontology-2017-STRU,1326,19074,0.019074000000000004,#FFA6FF,255,166,255,Interpeduncular nucleus,IPN,structure,3,233,AllenCCF-Ontology-2017-313
AllenCCF-Annotation-2020-607344862,AllenCCF-Ontology-2017-607344862,AllenCCF-Ontology-2017-SUBS,1326,19074,0.019074000000000004,#FFA6FF,255,166,255,"Interpeduncular nucleus, rostrolateral",IPRL,substructure,4,606,AllenCCF-Ontology-2017-100
AllenCCF-Annotation-2020-197,AllenCCF-Ontology-2017-997,AllenCCF-Ontology-2017-ORGA,190,55234,0.05523400000000001,#FFFFFF,255,255,255,brain,brain,organ,0,0,
AllenCCF-Annotation-2020-197,AllenCCF-Ontology-2017-8,AllenCCF-Ontology-2017-CATE,190,55234,0.05523400000000001,#BFDAE3,191,218,227,Basic cell groups and regions,grey,category,1,1,AllenCCF-Ontology-2017-997
AllenCCF-Annotation-2020-197,AllenCCF-Ontology-2017-313,AllenCCF-Ontology-2017-DIVI,190,55234,0.05523400000000001,#FF64FF,255,100,255,Midbrain,MB,division,2,9,AllenCCF-Ontology-2017-8
AllenCCF-Annotation-2020-197,AllenCCF-Ontology-2017-197,AllenCCF-Ontology-2017-STRU,190,55234,0.05523400000000001,#FFA6FF,255,166,255,Rostral linear nucleus raphe,RL,structure,3,234,AllenCCF-Ontology-2017-313
AllenCCF-Annotation-2020-591,AllenCCF-Ontology-2017-997,AllenCCF-Ontology-2017-ORGA,581,83176,0.08317600000000001,#FFFFFF,255,255,255,brain,brain,organ,0,0,
AllenCCF-Annotation-2020-591,AllenCCF-Ontology-2017-8,AllenCCF-Ontology-2017-CATE,581,83176,0.08317600000000001,#BFDAE3,191,218,227,Basic cell groups and regions,grey,category,1,1,AllenCCF-Ontology-2017-997
AllenCCF-Annotation-2020-591,AllenCCF-Ontology-2017-313,AllenCCF-Ontology-2017-DIVI,581,83176,0.08317600000000001,#FF64FF,255,100,255,Midbrain,MB,division,2,9,AllenCCF-Ontology-2017-8
AllenCCF-Annotation-2020-591,AllenCCF-Ontology-2017-591,AllenCCF-Ontology-2017-STRU,581,83176,0.08317600000000001,#FFA6FF,255,166,255,Central linear nucleus raphe,CLI,structure,3,235,AllenCCF-Ontology-2017-313
AllenCCF-Annotation-2020-872,AllenCCF-Ontology-2017-997,AllenCCF-Ontology-2017-ORGA,862,152892,0.15289200000000003,#FFFFFF,255,255,255,brain,brain,organ,0,0,
AllenCCF-Annotation-2020-872,AllenCCF-Ontology-2017-8,AllenCCF-Ontology-2017-CATE,862,152892,0.15289200000000003,#BFDAE3,191,218,227,Basic cell groups and regions,grey,category,1,1,AllenCCF-Ontology-2017-997
AllenCCF-Annotation-2020-872,AllenCCF-Ontology-2017-313,AllenCCF-Ontology-2017-DIVI,862,152892,0.15289200000000003,#FF64FF,255,100,255,Midbrain,MB,division,2,9,AllenCCF-Ontology-2017-8
AllenCCF-Annotation-2020-872,AllenCCF-Ontology-2017-872,AllenCCF-Ontology-2017-STRU,862,152892,0.15289200000000003,#FFA6FF,255,166,255,Dorsal nucleus raphe,DR,structure,3,236,AllenCCF-Ontology-2017-313
AllenCCF-Annotation-2020-771,AllenCCF-Ontology-2017-997,AllenCCF-Ontology-2017-ORGA,761,3602108,3.6021080000000008,#FFFFFF,255,255,255,brain,brain,organ,0,0,
AllenCCF-Annotation-2020-771,AllenCCF-Ontology-2017-8,AllenCCF-Ontology-2017-CATE,761,3602108,3.6021080000000008,#BFDAE3,191,218,227,Basic cell groups and regions,grey,category,1,1,AllenCCF-Ontology-2017-997
AllenCCF-Annotation-2020-771,AllenCCF-Ontology-2017-771,AllenCCF-Ontology-2017-DIVI,761,3602108,3.6021080000000008,#FF9B88,255,155,136,Pons,P,division,2,10,AllenCCF-Ontology-2017-8
AllenCCF-Annotation-2020-612,AllenCCF-Ontology-2017-997,AllenCCF-Ontology-2017-ORGA,602,723784,0.7237840000000001,#FFFFFF,255,255,255,brain,brain,organ,0,0,
AllenCCF-Annotation-2020-612,AllenCCF-Ontology-2017-8,AllenCCF-Ontology-2017-CATE,602,723784,0.7237840000000001,#BFDAE3,191,218,227,Basic cell groups and regions,grey,category,1,1,AllenCCF-Ontology-2017-997
AllenCCF-Annotation-2020-612,AllenCCF-Ontology-2017-771,AllenCCF-Ontology-2017-DIVI,602,723784,0.7237840000000001,#FF9B88,255,155,136,Pons,P,division,2,10,AllenCCF-Ontology-2017-8
AllenCCF-Annotation-2020-612,AllenCCF-Ontology-2017-612,AllenCCF-Ontology-2017-STRU,602,723784,0.7237840000000001,#FFAE6F,255,174,111,Nucleus of the lateral lemniscus,NLL,structure,3,238,AllenCCF-Ontology-2017-771
AllenCCF-Annotation-2020-7,AllenCCF-Ontology-2017-997,AllenCCF-Ontology-2017-ORGA,6,1106076,1.1060760000000003,#FFFFFF,255,255,255,brain,brain,organ,0,0,
AllenCCF-Annotation-2020-7,AllenCCF-Ontology-2017-8,AllenCCF-Ontology-2017-CATE,6,1106076,1.1060760000000003,#BFDAE3,191,218,227,Basic cell groups and regions,grey,category,1,1,AllenCCF-Ontology-2017-997
AllenCCF-Annotation-2020-7,AllenCCF-Ontology-2017-771,AllenCCF-Ontology-2017-DIVI,6,1106076,1.1060760000000003,#FF9B88,255,155,136,Pons,P,division,2,10,AllenCCF-Ontology-2017-8
AllenCCF-Annotation-2020-7,AllenCCF-Ontology-2017-7,AllenCCF-Ontology-2017-STRU,6,1106076,1.1060760000000003,#FFAE6F,255,174,111,Principal sensory nucleus of the trigeminal,PSV,structure,3,239,AllenCCF-Ontology-2017-771
AllenCCF-Annotation-2020-867,AllenCCF-Ontology-2017-997,AllenCCF-Ontology-2017-ORGA,857,946458,0.9464580000000001,#FFFFFF,255,255,255,brain,brain,organ,0,0,
AllenCCF-Annotation-2020-867,AllenCCF-Ontology-2017-8,AllenCCF-Ontology-2017-CATE,857,946458,0.9464580000000001,#BFDAE3,191,218,227,Basic cell groups and regions,grey,category,1,1,AllenCCF-Ontology-2017-997
AllenCCF-Annotation-2020-867,AllenCCF-Ontology-2017-771,AllenCCF-Ontology-2017-DIVI,857,946458,0.9464580000000001,#FF9B88,255,155,136,Pons,P,division,2,10,AllenCCF-Ontology-2017-8
AllenCCF-Annotation-2020-867,AllenCCF-Ontology-2017-867,AllenCCF-Ontology-2017-STRU,857,946458,0.9464580000000001,#FFAE6F,255,174,111,Parabrachial nucleus,PB,structure,3,240,AllenCCF-Ontology-2017-771
AllenCCF-Annotation-2020-123,AllenCCF-Ontology-2017-997,AllenCCF-Ontology-2017-ORGA,118,175206,0.17520600000000003,#FFFFFF,255,255,255,brain,brain,organ,0,0,
AllenCCF-Annotation-2020-123,AllenCCF-Ontology-2017-8,AllenCCF-Ontology-2017-CATE,118,175206,0.17520600000000003,#BFDAE3,191,218,227,Basic cell groups and regions,grey,category,1,1,AllenCCF-Ontology-2017-997
AllenCCF-Annotation-2020-123,AllenCCF-Ontology-2017-771,AllenCCF-Ontology-2017-DIVI,118,175206,0.17520600000000003,#FF9B88,255,155,136,Pons,P,division,2,10,AllenCCF-Ontology-2017-8
AllenCCF-Annotation-2020-123,AllenCCF-Ontology-2017-867,AllenCCF-Ontology-2017-STRU,118,175206,0.17520600000000003,#FFAE6F,255,174,111,Parabrachial nucleus,PB,structure,3,240,AllenCCF-Ontology-2017-771
AllenCCF-Annotation-2020-123,AllenCCF-Ontology-2017-123,AllenCCF-Ontology-2017-SUBS,118,175206,0.17520600000000003,#FFAE6F,255,174,111,Koelliker-Fuse subnucleus,KF,substructure,4,617,AllenCCF-Ontology-2017-867
AllenCCF-Annotation-2020-122,AllenCCF-Ontology-2017-997,AllenCCF-Ontology-2017-ORGA,117,365934,0.36593400000000004,#FFFFFF,255,255,255,brain,brain,organ,0,0,
AllenCCF-Annotation-2020-122,AllenCCF-Ontology-2017-8,AllenCCF-Ontology-2017-CATE,117,365934,0.36593400000000004,#BFDAE3,191,218,227,Basic cell groups and regions,grey,category,1,1,AllenCCF-Ontology-2017-997
AllenCCF-Annotation-2020-122,AllenCCF-Ontology-2017-771,AllenCCF-Ontology-2017-DIVI,117,365934,0.36593400000000004,#FF9B88,255,155,136,Pons,P,division,2,10,AllenCCF-Ontology-2017-8
AllenCCF-Annotation-2020-122,AllenCCF-Ontology-2017-398,AllenCCF-Ontology-2017-STRU,117,365934,0.36593400000000004,#FFAE6F,255,174,111,Superior olivary complex,SOC,structure,3,241,AllenCCF-Ontology-2017-771
AllenCCF-Annotation-2020-122,AllenCCF-Ontology-2017-122,AllenCCF-Ontology-2017-SUBS,117,365934,0.36593400000000004,#FFAE6F,255,174,111,"Superior olivary complex, periolivary region",POR,substructure,4,620,AllenCCF-Ontology-2017-398
AllenCCF-Annotation-2020-105,AllenCCF-Ontology-2017-997,AllenCCF-Ontology-2017-ORGA,100,195214,0.19521400000000003,#FFFFFF,255,255,255,brain,brain,organ,0,0,
AllenCCF-Annotation-2020-105,AllenCCF-Ontology-2017-8,AllenCCF-Ontology-2017-CATE,100,195214,0.19521400000000003,#BFDAE3,191,218,227,Basic cell groups and regions,grey,category,1,1,AllenCCF-Ontology-2017-997
AllenCCF-Annotation-2020-105,AllenCCF-Ontology-2017-771,AllenCCF-Ontology-2017-DIVI,100,195214,0.19521400000000003,#FF9B88,255,155,136,Pons,P,division,2,10,AllenCCF-Ontology-2017-8
AllenCCF-Annotation-2020-105,AllenCCF-Ontology-2017-398,AllenCCF-Ontology-2017-STRU,100,195214,0.19521400000000003,#FFAE6F,255,174,111,Superior olivary complex,SOC,structure,3,241,AllenCCF-Ontology-2017-771
AllenCCF-Annotation-2020-105,AllenCCF-Ontology-2017-105,AllenCCF-Ontology-2017-SUBS,100,195214,0.19521400000000003,#FFAE6F,255,174,111,"Superior olivary complex, medial part",SOCm,substructure,4,621,AllenCCF-Ontology-2017-398
AllenCCF-Annotation-2020-114,AllenCCF-Ontology-2017-997,AllenCCF-Ontology-2017-ORGA,109,337494,0.33749400000000007,#FFFFFF,255,255,255,brain,brain,organ,0,0,
AllenCCF-Annotation-2020-114,AllenCCF-Ontology-2017-8,AllenCCF-Ontology-2017-CATE,109,337494,0.33749400000000007,#BFDAE3,191,218,227,Basic cell groups and regions,grey,category,1,1,AllenCCF-Ontology-2017-997
AllenCCF-Annotation-2020-114,AllenCCF-Ontology-2017-771,AllenCCF-Ontology-2017-DIVI,109,337494,0.33749400000000007,#FF9B88,255,155,136,Pons,P,division,2,10,AllenCCF-Ontology-2017-8
AllenCCF-Annotation-2020-114,AllenCCF-Ontology-2017-398,AllenCCF-Ontology-2017-STRU,109,337494,0.33749400000000007,#FFAE6F,255,174,111,Superior olivary complex,SOC,structure,3,241,AllenCCF-Ontology-2017-771
AllenCCF-Annotation-2020-114,AllenCCF-Ontology-2017-114,AllenCCF-Ontology-2017-SUBS,109,337494,0.33749400000000007,#FFAE6F,255,174,111,"Superior olivary complex, lateral part",SOCl,substructure,4,622,AllenCCF-Ontology-2017-398
AllenCCF-Annotation-2020-280,AllenCCF-Ontology-2017-997,AllenCCF-Ontology-2017-ORGA,271,15566,0.015566000000000003,#FFFFFF,255,255,255,brain,brain,organ,0,0,
AllenCCF-Annotation-2020-280,AllenCCF-Ontology-2017-8,AllenCCF-Ontology-2017-CATE,271,15566,0.015566000000000003,#BFDAE3,191,218,227,Basic cell groups and regions,grey,category,1,1,AllenCCF-Ontology-2017-997
AllenCCF-Annotation-2020-280,AllenCCF-Ontology-2017-771,AllenCCF-Ontology-2017-DIVI,271,15566,0.015566000000000003,#FF9B88,255,155,136,Pons,P,division,2,10,AllenCCF-Ontology-2017-8
AllenCCF-Annotation-2020-280,AllenCCF-Ontology-2017-280,AllenCCF-Ontology-2017-STRU,271,15566,0.015566000000000003,#FFBA86,255,186,134,Barrington's nucleus,B,structure,3,242,AllenCCF-Ontology-2017-771
AllenCCF-Annotation-2020-880,AllenCCF-Ontology-2017-997,AllenCCF-Ontology-2017-ORGA,870,103734,0.10373400000000002,#FFFFFF,255,255,255,brain,brain,organ,0,0,
AllenCCF-Annotation-2020-880,AllenCCF-Ontology-2017-8,AllenCCF-Ontology-2017-CATE,870,103734,0.10373400000000002,#BFDAE3,191,218,227,Basic cell groups and regions,grey,category,1,1,AllenCCF-Ontology-2017-997
AllenCCF-Annotation-2020-880,AllenCCF-Ontology-2017-771,AllenCCF-Ontology-2017-DIVI,870,103734,0.10373400000000002,#FF9B88,255,155,136,Pons,P,division,2,10,AllenCCF-Ontology-2017-8
AllenCCF-Annotation-2020-880,AllenCCF-Ontology-2017-880,AllenCCF-Ontology-2017-STRU,870,103734,0.10373400000000002,#FFBA86,255,186,134,Dorsal tegmental nucleus,DTN,structure,3,243,AllenCCF-Ontology-2017-771
AllenCCF-Annotation-2020-599626927,AllenCCF-Ontology-2017-997,AllenCCF-Ontology-2017-ORGA,1312,48028,0.04802800000000001,#FFFFFF,255,255,255,brain,brain,organ,0,0,
AllenCCF-Annotation-2020-599626927,AllenCCF-Ontology-2017-8,AllenCCF-Ontology-2017-CATE,1312,48028,0.04802800000000001,#BFDAE3,191,218,227,Basic cell groups and regions,grey,category,1,1,AllenCCF-Ontology-2017-997
AllenCCF-Annotation-2020-599626927,AllenCCF-Ontology-2017-771,AllenCCF-Ontology-2017-DIVI,1312,48028,0.04802800000000001,#FF9B88,255,155,136,Pons,P,division,2,10,AllenCCF-Ontology-2017-8
AllenCCF-Annotation-2020-599626927,AllenCCF-Ontology-2017-599626927,AllenCCF-Ontology-2017-STRU,1312,48028,0.04802800000000001,#FFBA86,255,186,134,Posterodorsal tegmental nucleus,PDTg,structure,3,244,AllenCCF-Ontology-2017-771
AllenCCF-Annotation-2020-898,AllenCCF-Ontology-2017-997,AllenCCF-Ontology-2017-ORGA,888,541422,0.5414220000000001,#FFFFFF,255,255,255,brain,brain,organ,0,0,
AllenCCF-Annotation-2020-898,AllenCCF-Ontology-2017-8,AllenCCF-Ontology-2017-CATE,888,541422,0.5414220000000001,#BFDAE3,191,218,227,Basic cell groups and regions,grey,category,1,1,AllenCCF-Ontology-2017-997
AllenCCF-Annotation-2020-898,AllenCCF-Ontology-2017-771,AllenCCF-Ontology-2017-DIVI,888,541422,0.5414220000000001,#FF9B88,255,155,136,Pons,P,division,2,10,AllenCCF-Ontology-2017-8
AllenCCF-Annotation-2020-898,AllenCCF-Ontology-2017-898,AllenCCF-Ontology-2017-STRU,888,541422,0.5414220000000001,#FFBA86,255,186,134,Pontine central gray,PCG,structure,3,245,AllenCCF-Ontology-2017-771
AllenCCF-Annotation-2020-931,AllenCCF-Ontology-2017-997,AllenCCF-Ontology-2017-ORGA,921,965046,0.9650460000000002,#FFFFFF,255,255,255,brain,brain,organ,0,0,
AllenCCF-Annotation-2020-931,AllenCCF-Ontology-2017-8,AllenCCF-Ontology-2017-CATE,921,965046,0.9650460000000002,#BFDAE3,191,218,227,Basic cell groups and regions,grey,category,1,1,AllenCCF-Ontology-2017-997
AllenCCF-Annotation-2020-931,AllenCCF-Ontology-2017-771,AllenCCF-Ontology-2017-DIVI,921,965046,0.9650460000000002,#FF9B88,255,155,136,Pons,P,division,2,10,AllenCCF-Ontology-2017-8
AllenCCF-Annotation-2020-931,AllenCCF-Ontology-2017-931,AllenCCF-Ontology-2017-STRU,921,965046,0.9650460000000002,#FFBA86,255,186,134,Pontine gray,PG,structure,3,246,AllenCCF-Ontology-2017-771
AllenCCF-Annotation-2020-1093,AllenCCF-Ontology-2017-997,AllenCCF-Ontology-2017-ORGA,1082,2349048,2.3490480000000002,#FFFFFF,255,255,255,brain,brain,organ,0,0,
AllenCCF-Annotation-2020-1093,AllenCCF-Ontology-2017-8,AllenCCF-Ontology-2017-CATE,1082,2349048,2.3490480000000002,#BFDAE3,191,218,227,Basic cell groups and regions,grey,category,1,1,AllenCCF-Ontology-2017-997
AllenCCF-Annotation-2020-1093,AllenCCF-Ontology-2017-771,AllenCCF-Ontology-2017-DIVI,1082,2349048,2.3490480000000002,#FF9B88,255,155,136,Pons,P,division,2,10,AllenCCF-Ontology-2017-8
AllenCCF-Annotation-2020-1093,AllenCCF-Ontology-2017-1093,AllenCCF-Ontology-2017-STRU,1082,2349048,2.3490480000000002,#FFBA86,255,186,134,"Pontine reticular nucleus, caudal part",PRNc,structure,3,247,AllenCCF-Ontology-2017-771
AllenCCF-Annotation-2020-318,AllenCCF-Ontology-2017-997,AllenCCF-Ontology-2017-ORGA,308,17360,0.017360000000000004,#FFFFFF,255,255,255,brain,brain,organ,0,0,
AllenCCF-Annotation-2020-318,AllenCCF-Ontology-2017-8,AllenCCF-Ontology-2017-CATE,308,17360,0.017360000000000004,#BFDAE3,191,218,227,Basic cell groups and regions,grey,category,1,1,AllenCCF-Ontology-2017-997
AllenCCF-Annotation-2020-318,AllenCCF-Ontology-2017-771,AllenCCF-Ontology-2017-DIVI,308,17360,0.017360000000000004,#FF9B88,255,155,136,Pons,P,division,2,10,AllenCCF-Ontology-2017-8
AllenCCF-Annotation-2020-318,AllenCCF-Ontology-2017-318,AllenCCF-Ontology-2017-STRU,308,17360,0.017360000000000004,#FFBA86,255,186,134,Supragenual nucleus,SG,structure,3,248,AllenCCF-Ontology-2017-771
AllenCCF-Annotation-2020-534,AllenCCF-Ontology-2017-997,AllenCCF-Ontology-2017-ORGA,524,259600,0.25960000000000005,#FFFFFF,255,255,255,brain,brain,organ,0,0,
AllenCCF-Annotation-2020-534,AllenCCF-Ontology-2017-8,AllenCCF-Ontology-2017-CATE,524,259600,0.25960000000000005,#BFDAE3,191,218,227,Basic cell groups and regions,grey,category,1,1,AllenCCF-Ontology-2017-997
AllenCCF-Annotation-2020-534,AllenCCF-Ontology-2017-771,AllenCCF-Ontology-2017-DIVI,524,259600,0.25960000000000005,#FF9B88,255,155,136,Pons,P,division,2,10,AllenCCF-Ontology-2017-8
AllenCCF-Annotation-2020-534,AllenCCF-Ontology-2017-534,AllenCCF-Ontology-2017-STRU,524,259600,0.25960000000000005,#FFBA86,255,186,134,Supratrigeminal nucleus,SUT,structure,3,249,AllenCCF-Ontology-2017-771
AllenCCF-Annotation-2020-574,AllenCCF-Ontology-2017-997,AllenCCF-Ontology-2017-ORGA,564,689664,0.6896640000000002,#FFFFFF,255,255,255,brain,brain,organ,0,0,
AllenCCF-Annotation-2020-574,AllenCCF-Ontology-2017-8,AllenCCF-Ontology-2017-CATE,564,689664,0.6896640000000002,#BFDAE3,191,218,227,Basic cell groups and regions,grey,category,1,1,AllenCCF-Ontology-2017-997
AllenCCF-Annotation-2020-574,AllenCCF-Ontology-2017-771,AllenCCF-Ontology-2017-DIVI,564,689664,0.6896640000000002,#FF9B88,255,155,136,Pons,P,division,2,10,AllenCCF-Ontology-2017-8
AllenCCF-Annotation-2020-574,AllenCCF-Ontology-2017-574,AllenCCF-Ontology-2017-STRU,564,689664,0.6896640000000002,#FFBA86,255,186,134,Tegmental reticular nucleus,TRN,structure,3,250,AllenCCF-Ontology-2017-771
AllenCCF-Annotation-2020-621,AllenCCF-Ontology-2017-997,AllenCCF-Ontology-2017-ORGA,611,354758,0.3547580000000001,#FFFFFF,255,255,255,brain,brain,organ,0,0,
AllenCCF-Annotation-2020-621,AllenCCF-Ontology-2017-8,AllenCCF-Ontology-2017-CATE,611,354758,0.3547580000000001,#BFDAE3,191,218,227,Basic cell groups and regions,grey,category,1,1,AllenCCF-Ontology-2017-997
AllenCCF-Annotation-2020-621,AllenCCF-Ontology-2017-771,AllenCCF-Ontology-2017-DIVI,611,354758,0.3547580000000001,#FF9B88,255,155,136,Pons,P,division,2,10,AllenCCF-Ontology-2017-8
AllenCCF-Annotation-2020-621,AllenCCF-Ontology-2017-621,AllenCCF-Ontology-2017-STRU,611,354758,0.3547580000000001,#FFBA86,255,186,134,Motor nucleus of trigeminal,V,structure,3,251,AllenCCF-Ontology-2017-771
AllenCCF-Annotation-2020-549009215,AllenCCF-Ontology-2017-997,AllenCCF-Ontology-2017-ORGA,1296,321414,0.32141400000000003,#FFFFFF,255,255,255,brain,brain,organ,0,0,
AllenCCF-Annotation-2020-549009215,AllenCCF-Ontology-2017-8,AllenCCF-Ontology-2017-CATE,1296,321414,0.32141400000000003,#BFDAE3,191,218,227,Basic cell groups and regions,grey,category,1,1,AllenCCF-Ontology-2017-997
AllenCCF-Annotation-2020-549009215,AllenCCF-Ontology-2017-771,AllenCCF-Ontology-2017-DIVI,1296,321414,0.32141400000000003,#FF9B88,255,155,136,Pons,P,division,2,10,AllenCCF-Ontology-2017-8
AllenCCF-Annotation-2020-549009215,AllenCCF-Ontology-2017-549009215,AllenCCF-Ontology-2017-STRU,1296,321414,0.32141400000000003,#FFBA86,255,186,134,Peritrigeminal zone,P5,structure,3,252,AllenCCF-Ontology-2017-771
AllenCCF-Annotation-2020-549009219,AllenCCF-Ontology-2017-997,AllenCCF-Ontology-2017-ORGA,1297,13912,0.013912000000000002,#FFFFFF,255,255,255,brain,brain,organ,0,0,
AllenCCF-Annotation-2020-549009219,AllenCCF-Ontology-2017-8,AllenCCF-Ontology-2017-CATE,1297,13912,0.013912000000000002,#BFDAE3,191,218,227,Basic cell groups and regions,grey,category,1,1,AllenCCF-Ontology-2017-997
AllenCCF-Annotation-2020-549009219,AllenCCF-Ontology-2017-771,AllenCCF-Ontology-2017-DIVI,1297,13912,0.013912000000000002,#FF9B88,255,155,136,Pons,P,division,2,10,AllenCCF-Ontology-2017-8
AllenCCF-Annotation-2020-549009219,AllenCCF-Ontology-2017-549009219,AllenCCF-Ontology-2017-STRU,1297,13912,0.013912000000000002,#FFBA86,255,186,134,Accessory trigeminal nucleus,Acs5,structure,3,253,AllenCCF-Ontology-2017-771
AllenCCF-Annotation-2020-549009223,AllenCCF-Ontology-2017-997,AllenCCF-Ontology-2017-ORGA,1298,70708,0.07070800000000001,#FFFFFF,255,255,255,brain,brain,organ,0,0,
AllenCCF-Annotation-2020-549009223,AllenCCF-Ontology-2017-8,AllenCCF-Ontology-2017-CATE,1298,70708,0.07070800000000001,#BFDAE3,191,218,227,Basic cell groups and regions,grey,category,1,1,AllenCCF-Ontology-2017-997
AllenCCF-Annotation-2020-549009223,AllenCCF-Ontology-2017-771,AllenCCF-Ontology-2017-DIVI,1298,70708,0.07070800000000001,#FF9B88,255,155,136,Pons,P,division,2,10,AllenCCF-Ontology-2017-8
AllenCCF-Annotation-2020-549009223,AllenCCF-Ontology-2017-549009223,AllenCCF-Ontology-2017-STRU,1298,70708,0.07070800000000001,#FFBA86,255,186,134,Parvicellular motor 5 nucleus,PC5,structure,3,254,AllenCCF-Ontology-2017-771
AllenCCF-Annotation-2020-549009227,AllenCCF-Ontology-2017-997,AllenCCF-Ontology-2017-ORGA,1299,44504,0.04450400000000001,#FFFFFF,255,255,255,brain,brain,organ,0,0,
AllenCCF-Annotation-2020-549009227,AllenCCF-Ontology-2017-8,AllenCCF-Ontology-2017-CATE,1299,44504,0.04450400000000001,#BFDAE3,191,218,227,Basic cell groups and regions,grey,category,1,1,AllenCCF-Ontology-2017-997
AllenCCF-Annotation-2020-549009227,AllenCCF-Ontology-2017-771,AllenCCF-Ontology-2017-DIVI,1299,44504,0.04450400000000001,#FF9B88,255,155,136,Pons,P,division,2,10,AllenCCF-Ontology-2017-8
AllenCCF-Annotation-2020-549009227,AllenCCF-Ontology-2017-549009227,AllenCCF-Ontology-2017-STRU,1299,44504,0.04450400000000001,#FFBA86,255,186,134,Intertrigeminal nucleus,I5,structure,3,255,AllenCCF-Ontology-2017-771
AllenCCF-Annotation-2020-679,AllenCCF-Ontology-2017-997,AllenCCF-Ontology-2017-ORGA,669,601652,0.6016520000000001,#FFFFFF,255,255,255,brain,brain,organ,0,0,
AllenCCF-Annotation-2020-679,AllenCCF-Ontology-2017-8,AllenCCF-Ontology-2017-CATE,669,601652,0.6016520000000001,#BFDAE3,191,218,227,Basic cell groups and regions,grey,category,1,1,AllenCCF-Ontology-2017-997
AllenCCF-Annotation-2020-679,AllenCCF-Ontology-2017-771,AllenCCF-Ontology-2017-DIVI,669,601652,0.6016520000000001,#FF9B88,255,155,136,Pons,P,division,2,10,AllenCCF-Ontology-2017-8
AllenCCF-Annotation-2020-679,AllenCCF-Ontology-2017-679,AllenCCF-Ontology-2017-STRU,669,601652,0.6016520000000001,#FFC395,255,195,149,Superior central nucleus raphe,CS,structure,3,256,AllenCCF-Ontology-2017-771
AllenCCF-Annotation-2020-147,AllenCCF-Ontology-2017-997,AllenCCF-Ontology-2017-ORGA,142,14486,0.014486000000000002,#FFFFFF,255,255,255,brain,brain,organ,0,0,
AllenCCF-Annotation-2020-147,AllenCCF-Ontology-2017-8,AllenCCF-Ontology-2017-CATE,142,14486,0.014486000000000002,#BFDAE3,191,218,227,Basic cell groups and regions,grey,category,1,1,AllenCCF-Ontology-2017-997
AllenCCF-Annotation-2020-147,AllenCCF-Ontology-2017-771,AllenCCF-Ontology-2017-DIVI,142,14486,0.014486000000000002,#FF9B88,255,155,136,Pons,P,division,2,10,AllenCCF-Ontology-2017-8
AllenCCF-Annotation-2020-147,AllenCCF-Ontology-2017-147,AllenCCF-Ontology-2017-STRU,142,14486,0.014486000000000002,#FFC395,255,195,149,Locus ceruleus,LC,structure,3,257,AllenCCF-Ontology-2017-771
AllenCCF-Annotation-2020-162,AllenCCF-Ontology-2017-997,AllenCCF-Ontology-2017-ORGA,157,203476,0.20347600000000005,#FFFFFF,255,255,255,brain,brain,organ,0,0,
AllenCCF-Annotation-2020-162,AllenCCF-Ontology-2017-8,AllenCCF-Ontology-2017-CATE,157,203476,0.20347600000000005,#BFDAE3,191,218,227,Basic cell groups and regions,grey,category,1,1,AllenCCF-Ontology-2017-997
AllenCCF-Annotation-2020-162,AllenCCF-Ontology-2017-771,AllenCCF-Ontology-2017-DIVI,157,203476,0.20347600000000005,#FF9B88,255,155,136,Pons,P,division,2,10,AllenCCF-Ontology-2017-8
AllenCCF-Annotation-2020-162,AllenCCF-Ontology-2017-162,AllenCCF-Ontology-2017-STRU,157,203476,0.20347600000000005,#FFC395,255,195,149,Laterodorsal tegmental nucleus,LDT,structure,3,258,AllenCCF-Ontology-2017-771
AllenCCF-Annotation-2020-604,AllenCCF-Ontology-2017-997,AllenCCF-Ontology-2017-ORGA,594,108230,0.10823000000000002,#FFFFFF,255,255,255,brain,brain,organ,0,0,
AllenCCF-Annotation-2020-604,AllenCCF-Ontology-2017-8,AllenCCF-Ontology-2017-CATE,594,108230,0.10823000000000002,#BFDAE3,191,218,227,Basic cell groups and regions,grey,category,1,1,AllenCCF-Ontology-2017-997
AllenCCF-Annotation-2020-604,AllenCCF-Ontology-2017-771,AllenCCF-Ontology-2017-DIVI,594,108230,0.10823000000000002,#FF9B88,255,155,136,Pons,P,division,2,10,AllenCCF-Ontology-2017-8
AllenCCF-Annotation-2020-604,AllenCCF-Ontology-2017-604,AllenCCF-Ontology-2017-STRU,594,108230,0.10823000000000002,#FFC395,255,195,149,Nucleus incertus,NI,structure,3,259,AllenCCF-Ontology-2017-771
AllenCCF-Annotation-2020-146,AllenCCF-Ontology-2017-997,AllenCCF-Ontology-2017-ORGA,141,2363054,2.3630540000000004,#FFFFFF,255,255,255,brain,brain,organ,0,0,
AllenCCF-Annotation-2020-146,AllenCCF-Ontology-2017-8,AllenCCF-Ontology-2017-CATE,141,2363054,2.3630540000000004,#BFDAE3,191,218,227,Basic cell groups and regions,grey,category,1,1,AllenCCF-Ontology-2017-997
AllenCCF-Annotation-2020-146,AllenCCF-Ontology-2017-771,AllenCCF-Ontology-2017-DIVI,141,2363054,2.3630540000000004,#FF9B88,255,155,136,Pons,P,division,2,10,AllenCCF-Ontology-2017-8
AllenCCF-Annotation-2020-146,AllenCCF-Ontology-2017-146,AllenCCF-Ontology-2017-STRU,141,2363054,2.3630540000000004,#FFC395,255,195,149,Pontine reticular nucleus,PRNr,structure,3,260,AllenCCF-Ontology-2017-771
AllenCCF-Annotation-2020-238,AllenCCF-Ontology-2017-997,AllenCCF-Ontology-2017-ORGA,231,97170,0.09717000000000002,#FFFFFF,255,255,255,brain,brain,organ,0,0,
AllenCCF-Annotation-2020-238,AllenCCF-Ontology-2017-8,AllenCCF-Ontology-2017-CATE,231,97170,0.09717000000000002,#BFDAE3,191,218,227,Basic cell groups and regions,grey,category,1,1,AllenCCF-Ontology-2017-997
AllenCCF-Annotation-2020-238,AllenCCF-Ontology-2017-771,AllenCCF-Ontology-2017-DIVI,231,97170,0.09717000000000002,#FF9B88,255,155,136,Pons,P,division,2,10,AllenCCF-Ontology-2017-8
AllenCCF-Annotation-2020-238,AllenCCF-Ontology-2017-238,AllenCCF-Ontology-2017-STRU,231,97170,0.09717000000000002,#FFC395,255,195,149,Nucleus raphe pontis,RPO,structure,3,261,AllenCCF-Ontology-2017-771
AllenCCF-Annotation-2020-350,AllenCCF-Ontology-2017-997,AllenCCF-Ontology-2017-ORGA,340,26734,0.026734000000000004,#FFFFFF,255,255,255,brain,brain,organ,0,0,
AllenCCF-Annotation-2020-350,AllenCCF-Ontology-2017-8,AllenCCF-Ontology-2017-CATE,340,26734,0.026734000000000004,#BFDAE3,191,218,227,Basic cell groups and regions,grey,category,1,1,AllenCCF-Ontology-2017-997
AllenCCF-Annotation-2020-350,AllenCCF-Ontology-2017-771,AllenCCF-Ontology-2017-DIVI,340,26734,0.026734000000000004,#FF9B88,255,155,136,Pons,P,division,2,10,AllenCCF-Ontology-2017-8
AllenCCF-Annotation-2020-350,AllenCCF-Ontology-2017-350,AllenCCF-Ontology-2017-STRU,340,26734,0.026734000000000004,#FFC395,255,195,149,Subceruleus nucleus,SLC,structure,3,262,AllenCCF-Ontology-2017-771
AllenCCF-Annotation-2020-358,AllenCCF-Ontology-2017-997,AllenCCF-Ontology-2017-ORGA,348,47212,0.04721200000000001,#FFFFFF,255,255,255,brain,brain,organ,0,0,
AllenCCF-Annotation-2020-358,AllenCCF-Ontology-2017-8,AllenCCF-Ontology-2017-CATE,348,47212,0.04721200000000001,#BFDAE3,191,218,227,Basic cell groups and regions,grey,category,1,1,AllenCCF-Ontology-2017-997
AllenCCF-Annotation-2020-358,AllenCCF-Ontology-2017-771,AllenCCF-Ontology-2017-DIVI,348,47212,0.04721200000000001,#FF9B88,255,155,136,Pons,P,division,2,10,AllenCCF-Ontology-2017-8
AllenCCF-Annotation-2020-358,AllenCCF-Ontology-2017-358,AllenCCF-Ontology-2017-STRU,348,47212,0.04721200000000001,#FFC395,255,195,149,Sublaterodorsal nucleus,SLD,structure,3,263,AllenCCF-Ontology-2017-771
AllenCCF-Annotation-2020-354,AllenCCF-Ontology-2017-997,AllenCCF-Ontology-2017-ORGA,344,5319496,5.319496000000001,#FFFFFF,255,255,255,brain,brain,organ,0,0,
AllenCCF-Annotation-2020-354,AllenCCF-Ontology-2017-8,AllenCCF-Ontology-2017-CATE,344,5319496,5.319496000000001,#BFDAE3,191,218,227,Basic cell groups and regions,grey,category,1,1,AllenCCF-Ontology-2017-997
AllenCCF-Annotation-2020-354,AllenCCF-Ontology-2017-354,AllenCCF-Ontology-2017-DIVI,344,5319496,5.319496000000001,#FF9BCD,255,155,205,Medulla,MY,division,2,11,AllenCCF-Ontology-2017-8
AllenCCF-Annotation-2020-207,AllenCCF-Ontology-2017-997,AllenCCF-Ontology-2017-ORGA,200,52784,0.05278400000000001,#FFFFFF,255,255,255,brain,brain,organ,0,0,
AllenCCF-Annotation-2020-207,AllenCCF-Ontology-2017-8,AllenCCF-Ontology-2017-CATE,200,52784,0.05278400000000001,#BFDAE3,191,218,227,Basic cell groups and regions,grey,category,1,1,AllenCCF-Ontology-2017-997
AllenCCF-Annotation-2020-207,AllenCCF-Ontology-2017-354,AllenCCF-Ontology-2017-DIVI,200,52784,0.05278400000000001,#FF9BCD,255,155,205,Medulla,MY,division,2,11,AllenCCF-Ontology-2017-8
AllenCCF-Annotation-2020-207,AllenCCF-Ontology-2017-207,AllenCCF-Ontology-2017-STRU,200,52784,0.05278400000000001,#FFA5D2,255,165,210,Area postrema,AP,structure,3,265,AllenCCF-Ontology-2017-354
AllenCCF-Annotation-2020-96,AllenCCF-Ontology-2017-997,AllenCCF-Ontology-2017-ORGA,91,612196,0.6121960000000001,#FFFFFF,255,255,255,brain,brain,organ,0,0,
AllenCCF-Annotation-2020-96,AllenCCF-Ontology-2017-8,AllenCCF-Ontology-2017-CATE,91,612196,0.6121960000000001,#BFDAE3,191,218,227,Basic cell groups and regions,grey,category,1,1,AllenCCF-Ontology-2017-997
AllenCCF-Annotation-2020-96,AllenCCF-Ontology-2017-354,AllenCCF-Ontology-2017-DIVI,91,612196,0.6121960000000001,#FF9BCD,255,155,205,Medulla,MY,division,2,11,AllenCCF-Ontology-2017-8
AllenCCF-Annotation-2020-96,AllenCCF-Ontology-2017-96,AllenCCF-Ontology-2017-STRU,91,612196,0.6121960000000001,#FFA5D2,255,165,210,Dorsal cochlear nucleus,DCO,structure,3,266,AllenCCF-Ontology-2017-354
AllenCCF-Annotation-2020-101,AllenCCF-Ontology-2017-997,AllenCCF-Ontology-2017-ORGA,96,1017086,1.0170860000000002,#FFFFFF,255,255,255,brain,brain,organ,0,0,
AllenCCF-Annotation-2020-101,AllenCCF-Ontology-2017-8,AllenCCF-Ontology-2017-CATE,96,1017086,1.0170860000000002,#BFDAE3,191,218,227,Basic cell groups and regions,grey,category,1,1,AllenCCF-Ontology-2017-997
AllenCCF-Annotation-2020-101,AllenCCF-Ontology-2017-354,AllenCCF-Ontology-2017-DIVI,96,1017086,1.0170860000000002,#FF9BCD,255,155,205,Medulla,MY,division,2,11,AllenCCF-Ontology-2017-8
AllenCCF-Annotation-2020-101,AllenCCF-Ontology-2017-101,AllenCCF-Ontology-2017-STRU,96,1017086,1.0170860000000002,#FFA5D2,255,165,210,Ventral cochlear nucleus,VCO,structure,3,267,AllenCCF-Ontology-2017-354
AllenCCF-Annotation-2020-711,AllenCCF-Ontology-2017-997,AllenCCF-Ontology-2017-ORGA,701,333124,0.33312400000000003,#FFFFFF,255,255,255,brain,brain,organ,0,0,
AllenCCF-Annotation-2020-711,AllenCCF-Ontology-2017-8,AllenCCF-Ontology-2017-CATE,701,333124,0.33312400000000003,#BFDAE3,191,218,227,Basic cell groups and regions,grey,category,1,1,AllenCCF-Ontology-2017-997
AllenCCF-Annotation-2020-711,AllenCCF-Ontology-2017-354,AllenCCF-Ontology-2017-DIVI,701,333124,0.33312400000000003,#FF9BCD,255,155,205,Medulla,MY,division,2,11,AllenCCF-Ontology-2017-8
AllenCCF-Annotation-2020-711,AllenCCF-Ontology-2017-711,AllenCCF-Ontology-2017-STRU,701,333124,0.33312400000000003,#FFA5D2,255,165,210,Cuneate nucleus,CU,structure,3,268,AllenCCF-Ontology-2017-354
AllenCCF-Annotation-2020-1039,AllenCCF-Ontology-2017-997,AllenCCF-Ontology-2017-ORGA,1028,81624,0.08162400000000002,#FFFFFF,255,255,255,brain,brain,organ,0,0,
AllenCCF-Annotation-2020-1039,AllenCCF-Ontology-2017-8,AllenCCF-Ontology-2017-CATE,1028,81624,0.08162400000000002,#BFDAE3,191,218,227,Basic cell groups and regions,grey,category,1,1,AllenCCF-Ontology-2017-997
AllenCCF-Annotation-2020-1039,AllenCCF-Ontology-2017-354,AllenCCF-Ontology-2017-DIVI,1028,81624,0.08162400000000002,#FF9BCD,255,155,205,Medulla,MY,division,2,11,AllenCCF-Ontology-2017-8
AllenCCF-Annotation-2020-1039,AllenCCF-Ontology-2017-1039,AllenCCF-Ontology-2017-STRU,1028,81624,0.08162400000000002,#FFA5D2,255,165,210,Gracile nucleus,GR,structure,3,269,AllenCCF-Ontology-2017-354
AllenCCF-Annotation-2020-903,AllenCCF-Ontology-2017-997,AllenCCF-Ontology-2017-ORGA,893,204724,0.20472400000000004,#FFFFFF,255,255,255,brain,brain,organ,0,0,
AllenCCF-Annotation-2020-903,AllenCCF-Ontology-2017-8,AllenCCF-Ontology-2017-CATE,893,204724,0.20472400000000004,#BFDAE3,191,218,227,Basic cell groups and regions,grey,category,1,1,AllenCCF-Ontology-2017-997
AllenCCF-Annotation-2020-903,AllenCCF-Ontology-2017-354,AllenCCF-Ontology-2017-DIVI,893,204724,0.20472400000000004,#FF9BCD,255,155,205,Medulla,MY,division,2,11,AllenCCF-Ontology-2017-8
AllenCCF-Annotation-2020-903,AllenCCF-Ontology-2017-903,AllenCCF-Ontology-2017-STRU,893,204724,0.20472400000000004,#FFA5D2,255,165,210,External cuneate nucleus,ECU,structure,3,270,AllenCCF-Ontology-2017-354
AllenCCF-Annotation-2020-642,AllenCCF-Ontology-2017-997,AllenCCF-Ontology-2017-ORGA,632,154456,0.15445600000000004,#FFFFFF,255,255,255,brain,brain,organ,0,0,
AllenCCF-Annotation-2020-642,AllenCCF-Ontology-2017-8,AllenCCF-Ontology-2017-CATE,632,154456,0.15445600000000004,#BFDAE3,191,218,227,Basic cell groups and regions,grey,category,1,1,AllenCCF-Ontology-2017-997
AllenCCF-Annotation-2020-642,AllenCCF-Ontology-2017-354,AllenCCF-Ontology-2017-DIVI,632,154456,0.15445600000000004,#FF9BCD,255,155,205,Medulla,MY,division,2,11,AllenCCF-Ontology-2017-8
AllenCCF-Annotation-2020-642,AllenCCF-Ontology-2017-642,AllenCCF-Ontology-2017-STRU,632,154456,0.15445600000000004,#FFA5D2,255,165,210,Nucleus of the trapezoid body,NTB,structure,3,271,AllenCCF-Ontology-2017-354
AllenCCF-Annotation-2020-651,AllenCCF-Ontology-2017-997,AllenCCF-Ontology-2017-ORGA,641,848828,0.8488280000000001,#FFFFFF,255,255,255,brain,brain,organ,0,0,
AllenCCF-Annotation-2020-651,AllenCCF-Ontology-2017-8,AllenCCF-Ontology-2017-CATE,641,848828,0.8488280000000001,#BFDAE3,191,218,227,Basic cell groups and regions,grey,category,1,1,AllenCCF-Ontology-2017-997
AllenCCF-Annotation-2020-651,AllenCCF-Ontology-2017-354,AllenCCF-Ontology-2017-DIVI,641,848828,0.8488280000000001,#FF9BCD,255,155,205,Medulla,MY,division,2,11,AllenCCF-Ontology-2017-8
AllenCCF-Annotation-2020-651,AllenCCF-Ontology-2017-651,AllenCCF-Ontology-2017-STRU,641,848828,0.8488280000000001,#FFA5D2,255,165,210,Nucleus of the solitary tract,NTS,structure,3,272,AllenCCF-Ontology-2017-354
AllenCCF-Annotation-2020-429,AllenCCF-Ontology-2017-997,AllenCCF-Ontology-2017-ORGA,419,1680902,1.6809020000000003,#FFFFFF,255,255,255,brain,brain,organ,0,0,
AllenCCF-Annotation-2020-429,AllenCCF-Ontology-2017-8,AllenCCF-Ontology-2017-CATE,419,1680902,1.6809020000000003,#BFDAE3,191,218,227,Basic cell groups and regions,grey,category,1,1,AllenCCF-Ontology-2017-997
AllenCCF-Annotation-2020-429,AllenCCF-Ontology-2017-354,AllenCCF-Ontology-2017-DIVI,419,1680902,1.6809020000000003,#FF9BCD,255,155,205,Medulla,MY,division,2,11,AllenCCF-Ontology-2017-8
AllenCCF-Annotation-2020-429,AllenCCF-Ontology-2017-429,AllenCCF-Ontology-2017-STRU,419,1680902,1.6809020000000003,#FFA5D2,255,165,210,"Spinal nucleus of the trigeminal, caudal part",SPVC,structure,3,273,AllenCCF-Ontology-2017-354
AllenCCF-Annotation-2020-437,AllenCCF-Ontology-2017-997,AllenCCF-Ontology-2017-ORGA,427,1848386,1.8483860000000003,#FFFFFF,255,255,255,brain,brain,organ,0,0,
AllenCCF-Annotation-2020-437,AllenCCF-Ontology-2017-8,AllenCCF-Ontology-2017-CATE,427,1848386,1.8483860000000003,#BFDAE3,191,218,227,Basic cell groups and regions,grey,category,1,1,AllenCCF-Ontology-2017-997
AllenCCF-Annotation-2020-437,AllenCCF-Ontology-2017-354,AllenCCF-Ontology-2017-DIVI,427,1848386,1.8483860000000003,#FF9BCD,255,155,205,Medulla,MY,division,2,11,AllenCCF-Ontology-2017-8
AllenCCF-Annotation-2020-437,AllenCCF-Ontology-2017-437,AllenCCF-Ontology-2017-STRU,427,1848386,1.8483860000000003,#FFA5D2,255,165,210,"Spinal nucleus of the trigeminal, interpolar part",SPVI,structure,3,274,AllenCCF-Ontology-2017-354
AllenCCF-Annotation-2020-445,AllenCCF-Ontology-2017-997,AllenCCF-Ontology-2017-ORGA,435,996370,0.9963700000000002,#FFFFFF,255,255,255,brain,brain,organ,0,0,
AllenCCF-Annotation-2020-445,AllenCCF-Ontology-2017-8,AllenCCF-Ontology-2017-CATE,435,996370,0.9963700000000002,#BFDAE3,191,218,227,Basic cell groups and regions,grey,category,1,1,AllenCCF-Ontology-2017-997
AllenCCF-Annotation-2020-445,AllenCCF-Ontology-2017-354,AllenCCF-Ontology-2017-DIVI,435,996370,0.9963700000000002,#FF9BCD,255,155,205,Medulla,MY,division,2,11,AllenCCF-Ontology-2017-8
AllenCCF-Annotation-2020-445,AllenCCF-Ontology-2017-445,AllenCCF-Ontology-2017-STRU,435,996370,0.9963700000000002,#FFA5D2,255,165,210,"Spinal nucleus of the trigeminal, oral part",SPVO,structure,3,275,AllenCCF-Ontology-2017-354
AllenCCF-Annotation-2020-589508451,AllenCCF-Ontology-2017-997,AllenCCF-Ontology-2017-ORGA,1309,102634,0.10263400000000002,#FFFFFF,255,255,255,brain,brain,organ,0,0,
AllenCCF-Annotation-2020-589508451,AllenCCF-Ontology-2017-8,AllenCCF-Ontology-2017-CATE,1309,102634,0.10263400000000002,#BFDAE3,191,218,227,Basic cell groups and regions,grey,category,1,1,AllenCCF-Ontology-2017-997
AllenCCF-Annotation-2020-589508451,AllenCCF-Ontology-2017-354,AllenCCF-Ontology-2017-DIVI,1309,102634,0.10263400000000002,#FF9BCD,255,155,205,Medulla,MY,division,2,11,AllenCCF-Ontology-2017-8
AllenCCF-Annotation-2020-589508451,AllenCCF-Ontology-2017-589508451,AllenCCF-Ontology-2017-STRU,1309,102634,0.10263400000000002,#FFA5D2,255,165,210,Paratrigeminal nucleus,Pa5,structure,3,276,AllenCCF-Ontology-2017-354
AllenCCF-Annotation-2020-653,AllenCCF-Ontology-2017-997,AllenCCF-Ontology-2017-ORGA,643,30332,0.030332000000000005,#FFFFFF,255,255,255,brain,brain,organ,0,0,
AllenCCF-Annotation-2020-653,AllenCCF-Ontology-2017-8,AllenCCF-Ontology-2017-CATE,643,30332,0.030332000000000005,#BFDAE3,191,218,227,Basic cell groups and regions,grey,category,1,1,AllenCCF-Ontology-2017-997
AllenCCF-Annotation-2020-653,AllenCCF-Ontology-2017-354,AllenCCF-Ontology-2017-DIVI,643,30332,0.030332000000000005,#FF9BCD,255,155,205,Medulla,MY,division,2,11,AllenCCF-Ontology-2017-8
AllenCCF-Annotation-2020-653,AllenCCF-Ontology-2017-653,AllenCCF-Ontology-2017-STRU,643,30332,0.030332000000000005,#FFB3D9,255,179,217,Abducens nucleus,VI,structure,3,277,AllenCCF-Ontology-2017-354
AllenCCF-Annotation-2020-661,AllenCCF-Ontology-2017-997,AllenCCF-Ontology-2017-ORGA,651,916898,0.9168980000000001,#FFFFFF,255,255,255,brain,brain,organ,0,0,
AllenCCF-Annotation-2020-661,AllenCCF-Ontology-2017-8,AllenCCF-Ontology-2017-CATE,651,916898,0.9168980000000001,#BFDAE3,191,218,227,Basic cell groups and regions,grey,category,1,1,AllenCCF-Ontology-2017-997
AllenCCF-Annotation-2020-661,AllenCCF-Ontology-2017-354,AllenCCF-Ontology-2017-DIVI,651,916898,0.9168980000000001,#FF9BCD,255,155,205,Medulla,MY,division,2,11,AllenCCF-Ontology-2017-8
AllenCCF-Annotation-2020-661,AllenCCF-Ontology-2017-661,AllenCCF-Ontology-2017-STRU,651,916898,0.9168980000000001,#FFB3D9,255,179,217,Facial motor nucleus,VII,structure,3,278,AllenCCF-Ontology-2017-354
AllenCCF-Annotation-2020-576,AllenCCF-Ontology-2017-997,AllenCCF-Ontology-2017-ORGA,566,5628,0.005628000000000001,#FFFFFF,255,255,255,brain,brain,organ,0,0,
AllenCCF-Annotation-2020-576,AllenCCF-Ontology-2017-8,AllenCCF-Ontology-2017-CATE,566,5628,0.005628000000000001,#BFDAE3,191,218,227,Basic cell groups and regions,grey,category,1,1,AllenCCF-Ontology-2017-997
AllenCCF-Annotation-2020-576,AllenCCF-Ontology-2017-354,AllenCCF-Ontology-2017-DIVI,566,5628,0.005628000000000001,#FF9BCD,255,155,205,Medulla,MY,division,2,11,AllenCCF-Ontology-2017-8
AllenCCF-Annotation-2020-576,AllenCCF-Ontology-2017-576,AllenCCF-Ontology-2017-STRU,566,5628,0.005628000000000001,#FFB3D9,255,179,217,Accessory facial motor nucleus,ACVII,structure,3,279,AllenCCF-Ontology-2017-354
AllenCCF-Annotation-2020-939,AllenCCF-Ontology-2017-997,AllenCCF-Ontology-2017-ORGA,929,21208,0.021208000000000005,#FFFFFF,255,255,255,brain,brain,organ,0,0,
AllenCCF-Annotation-2020-939,AllenCCF-Ontology-2017-8,AllenCCF-Ontology-2017-CATE,929,21208,0.021208000000000005,#BFDAE3,191,218,227,Basic cell groups and regions,grey,category,1,1,AllenCCF-Ontology-2017-997
AllenCCF-Annotation-2020-939,AllenCCF-Ontology-2017-354,AllenCCF-Ontology-2017-DIVI,929,21208,0.021208000000000005,#FF9BCD,255,155,205,Medulla,MY,division,2,11,AllenCCF-Ontology-2017-8
AllenCCF-Annotation-2020-939,AllenCCF-Ontology-2017-135,AllenCCF-Ontology-2017-STRU,929,21208,0.021208000000000005,#FFB3D9,255,179,217,Nucleus ambiguus,AMB,structure,3,280,AllenCCF-Ontology-2017-354
AllenCCF-Annotation-2020-939,AllenCCF-Ontology-2017-939,AllenCCF-Ontology-2017-SUBS,929,21208,0.021208000000000005,#FFB3D9,255,179,217,"Nucleus ambiguus, dorsal division",AMBd,substructure,4,673,AllenCCF-Ontology-2017-135
AllenCCF-Annotation-2020-143,AllenCCF-Ontology-2017-997,AllenCCF-Ontology-2017-ORGA,138,21880,0.021880000000000004,#FFFFFF,255,255,255,brain,brain,organ,0,0,
AllenCCF-Annotation-2020-143,AllenCCF-Ontology-2017-8,AllenCCF-Ontology-2017-CATE,138,21880,0.021880000000000004,#BFDAE3,191,218,227,Basic cell groups and regions,grey,category,1,1,AllenCCF-Ontology-2017-997
AllenCCF-Annotation-2020-143,AllenCCF-Ontology-2017-354,AllenCCF-Ontology-2017-DIVI,138,21880,0.021880000000000004,#FF9BCD,255,155,205,Medulla,MY,division,2,11,AllenCCF-Ontology-2017-8
AllenCCF-Annotation-2020-143,AllenCCF-Ontology-2017-135,AllenCCF-Ontology-2017-STRU,138,21880,0.021880000000000004,#FFB3D9,255,179,217,Nucleus ambiguus,AMB,structure,3,280,AllenCCF-Ontology-2017-354
AllenCCF-Annotation-2020-143,AllenCCF-Ontology-2017-143,AllenCCF-Ontology-2017-SUBS,138,21880,0.021880000000000004,#FFB3D9,255,179,217,"Nucleus ambiguus, ventral division",AMBv,substructure,4,674,AllenCCF-Ontology-2017-135
AllenCCF-Annotation-2020-839,AllenCCF-Ontology-2017-997,AllenCCF-Ontology-2017-ORGA,829,174194,0.17419400000000002,#FFFFFF,255,255,255,brain,brain,organ,0,0,
AllenCCF-Annotation-2020-839,AllenCCF-Ontology-2017-8,AllenCCF-Ontology-2017-CATE,829,174194,0.17419400000000002,#BFDAE3,191,218,227,Basic cell groups and regions,grey,category,1,1,AllenCCF-Ontology-2017-997
AllenCCF-Annotation-2020-839,AllenCCF-Ontology-2017-354,AllenCCF-Ontology-2017-DIVI,829,174194,0.17419400000000002,#FF9BCD,255,155,205,Medulla,MY,division,2,11,AllenCCF-Ontology-2017-8
AllenCCF-Annotation-2020-839,AllenCCF-Ontology-2017-839,AllenCCF-Ontology-2017-STRU,829,174194,0.17419400000000002,#FFB3D9,255,179,217,Dorsal motor nucleus of the vagus nerve,DMX,structure,3,281,AllenCCF-Ontology-2017-354
AllenCCF-Annotation-2020-1048,AllenCCF-Ontology-2017-997,AllenCCF-Ontology-2017-ORGA,1037,2623754,2.6237540000000004,#FFFFFF,255,255,255,brain,brain,organ,0,0,
AllenCCF-Annotation-2020-1048,AllenCCF-Ontology-2017-8,AllenCCF-Ontology-2017-CATE,1037,2623754,2.6237540000000004,#BFDAE3,191,218,227,Basic cell groups and regions,grey,category,1,1,AllenCCF-Ontology-2017-997
AllenCCF-Annotation-2020-1048,AllenCCF-Ontology-2017-354,AllenCCF-Ontology-2017-DIVI,1037,2623754,2.6237540000000004,#FF9BCD,255,155,205,Medulla,MY,division,2,11,AllenCCF-Ontology-2017-8
AllenCCF-Annotation-2020-1048,AllenCCF-Ontology-2017-1048,AllenCCF-Ontology-2017-STRU,1037,2623754,2.6237540000000004,#FFB3D9,255,179,217,Gigantocellular reticular nucleus,GRN,structure,3,282,AllenCCF-Ontology-2017-354
AllenCCF-Annotation-2020-372,AllenCCF-Ontology-2017-997,AllenCCF-Ontology-2017-ORGA,362,53468,0.05346800000000001,#FFFFFF,255,255,255,brain,brain,organ,0,0,
AllenCCF-Annotation-2020-372,AllenCCF-Ontology-2017-8,AllenCCF-Ontology-2017-CATE,362,53468,0.05346800000000001,#BFDAE3,191,218,227,Basic cell groups and regions,grey,category,1,1,AllenCCF-Ontology-2017-997
AllenCCF-Annotation-2020-372,AllenCCF-Ontology-2017-354,AllenCCF-Ontology-2017-DIVI,362,53468,0.05346800000000001,#FF9BCD,255,155,205,Medulla,MY,division,2,11,AllenCCF-Ontology-2017-8
AllenCCF-Annotation-2020-372,AllenCCF-Ontology-2017-372,AllenCCF-Ontology-2017-STRU,362,53468,0.05346800000000001,#FFB3D9,255,179,217,Infracerebellar nucleus,ICB,structure,3,283,AllenCCF-Ontology-2017-354
AllenCCF-Annotation-2020-83,AllenCCF-Ontology-2017-997,AllenCCF-Ontology-2017-ORGA,78,511758,0.511758,#FFFFFF,255,255,255,brain,brain,organ,0,0,
AllenCCF-Annotation-2020-83,AllenCCF-Ontology-2017-8,AllenCCF-Ontology-2017-CATE,78,511758,0.511758,#BFDAE3,191,218,227,Basic cell groups and regions,grey,category,1,1,AllenCCF-Ontology-2017-997
AllenCCF-Annotation-2020-83,AllenCCF-Ontology-2017-354,AllenCCF-Ontology-2017-DIVI,78,511758,0.511758,#FF9BCD,255,155,205,Medulla,MY,division,2,11,AllenCCF-Ontology-2017-8
AllenCCF-Annotation-2020-83,AllenCCF-Ontology-2017-83,AllenCCF-Ontology-2017-STRU,78,511758,0.511758,#FFB3D9,255,179,217,Inferior olivary complex,IO,structure,3,284,AllenCCF-Ontology-2017-354
AllenCCF-Annotation-2020-136,AllenCCF-Ontology-2017-997,AllenCCF-Ontology-2017-ORGA,131,2777478,2.7774780000000003,#FFFFFF,255,255,255,brain,brain,organ,0,0,
AllenCCF-Annotation-2020-136,AllenCCF-Ontology-2017-8,AllenCCF-Ontology-2017-CATE,131,2777478,2.7774780000000003,#BFDAE3,191,218,227,Basic cell groups and regions,grey,category,1,1,AllenCCF-Ontology-2017-997
AllenCCF-Annotation-2020-136,AllenCCF-Ontology-2017-354,AllenCCF-Ontology-2017-DIVI,131,2777478,2.7774780000000003,#FF9BCD,255,155,205,Medulla,MY,division,2,11,AllenCCF-Ontology-2017-8
AllenCCF-Annotation-2020-136,AllenCCF-Ontology-2017-136,AllenCCF-Ontology-2017-STRU,131,2777478,2.7774780000000003,#FFB3D9,255,179,217,Intermediate reticular nucleus,IRN,structure,3,285,AllenCCF-Ontology-2017-354
AllenCCF-Annotation-2020-106,AllenCCF-Ontology-2017-997,AllenCCF-Ontology-2017-ORGA,101,7224,0.007224000000000001,#FFFFFF,255,255,255,brain,brain,organ,0,0,
AllenCCF-Annotation-2020-106,AllenCCF-Ontology-2017-8,AllenCCF-Ontology-2017-CATE,101,7224,0.007224000000000001,#BFDAE3,191,218,227,Basic cell groups and regions,grey,category,1,1,AllenCCF-Ontology-2017-997
AllenCCF-Annotation-2020-106,AllenCCF-Ontology-2017-354,AllenCCF-Ontology-2017-DIVI,101,7224,0.007224000000000001,#FF9BCD,255,155,205,Medulla,MY,division,2,11,AllenCCF-Ontology-2017-8
AllenCCF-Annotation-2020-106,AllenCCF-Ontology-2017-106,AllenCCF-Ontology-2017-STRU,101,7224,0.007224000000000001,#FFB3D9,255,179,217,Inferior salivatory nucleus,ISN,structure,3,286,AllenCCF-Ontology-2017-354
AllenCCF-Annotation-2020-203,AllenCCF-Ontology-2017-997,AllenCCF-Ontology-2017-ORGA,196,61296,0.06129600000000001,#FFFFFF,255,255,255,brain,brain,organ,0,0,
AllenCCF-Annotation-2020-203,AllenCCF-Ontology-2017-8,AllenCCF-Ontology-2017-CATE,196,61296,0.06129600000000001,#BFDAE3,191,218,227,Basic cell groups and regions,grey,category,1,1,AllenCCF-Ontology-2017-997
AllenCCF-Annotation-2020-203,AllenCCF-Ontology-2017-354,AllenCCF-Ontology-2017-DIVI,196,61296,0.06129600000000001,#FF9BCD,255,155,205,Medulla,MY,division,2,11,AllenCCF-Ontology-2017-8
AllenCCF-Annotation-2020-203,AllenCCF-Ontology-2017-203,AllenCCF-Ontology-2017-STRU,196,61296,0.06129600000000001,#FFB3D9,255,179,217,Linear nucleus of the medulla,LIN,structure,3,287,AllenCCF-Ontology-2017-354
AllenCCF-Annotation-2020-955,AllenCCF-Ontology-2017-997,AllenCCF-Ontology-2017-ORGA,945,512858,0.512858,#FFFFFF,255,255,255,brain,brain,organ,0,0,
AllenCCF-Annotation-2020-955,AllenCCF-Ontology-2017-8,AllenCCF-Ontology-2017-CATE,945,512858,0.512858,#BFDAE3,191,218,227,Basic cell groups and regions,grey,category,1,1,AllenCCF-Ontology-2017-997
AllenCCF-Annotation-2020-955,AllenCCF-Ontology-2017-354,AllenCCF-Ontology-2017-DIVI,945,512858,0.512858,#FF9BCD,255,155,205,Medulla,MY,division,2,11,AllenCCF-Ontology-2017-8
AllenCCF-Annotation-2020-955,AllenCCF-Ontology-2017-235,AllenCCF-Ontology-2017-STRU,945,512858,0.512858,#FFB3D9,255,179,217,Lateral reticular nucleus,LRN,structure,3,288,AllenCCF-Ontology-2017-354
AllenCCF-Annotation-2020-955,AllenCCF-Ontology-2017-955,AllenCCF-Ontology-2017-SUBS,945,512858,0.512858,#FFB3D9,255,179,217,"Lateral reticular nucleus, magnocellular part",LRNm,substructure,4,682,AllenCCF-Ontology-2017-235
AllenCCF-Annotation-2020-963,AllenCCF-Ontology-2017-997,AllenCCF-Ontology-2017-ORGA,953,56876,0.05687600000000001,#FFFFFF,255,255,255,brain,brain,organ,0,0,
AllenCCF-Annotation-2020-963,AllenCCF-Ontology-2017-8,AllenCCF-Ontology-2017-CATE,953,56876,0.05687600000000001,#BFDAE3,191,218,227,Basic cell groups and regions,grey,category,1,1,AllenCCF-Ontology-2017-997
AllenCCF-Annotation-2020-963,AllenCCF-Ontology-2017-354,AllenCCF-Ontology-2017-DIVI,953,56876,0.05687600000000001,#FF9BCD,255,155,205,Medulla,MY,division,2,11,AllenCCF-Ontology-2017-8
AllenCCF-Annotation-2020-963,AllenCCF-Ontology-2017-235,AllenCCF-Ontology-2017-STRU,953,56876,0.05687600000000001,#FFB3D9,255,179,217,Lateral reticular nucleus,LRN,structure,3,288,AllenCCF-Ontology-2017-354
AllenCCF-Annotation-2020-963,AllenCCF-Ontology-2017-963,AllenCCF-Ontology-2017-SUBS,953,56876,0.05687600000000001,#FFB3D9,255,179,217,"Lateral reticular nucleus, parvicellular part",LRNp,substructure,4,683,AllenCCF-Ontology-2017-235
AllenCCF-Annotation-2020-307,AllenCCF-Ontology-2017-997,AllenCCF-Ontology-2017-ORGA,297,533332,0.5333320000000001,#FFFFFF,255,255,255,brain,brain,organ,0,0,
AllenCCF-Annotation-2020-307,AllenCCF-Ontology-2017-8,AllenCCF-Ontology-2017-CATE,297,533332,0.5333320000000001,#BFDAE3,191,218,227,Basic cell groups and regions,grey,category,1,1,AllenCCF-Ontology-2017-997
AllenCCF-Annotation-2020-307,AllenCCF-Ontology-2017-354,AllenCCF-Ontology-2017-DIVI,297,533332,0.5333320000000001,#FF9BCD,255,155,205,Medulla,MY,division,2,11,AllenCCF-Ontology-2017-8
AllenCCF-Annotation-2020-307,AllenCCF-Ontology-2017-307,AllenCCF-Ontology-2017-STRU,297,533332,0.5333320000000001,#FFB3D9,255,179,217,Magnocellular reticular nucleus,MARN,structure,3,289,AllenCCF-Ontology-2017-354
AllenCCF-Annotation-2020-1098,AllenCCF-Ontology-2017-997,AllenCCF-Ontology-2017-ORGA,1087,1105164,1.1051640000000003,#FFFFFF,255,255,255,brain,brain,organ,0,0,
AllenCCF-Annotation-2020-1098,AllenCCF-Ontology-2017-8,AllenCCF-Ontology-2017-CATE,1087,1105164,1.1051640000000003,#BFDAE3,191,218,227,Basic cell groups and regions,grey,category,1,1,AllenCCF-Ontology-2017-997
AllenCCF-Annotation-2020-1098,AllenCCF-Ontology-2017-354,AllenCCF-Ontology-2017-DIVI,1087,1105164,1.1051640000000003,#FF9BCD,255,155,205,Medulla,MY,division,2,11,AllenCCF-Ontology-2017-8
AllenCCF-Annotation-2020-1098,AllenCCF-Ontology-2017-395,AllenCCF-Ontology-2017-STRU,1087,1105164,1.1051640000000003,#FFB3D9,255,179,217,Medullary reticular nucleus,MDRN,structure,3,290,AllenCCF-Ontology-2017-354
AllenCCF-Annotation-2020-1098,AllenCCF-Ontology-2017-1098,AllenCCF-Ontology-2017-SUBS,1087,1105164,1.1051640000000003,#FFB3D9,255,179,217,"Medullary reticular nucleus, dorsal part",MDRNd,substructure,4,685,AllenCCF-Ontology-2017-395
AllenCCF-Annotation-2020-1107,AllenCCF-Ontology-2017-997,AllenCCF-Ontology-2017-ORGA,1096,931130,0.9311300000000001,#FFFFFF,255,255,255,brain,brain,organ,0,0,
AllenCCF-Annotation-2020-1107,AllenCCF-Ontology-2017-8,AllenCCF-Ontology-2017-CATE,1096,931130,0.9311300000000001,#BFDAE3,191,218,227,Basic cell groups and regions,grey,category,1,1,AllenCCF-Ontology-2017-997
AllenCCF-Annotation-2020-1107,AllenCCF-Ontology-2017-354,AllenCCF-Ontology-2017-DIVI,1096,931130,0.9311300000000001,#FF9BCD,255,155,205,Medulla,MY,division,2,11,AllenCCF-Ontology-2017-8
AllenCCF-Annotation-2020-1107,AllenCCF-Ontology-2017-395,AllenCCF-Ontology-2017-STRU,1096,931130,0.9311300000000001,#FFB3D9,255,179,217,Medullary reticular nucleus,MDRN,structure,3,290,AllenCCF-Ontology-2017-354
AllenCCF-Annotation-2020-1107,AllenCCF-Ontology-2017-1107,AllenCCF-Ontology-2017-SUBS,1096,931130,0.9311300000000001,#FFB3D9,255,179,217,"Medullary reticular nucleus, ventral part",MDRNv,substructure,4,686,AllenCCF-Ontology-2017-395
AllenCCF-Annotation-2020-852,AllenCCF-Ontology-2017-997,AllenCCF-Ontology-2017-ORGA,842,2230614,2.2306140000000005,#FFFFFF,255,255,255,brain,brain,organ,0,0,
AllenCCF-Annotation-2020-852,AllenCCF-Ontology-2017-8,AllenCCF-Ontology-2017-CATE,842,2230614,2.2306140000000005,#BFDAE3,191,218,227,Basic cell groups and regions,grey,category,1,1,AllenCCF-Ontology-2017-997
AllenCCF-Annotation-2020-852,AllenCCF-Ontology-2017-354,AllenCCF-Ontology-2017-DIVI,842,2230614,2.2306140000000005,#FF9BCD,255,155,205,Medulla,MY,division,2,11,AllenCCF-Ontology-2017-8
AllenCCF-Annotation-2020-852,AllenCCF-Ontology-2017-852,AllenCCF-Ontology-2017-STRU,842,2230614,2.2306140000000005,#FFB3D9,255,179,217,Parvicellular reticular nucleus,PARN,structure,3,291,AllenCCF-Ontology-2017-354
AllenCCF-Annotation-2020-859,AllenCCF-Ontology-2017-997,AllenCCF-Ontology-2017-ORGA,849,27908,0.027908000000000006,#FFFFFF,255,255,255,brain,brain,organ,0,0,
AllenCCF-Annotation-2020-859,AllenCCF-Ontology-2017-8,AllenCCF-Ontology-2017-CATE,849,27908,0.027908000000000006,#BFDAE3,191,218,227,Basic cell groups and regions,grey,category,1,1,AllenCCF-Ontology-2017-997
AllenCCF-Annotation-2020-859,AllenCCF-Ontology-2017-354,AllenCCF-Ontology-2017-DIVI,849,27908,0.027908000000000006,#FF9BCD,255,155,205,Medulla,MY,division,2,11,AllenCCF-Ontology-2017-8
AllenCCF-Annotation-2020-859,AllenCCF-Ontology-2017-859,AllenCCF-Ontology-2017-STRU,849,27908,0.027908000000000006,#FFB3D9,255,179,217,Parasolitary nucleus,PAS,structure,3,292,AllenCCF-Ontology-2017-354
AllenCCF-Annotation-2020-970,AllenCCF-Ontology-2017-997,AllenCCF-Ontology-2017-ORGA,960,239308,0.23930800000000005,#FFFFFF,255,255,255,brain,brain,organ,0,0,
AllenCCF-Annotation-2020-970,AllenCCF-Ontology-2017-8,AllenCCF-Ontology-2017-CATE,960,239308,0.23930800000000005,#BFDAE3,191,218,227,Basic cell groups and regions,grey,category,1,1,AllenCCF-Ontology-2017-997
AllenCCF-Annotation-2020-970,AllenCCF-Ontology-2017-354,AllenCCF-Ontology-2017-DIVI,960,239308,0.23930800000000005,#FF9BCD,255,155,205,Medulla,MY,division,2,11,AllenCCF-Ontology-2017-8
AllenCCF-Annotation-2020-970,AllenCCF-Ontology-2017-970,AllenCCF-Ontology-2017-STRU,960,239308,0.23930800000000005,#FFB3D9,255,179,217,"Paragigantocellular reticular nucleus, dorsal part",PGRNd,structure,3,293,AllenCCF-Ontology-2017-354
AllenCCF-Annotation-2020-978,AllenCCF-Ontology-2017-997,AllenCCF-Ontology-2017-ORGA,968,707694,0.7076940000000002,#FFFFFF,255,255,255,brain,brain,organ,0,0,
AllenCCF-Annotation-2020-978,AllenCCF-Ontology-2017-8,AllenCCF-Ontology-2017-CATE,968,707694,0.7076940000000002,#BFDAE3,191,218,227,Basic cell groups and regions,grey,category,1,1,AllenCCF-Ontology-2017-997
AllenCCF-Annotation-2020-978,AllenCCF-Ontology-2017-354,AllenCCF-Ontology-2017-DIVI,968,707694,0.7076940000000002,#FF9BCD,255,155,205,Medulla,MY,division,2,11,AllenCCF-Ontology-2017-8
AllenCCF-Annotation-2020-978,AllenCCF-Ontology-2017-978,AllenCCF-Ontology-2017-STRU,968,707694,0.7076940000000002,#FFB3D9,255,179,217,"Paragigantocellular reticular nucleus, lateral part",PGRNl,structure,3,294,AllenCCF-Ontology-2017-354
AllenCCF-Annotation-2020-177,AllenCCF-Ontology-2017-997,AllenCCF-Ontology-2017-ORGA,170,29992,0.029992000000000005,#FFFFFF,255,255,255,brain,brain,organ,0,0,
AllenCCF-Annotation-2020-177,AllenCCF-Ontology-2017-8,AllenCCF-Ontology-2017-CATE,170,29992,0.029992000000000005,#BFDAE3,191,218,227,Basic cell groups and regions,grey,category,1,1,AllenCCF-Ontology-2017-997
AllenCCF-Annotation-2020-177,AllenCCF-Ontology-2017-354,AllenCCF-Ontology-2017-DIVI,170,29992,0.029992000000000005,#FF9BCD,255,155,205,Medulla,MY,division,2,11,AllenCCF-Ontology-2017-8
AllenCCF-Annotation-2020-177,AllenCCF-Ontology-2017-177,AllenCCF-Ontology-2017-STRU,170,29992,0.029992000000000005,#FFB3D9,255,179,217,Nucleus of Roller,NR,structure,3,295,AllenCCF-Ontology-2017-354
AllenCCF-Annotation-2020-169,AllenCCF-Ontology-2017-997,AllenCCF-Ontology-2017-ORGA,164,244038,0.24403800000000003,#FFFFFF,255,255,255,brain,brain,organ,0,0,
AllenCCF-Annotation-2020-169,AllenCCF-Ontology-2017-8,AllenCCF-Ontology-2017-CATE,164,244038,0.24403800000000003,#BFDAE3,191,218,227,Basic cell groups and regions,grey,category,1,1,AllenCCF-Ontology-2017-997
AllenCCF-Annotation-2020-169,AllenCCF-Ontology-2017-354,AllenCCF-Ontology-2017-DIVI,164,244038,0.24403800000000003,#FF9BCD,255,155,205,Medulla,MY,division,2,11,AllenCCF-Ontology-2017-8
AllenCCF-Annotation-2020-169,AllenCCF-Ontology-2017-169,AllenCCF-Ontology-2017-STRU,164,244038,0.24403800000000003,#FFB3D9,255,179,217,Nucleus prepositus,PRP,structure,3,296,AllenCCF-Ontology-2017-354
AllenCCF-Annotation-2020-1069,AllenCCF-Ontology-2017-997,AllenCCF-Ontology-2017-ORGA,1058,94476,0.09447600000000002,#FFFFFF,255,255,255,brain,brain,organ,0,0,
AllenCCF-Annotation-2020-1069,AllenCCF-Ontology-2017-8,AllenCCF-Ontology-2017-CATE,1058,94476,0.09447600000000002,#BFDAE3,191,218,227,Basic cell groups and regions,grey,category,1,1,AllenCCF-Ontology-2017-997
AllenCCF-Annotation-2020-1069,AllenCCF-Ontology-2017-354,AllenCCF-Ontology-2017-DIVI,1058,94476,0.09447600000000002,#FF9BCD,255,155,205,Medulla,MY,division,2,11,AllenCCF-Ontology-2017-8
AllenCCF-Annotation-2020-1069,AllenCCF-Ontology-2017-1069,AllenCCF-Ontology-2017-STRU,1058,94476,0.09447600000000002,#FFB3D9,255,179,217,Parapyramidal nucleus,PPY,structure,3,297,AllenCCF-Ontology-2017-354
AllenCCF-Annotation-2020-209,AllenCCF-Ontology-2017-997,AllenCCF-Ontology-2017-ORGA,202,287566,0.28756600000000004,#FFFFFF,255,255,255,brain,brain,organ,0,0,
AllenCCF-Annotation-2020-209,AllenCCF-Ontology-2017-8,AllenCCF-Ontology-2017-CATE,202,287566,0.28756600000000004,#BFDAE3,191,218,227,Basic cell groups and regions,grey,category,1,1,AllenCCF-Ontology-2017-997
AllenCCF-Annotation-2020-209,AllenCCF-Ontology-2017-354,AllenCCF-Ontology-2017-DIVI,202,287566,0.28756600000000004,#FF9BCD,255,155,205,Medulla,MY,division,2,11,AllenCCF-Ontology-2017-8
AllenCCF-Annotation-2020-209,AllenCCF-Ontology-2017-209,AllenCCF-Ontology-2017-STRU,202,287566,0.28756600000000004,#FFB3D9,255,179,217,Lateral vestibular nucleus,LAV,structure,3,298,AllenCCF-Ontology-2017-354
AllenCCF-Annotation-2020-202,AllenCCF-Ontology-2017-997,AllenCCF-Ontology-2017-ORGA,195,1817140,1.8171400000000002,#FFFFFF,255,255,255,brain,brain,organ,0,0,
AllenCCF-Annotation-2020-202,AllenCCF-Ontology-2017-8,AllenCCF-Ontology-2017-CATE,195,1817140,1.8171400000000002,#BFDAE3,191,218,227,Basic cell groups and regions,grey,category,1,1,AllenCCF-Ontology-2017-997
AllenCCF-Annotation-2020-202,AllenCCF-Ontology-2017-354,AllenCCF-Ontology-2017-DIVI,195,1817140,1.8171400000000002,#FF9BCD,255,155,205,Medulla,MY,division,2,11,AllenCCF-Ontology-2017-8
AllenCCF-Annotation-2020-202,AllenCCF-Ontology-2017-202,AllenCCF-Ontology-2017-STRU,195,1817140,1.8171400000000002,#FFB3D9,255,179,217,Medial vestibular nucleus,MV,structure,3,299,AllenCCF-Ontology-2017-354
AllenCCF-Annotation-2020-225,AllenCCF-Ontology-2017-997,AllenCCF-Ontology-2017-ORGA,218,749066,0.7490660000000001,#FFFFFF,255,255,255,brain,brain,organ,0,0,
AllenCCF-Annotation-2020-225,AllenCCF-Ontology-2017-8,AllenCCF-Ontology-2017-CATE,218,749066,0.7490660000000001,#BFDAE3,191,218,227,Basic cell groups and regions,grey,category,1,1,AllenCCF-Ontology-2017-997
AllenCCF-Annotation-2020-225,AllenCCF-Ontology-2017-354,AllenCCF-Ontology-2017-DIVI,218,749066,0.7490660000000001,#FF9BCD,255,155,205,Medulla,MY,division,2,11,AllenCCF-Ontology-2017-8
AllenCCF-Annotation-2020-225,AllenCCF-Ontology-2017-225,AllenCCF-Ontology-2017-STRU,218,749066,0.7490660000000001,#FFB3D9,255,179,217,Spinal vestibular nucleus,SPIV,structure,3,300,AllenCCF-Ontology-2017-354
AllenCCF-Annotation-2020-217,AllenCCF-Ontology-2017-997,AllenCCF-Ontology-2017-ORGA,210,353694,0.35369400000000006,#FFFFFF,255,255,255,brain,brain,organ,0,0,
AllenCCF-Annotation-2020-217,AllenCCF-Ontology-2017-8,AllenCCF-Ontology-2017-CATE,210,353694,0.35369400000000006,#BFDAE3,191,218,227,Basic cell groups and regions,grey,category,1,1,AllenCCF-Ontology-2017-997
AllenCCF-Annotation-2020-217,AllenCCF-Ontology-2017-354,AllenCCF-Ontology-2017-DIVI,210,353694,0.35369400000000006,#FF9BCD,255,155,205,Medulla,MY,division,2,11,AllenCCF-Ontology-2017-8
AllenCCF-Annotation-2020-217,AllenCCF-Ontology-2017-217,AllenCCF-Ontology-2017-STRU,210,353694,0.35369400000000006,#FFB3D9,255,179,217,Superior vestibular nucleus,SUV,structure,3,301,AllenCCF-Ontology-2017-354
AllenCCF-Annotation-2020-765,AllenCCF-Ontology-2017-997,AllenCCF-Ontology-2017-ORGA,755,57052,0.05705200000000001,#FFFFFF,255,255,255,brain,brain,organ,0,0,
AllenCCF-Annotation-2020-765,AllenCCF-Ontology-2017-8,AllenCCF-Ontology-2017-CATE,755,57052,0.05705200000000001,#BFDAE3,191,218,227,Basic cell groups and regions,grey,category,1,1,AllenCCF-Ontology-2017-997
AllenCCF-Annotation-2020-765,AllenCCF-Ontology-2017-354,AllenCCF-Ontology-2017-DIVI,755,57052,0.05705200000000001,#FF9BCD,255,155,205,Medulla,MY,division,2,11,AllenCCF-Ontology-2017-8
AllenCCF-Annotation-2020-765,AllenCCF-Ontology-2017-765,AllenCCF-Ontology-2017-STRU,755,57052,0.05705200000000001,#FFB3D9,255,179,217,Nucleus x,x,structure,3,302,AllenCCF-Ontology-2017-354
AllenCCF-Annotation-2020-773,AllenCCF-Ontology-2017-997,AllenCCF-Ontology-2017-ORGA,763,282642,0.28264200000000006,#FFFFFF,255,255,255,brain,brain,organ,0,0,
AllenCCF-Annotation-2020-773,AllenCCF-Ontology-2017-8,AllenCCF-Ontology-2017-CATE,763,282642,0.28264200000000006,#BFDAE3,191,218,227,Basic cell groups and regions,grey,category,1,1,AllenCCF-Ontology-2017-997
AllenCCF-Annotation-2020-773,AllenCCF-Ontology-2017-354,AllenCCF-Ontology-2017-DIVI,763,282642,0.28264200000000006,#FF9BCD,255,155,205,Medulla,MY,division,2,11,AllenCCF-Ontology-2017-8
AllenCCF-Annotation-2020-773,AllenCCF-Ontology-2017-773,AllenCCF-Ontology-2017-STRU,763,282642,0.28264200000000006,#FFB3D9,255,179,217,Hypoglossal nucleus,XII,structure,3,303,AllenCCF-Ontology-2017-354
AllenCCF-Annotation-2020-781,AllenCCF-Ontology-2017-997,AllenCCF-Ontology-2017-ORGA,771,23476,0.023476000000000004,#FFFFFF,255,255,255,brain,brain,organ,0,0,
AllenCCF-Annotation-2020-781,AllenCCF-Ontology-2017-8,AllenCCF-Ontology-2017-CATE,771,23476,0.023476000000000004,#BFDAE3,191,218,227,Basic cell groups and regions,grey,category,1,1,AllenCCF-Ontology-2017-997
AllenCCF-Annotation-2020-781,AllenCCF-Ontology-2017-354,AllenCCF-Ontology-2017-DIVI,771,23476,0.023476000000000004,#FF9BCD,255,155,205,Medulla,MY,division,2,11,AllenCCF-Ontology-2017-8
AllenCCF-Annotation-2020-781,AllenCCF-Ontology-2017-781,AllenCCF-Ontology-2017-STRU,771,23476,0.023476000000000004,#FFB3D9,255,179,217,Nucleus y,y,structure,3,304,AllenCCF-Ontology-2017-354
AllenCCF-Annotation-2020-206,AllenCCF-Ontology-2017-997,AllenCCF-Ontology-2017-ORGA,199,116932,0.11693200000000002,#FFFFFF,255,255,255,brain,brain,organ,0,0,
AllenCCF-Annotation-2020-206,AllenCCF-Ontology-2017-8,AllenCCF-Ontology-2017-CATE,199,116932,0.11693200000000002,#BFDAE3,191,218,227,Basic cell groups and regions,grey,category,1,1,AllenCCF-Ontology-2017-997
AllenCCF-Annotation-2020-206,AllenCCF-Ontology-2017-354,AllenCCF-Ontology-2017-DIVI,199,116932,0.11693200000000002,#FF9BCD,255,155,205,Medulla,MY,division,2,11,AllenCCF-Ontology-2017-8
AllenCCF-Annotation-2020-206,AllenCCF-Ontology-2017-206,AllenCCF-Ontology-2017-STRU,199,116932,0.11693200000000002,#FFC6E2,255,198,226,Nucleus raphe magnus,RM,structure,3,305,AllenCCF-Ontology-2017-354
AllenCCF-Annotation-2020-230,AllenCCF-Ontology-2017-997,AllenCCF-Ontology-2017-ORGA,223,66614,0.066614,#FFFFFF,255,255,255,brain,brain,organ,0,0,
AllenCCF-Annotation-2020-230,AllenCCF-Ontology-2017-8,AllenCCF-Ontology-2017-CATE,223,66614,0.066614,#BFDAE3,191,218,227,Basic cell groups and regions,grey,category,1,1,AllenCCF-Ontology-2017-997
AllenCCF-Annotation-2020-230,AllenCCF-Ontology-2017-354,AllenCCF-Ontology-2017-DIVI,223,66614,0.066614,#FF9BCD,255,155,205,Medulla,MY,division,2,11,AllenCCF-Ontology-2017-8
AllenCCF-Annotation-2020-230,AllenCCF-Ontology-2017-230,AllenCCF-Ontology-2017-STRU,223,66614,0.066614,#FFC6E2,255,198,226,Nucleus raphe pallidus,RPA,structure,3,306,AllenCCF-Ontology-2017-354
AllenCCF-Annotation-2020-222,AllenCCF-Ontology-2017-997,AllenCCF-Ontology-2017-ORGA,215,39990,0.039990000000000005,#FFFFFF,255,255,255,brain,brain,organ,0,0,
AllenCCF-Annotation-2020-222,AllenCCF-Ontology-2017-8,AllenCCF-Ontology-2017-CATE,215,39990,0.039990000000000005,#BFDAE3,191,218,227,Basic cell groups and regions,grey,category,1,1,AllenCCF-Ontology-2017-997
AllenCCF-Annotation-2020-222,AllenCCF-Ontology-2017-354,AllenCCF-Ontology-2017-DIVI,215,39990,0.039990000000000005,#FF9BCD,255,155,205,Medulla,MY,division,2,11,AllenCCF-Ontology-2017-8
AllenCCF-Annotation-2020-222,AllenCCF-Ontology-2017-222,AllenCCF-Ontology-2017-STRU,215,39990,0.039990000000000005,#FFC6E2,255,198,226,Nucleus raphe obscurus,RO,structure,3,307,AllenCCF-Ontology-2017-354
AllenCCF-Annotation-2020-512,AllenCCF-Ontology-2017-997,AllenCCF-Ontology-2017-ORGA,502,829262,0.8292620000000002,#FFFFFF,255,255,255,brain,brain,organ,0,0,
AllenCCF-Annotation-2020-512,AllenCCF-Ontology-2017-8,AllenCCF-Ontology-2017-CATE,502,829262,0.8292620000000002,#BFDAE3,191,218,227,Basic cell groups and regions,grey,category,1,1,AllenCCF-Ontology-2017-997
AllenCCF-Annotation-2020-512,AllenCCF-Ontology-2017-512,AllenCCF-Ontology-2017-DIVI,502,829262,0.8292620000000002,#F0F080,240,240,128,Cerebellum,CB,division,2,12,AllenCCF-Ontology-2017-8
AllenCCF-Annotation-2020-912,AllenCCF-Ontology-2017-997,AllenCCF-Ontology-2017-ORGA,902,121628,0.12162800000000001,#FFFFFF,255,255,255,brain,brain,organ,0,0,
AllenCCF-Annotation-2020-912,AllenCCF-Ontology-2017-8,AllenCCF-Ontology-2017-CATE,902,121628,0.12162800000000001,#BFDAE3,191,218,227,Basic cell groups and regions,grey,category,1,1,AllenCCF-Ontology-2017-997
AllenCCF-Annotation-2020-912,AllenCCF-Ontology-2017-512,AllenCCF-Ontology-2017-DIVI,902,121628,0.12162800000000001,#F0F080,240,240,128,Cerebellum,CB,division,2,12,AllenCCF-Ontology-2017-8
AllenCCF-Annotation-2020-912,AllenCCF-Ontology-2017-912,AllenCCF-Ontology-2017-STRU,902,121628,0.12162800000000001,#FFFC91,255,252,145,Lingula (I),LING,structure,3,309,AllenCCF-Ontology-2017-512
AllenCCF-Annotation-2020-976,AllenCCF-Ontology-2017-997,AllenCCF-Ontology-2017-ORGA,966,1335660,1.3356600000000003,#FFFFFF,255,255,255,brain,brain,organ,0,0,
AllenCCF-Annotation-2020-976,AllenCCF-Ontology-2017-8,AllenCCF-Ontology-2017-CATE,966,1335660,1.3356600000000003,#BFDAE3,191,218,227,Basic cell groups and regions,grey,category,1,1,AllenCCF-Ontology-2017-997
AllenCCF-Annotation-2020-976,AllenCCF-Ontology-2017-512,AllenCCF-Ontology-2017-DIVI,966,1335660,1.3356600000000003,#F0F080,240,240,128,Cerebellum,CB,division,2,12,AllenCCF-Ontology-2017-8
AllenCCF-Annotation-2020-976,AllenCCF-Ontology-2017-920,AllenCCF-Ontology-2017-STRU,966,1335660,1.3356600000000003,#FFFC91,255,252,145,Central lobule,CENT,structure,3,310,AllenCCF-Ontology-2017-512
AllenCCF-Annotation-2020-976,AllenCCF-Ontology-2017-976,AllenCCF-Ontology-2017-SUBS,966,1335660,1.3356600000000003,#FFFC91,255,252,145,Lobule II,CENT2,substructure,4,711,AllenCCF-Ontology-2017-920
AllenCCF-Annotation-2020-984,AllenCCF-Ontology-2017-997,AllenCCF-Ontology-2017-ORGA,974,2743760,2.7437600000000004,#FFFFFF,255,255,255,brain,brain,organ,0,0,
AllenCCF-Annotation-2020-984,AllenCCF-Ontology-2017-8,AllenCCF-Ontology-2017-CATE,974,2743760,2.7437600000000004,#BFDAE3,191,218,227,Basic cell groups and regions,grey,category,1,1,AllenCCF-Ontology-2017-997
AllenCCF-Annotation-2020-984,AllenCCF-Ontology-2017-512,AllenCCF-Ontology-2017-DIVI,974,2743760,2.7437600000000004,#F0F080,240,240,128,Cerebellum,CB,division,2,12,AllenCCF-Ontology-2017-8
AllenCCF-Annotation-2020-984,AllenCCF-Ontology-2017-920,AllenCCF-Ontology-2017-STRU,974,2743760,2.7437600000000004,#FFFC91,255,252,145,Central lobule,CENT,structure,3,310,AllenCCF-Ontology-2017-512
AllenCCF-Annotation-2020-984,AllenCCF-Ontology-2017-984,AllenCCF-Ontology-2017-SUBS,974,2743760,2.7437600000000004,#FFFC91,255,252,145,Lobule III,CENT3,substructure,4,712,AllenCCF-Ontology-2017-920
AllenCCF-Annotation-2020-1091,AllenCCF-Ontology-2017-997,AllenCCF-Ontology-2017-ORGA,1080,6725776,6.7257760000000015,#FFFFFF,255,255,255,brain,brain,organ,0,0,
AllenCCF-Annotation-2020-1091,AllenCCF-Ontology-2017-8,AllenCCF-Ontology-2017-CATE,1080,6725776,6.7257760000000015,#BFDAE3,191,218,227,Basic cell groups and regions,grey,category,1,1,AllenCCF-Ontology-2017-997
AllenCCF-Annotation-2020-1091,AllenCCF-Ontology-2017-512,AllenCCF-Ontology-2017-DIVI,1080,6725776,6.7257760000000015,#F0F080,240,240,128,Cerebellum,CB,division,2,12,AllenCCF-Ontology-2017-8
AllenCCF-Annotation-2020-1091,AllenCCF-Ontology-2017-928,AllenCCF-Ontology-2017-STRU,1080,6725776,6.7257760000000015,#FFFC91,255,252,145,Culmen,CUL,structure,3,311,AllenCCF-Ontology-2017-512
AllenCCF-Annotation-2020-1091,AllenCCF-Ontology-2017-1091,AllenCCF-Ontology-2017-SUBS,1080,6725776,6.7257760000000015,#FFFC91,255,252,145,Lobules IV-V,"CUL4, 5",substructure,4,715,AllenCCF-Ontology-2017-928
AllenCCF-Annotation-2020-936,AllenCCF-Ontology-2017-997,AllenCCF-Ontology-2017-ORGA,926,3334748,3.3347480000000007,#FFFFFF,255,255,255,brain,brain,organ,0,0,
AllenCCF-Annotation-2020-936,AllenCCF-Ontology-2017-8,AllenCCF-Ontology-2017-CATE,926,3334748,3.3347480000000007,#BFDAE3,191,218,227,Basic cell groups and regions,grey,category,1,1,AllenCCF-Ontology-2017-997
AllenCCF-Annotation-2020-936,AllenCCF-Ontology-2017-512,AllenCCF-Ontology-2017-DIVI,926,3334748,3.3347480000000007,#F0F080,240,240,128,Cerebellum,CB,division,2,12,AllenCCF-Ontology-2017-8
AllenCCF-Annotation-2020-936,AllenCCF-Ontology-2017-936,AllenCCF-Ontology-2017-STRU,926,3334748,3.3347480000000007,#FFFC91,255,252,145,Declive (VI),DEC,structure,3,312,AllenCCF-Ontology-2017-512
AllenCCF-Annotation-2020-944,AllenCCF-Ontology-2017-997,AllenCCF-Ontology-2017-ORGA,934,1053398,1.0533980000000003,#FFFFFF,255,255,255,brain,brain,organ,0,0,
AllenCCF-Annotation-2020-944,AllenCCF-Ontology-2017-8,AllenCCF-Ontology-2017-CATE,934,1053398,1.0533980000000003,#BFDAE3,191,218,227,Basic cell groups and regions,grey,category,1,1,AllenCCF-Ontology-2017-997
AllenCCF-Annotation-2020-944,AllenCCF-Ontology-2017-512,AllenCCF-Ontology-2017-DIVI,934,1053398,1.0533980000000003,#F0F080,240,240,128,Cerebellum,CB,division,2,12,AllenCCF-Ontology-2017-8
AllenCCF-Annotation-2020-944,AllenCCF-Ontology-2017-944,AllenCCF-Ontology-2017-STRU,934,1053398,1.0533980000000003,#FFFC91,255,252,145,Folium-tuber vermis (VII),FOTU,structure,3,313,AllenCCF-Ontology-2017-512
AllenCCF-Annotation-2020-951,AllenCCF-Ontology-2017-997,AllenCCF-Ontology-2017-ORGA,941,1248018,1.2480180000000003,#FFFFFF,255,255,255,brain,brain,organ,0,0,
AllenCCF-Annotation-2020-951,AllenCCF-Ontology-2017-8,AllenCCF-Ontology-2017-CATE,941,1248018,1.2480180000000003,#BFDAE3,191,218,227,Basic cell groups and regions,grey,category,1,1,AllenCCF-Ontology-2017-997
AllenCCF-Annotation-2020-951,AllenCCF-Ontology-2017-512,AllenCCF-Ontology-2017-DIVI,941,1248018,1.2480180000000003,#F0F080,240,240,128,Cerebellum,CB,division,2,12,AllenCCF-Ontology-2017-8
AllenCCF-Annotation-2020-951,AllenCCF-Ontology-2017-951,AllenCCF-Ontology-2017-STRU,941,1248018,1.2480180000000003,#FFFC91,255,252,145,Pyramus (VIII),PYR,structure,3,314,AllenCCF-Ontology-2017-512
AllenCCF-Annotation-2020-957,AllenCCF-Ontology-2017-997,AllenCCF-Ontology-2017-ORGA,947,2191534,2.1915340000000003,#FFFFFF,255,255,255,brain,brain,organ,0,0,
AllenCCF-Annotation-2020-957,AllenCCF-Ontology-2017-8,AllenCCF-Ontology-2017-CATE,947,2191534,2.1915340000000003,#BFDAE3,191,218,227,Basic cell groups and regions,grey,category,1,1,AllenCCF-Ontology-2017-997
AllenCCF-Annotation-2020-957,AllenCCF-Ontology-2017-512,AllenCCF-Ontology-2017-DIVI,947,2191534,2.1915340000000003,#F0F080,240,240,128,Cerebellum,CB,division,2,12,AllenCCF-Ontology-2017-8
AllenCCF-Annotation-2020-957,AllenCCF-Ontology-2017-957,AllenCCF-Ontology-2017-STRU,947,2191534,2.1915340000000003,#FFFC91,255,252,145,Uvula (IX),UVU,structure,3,315,AllenCCF-Ontology-2017-512
AllenCCF-Annotation-2020-968,AllenCCF-Ontology-2017-997,AllenCCF-Ontology-2017-ORGA,958,1519098,1.5190980000000003,#FFFFFF,255,255,255,brain,brain,organ,0,0,
AllenCCF-Annotation-2020-968,AllenCCF-Ontology-2017-8,AllenCCF-Ontology-2017-CATE,958,1519098,1.5190980000000003,#BFDAE3,191,218,227,Basic cell groups and regions,grey,category,1,1,AllenCCF-Ontology-2017-997
AllenCCF-Annotation-2020-968,AllenCCF-Ontology-2017-512,AllenCCF-Ontology-2017-DIVI,958,1519098,1.5190980000000003,#F0F080,240,240,128,Cerebellum,CB,division,2,12,AllenCCF-Ontology-2017-8
AllenCCF-Annotation-2020-968,AllenCCF-Ontology-2017-968,AllenCCF-Ontology-2017-STRU,958,1519098,1.5190980000000003,#FFFC91,255,252,145,Nodulus (X),NOD,structure,3,316,AllenCCF-Ontology-2017-512
AllenCCF-Annotation-2020-1007,AllenCCF-Ontology-2017-997,AllenCCF-Ontology-2017-ORGA,997,5696048,5.696048000000001,#FFFFFF,255,255,255,brain,brain,organ,0,0,
AllenCCF-Annotation-2020-1007,AllenCCF-Ontology-2017-8,AllenCCF-Ontology-2017-CATE,997,5696048,5.696048000000001,#BFDAE3,191,218,227,Basic cell groups and regions,grey,category,1,1,AllenCCF-Ontology-2017-997
AllenCCF-Annotation-2020-1007,AllenCCF-Ontology-2017-512,AllenCCF-Ontology-2017-DIVI,997,5696048,5.696048000000001,#F0F080,240,240,128,Cerebellum,CB,division,2,12,AllenCCF-Ontology-2017-8
AllenCCF-Annotation-2020-1007,AllenCCF-Ontology-2017-1007,AllenCCF-Ontology-2017-STRU,997,5696048,5.696048000000001,#FFFC91,255,252,145,Simple lobule,SIM,structure,3,317,AllenCCF-Ontology-2017-512
AllenCCF-Annotation-2020-1056,AllenCCF-Ontology-2017-997,AllenCCF-Ontology-2017-ORGA,1045,5693780,5.693780000000001,#FFFFFF,255,255,255,brain,brain,organ,0,0,
AllenCCF-Annotation-2020-1056,AllenCCF-Ontology-2017-8,AllenCCF-Ontology-2017-CATE,1045,5693780,5.693780000000001,#BFDAE3,191,218,227,Basic cell groups and regions,grey,category,1,1,AllenCCF-Ontology-2017-997
AllenCCF-Annotation-2020-1056,AllenCCF-Ontology-2017-512,AllenCCF-Ontology-2017-DIVI,1045,5693780,5.693780000000001,#F0F080,240,240,128,Cerebellum,CB,division,2,12,AllenCCF-Ontology-2017-8
AllenCCF-Annotation-2020-1056,AllenCCF-Ontology-2017-1017,AllenCCF-Ontology-2017-STRU,1045,5693780,5.693780000000001,#FFFC91,255,252,145,Ansiform lobule,AN,structure,3,318,AllenCCF-Ontology-2017-512
AllenCCF-Annotation-2020-1056,AllenCCF-Ontology-2017-1056,AllenCCF-Ontology-2017-SUBS,1045,5693780,5.693780000000001,#FFFC91,255,252,145,Crus 1,ANcr1,substructure,4,740,AllenCCF-Ontology-2017-1017
AllenCCF-Annotation-2020-1064,AllenCCF-Ontology-2017-997,AllenCCF-Ontology-2017-ORGA,1053,5111852,5.111852000000001,#FFFFFF,255,255,255,brain,brain,organ,0,0,
AllenCCF-Annotation-2020-1064,AllenCCF-Ontology-2017-8,AllenCCF-Ontology-2017-CATE,1053,5111852,5.111852000000001,#BFDAE3,191,218,227,Basic cell groups and regions,grey,category,1,1,AllenCCF-Ontology-2017-997
AllenCCF-Annotation-2020-1064,AllenCCF-Ontology-2017-512,AllenCCF-Ontology-2017-DIVI,1053,5111852,5.111852000000001,#F0F080,240,240,128,Cerebellum,CB,division,2,12,AllenCCF-Ontology-2017-8
AllenCCF-Annotation-2020-1064,AllenCCF-Ontology-2017-1017,AllenCCF-Ontology-2017-STRU,1053,5111852,5.111852000000001,#FFFC91,255,252,145,Ansiform lobule,AN,structure,3,318,AllenCCF-Ontology-2017-512
AllenCCF-Annotation-2020-1064,AllenCCF-Ontology-2017-1064,AllenCCF-Ontology-2017-SUBS,1053,5111852,5.111852000000001,#FFFC91,255,252,145,Crus 2,ANcr2,substructure,4,741,AllenCCF-Ontology-2017-1017
AllenCCF-Annotation-2020-1025,AllenCCF-Ontology-2017-997,AllenCCF-Ontology-2017-ORGA,1014,4883222,4.883222000000001,#FFFFFF,255,255,255,brain,brain,organ,0,0,
AllenCCF-Annotation-2020-1025,AllenCCF-Ontology-2017-8,AllenCCF-Ontology-2017-CATE,1014,4883222,4.883222000000001,#BFDAE3,191,218,227,Basic cell groups and regions,grey,category,1,1,AllenCCF-Ontology-2017-997
AllenCCF-Annotation-2020-1025,AllenCCF-Ontology-2017-512,AllenCCF-Ontology-2017-DIVI,1014,4883222,4.883222000000001,#F0F080,240,240,128,Cerebellum,CB,division,2,12,AllenCCF-Ontology-2017-8
AllenCCF-Annotation-2020-1025,AllenCCF-Ontology-2017-1025,AllenCCF-Ontology-2017-STRU,1014,4883222,4.883222000000001,#FFFC91,255,252,145,Paramedian lobule,PRM,structure,3,319,AllenCCF-Ontology-2017-512
AllenCCF-Annotation-2020-1033,AllenCCF-Ontology-2017-997,AllenCCF-Ontology-2017-ORGA,1022,2506160,2.5061600000000004,#FFFFFF,255,255,255,brain,brain,organ,0,0,
AllenCCF-Annotation-2020-1033,AllenCCF-Ontology-2017-8,AllenCCF-Ontology-2017-CATE,1022,2506160,2.5061600000000004,#BFDAE3,191,218,227,Basic cell groups and regions,grey,category,1,1,AllenCCF-Ontology-2017-997
AllenCCF-Annotation-2020-1033,AllenCCF-Ontology-2017-512,AllenCCF-Ontology-2017-DIVI,1022,2506160,2.5061600000000004,#F0F080,240,240,128,Cerebellum,CB,division,2,12,AllenCCF-Ontology-2017-8
AllenCCF-Annotation-2020-1033,AllenCCF-Ontology-2017-1033,AllenCCF-Ontology-2017-STRU,1022,2506160,2.5061600000000004,#FFFC91,255,252,145,Copula pyramidis,COPY,structure,3,320,AllenCCF-Ontology-2017-512
AllenCCF-Annotation-2020-1041,AllenCCF-Ontology-2017-997,AllenCCF-Ontology-2017-ORGA,1030,5729140,5.729140000000001,#FFFFFF,255,255,255,brain,brain,organ,0,0,
AllenCCF-Annotation-2020-1041,AllenCCF-Ontology-2017-8,AllenCCF-Ontology-2017-CATE,1030,5729140,5.729140000000001,#BFDAE3,191,218,227,Basic cell groups and regions,grey,category,1,1,AllenCCF-Ontology-2017-997
AllenCCF-Annotation-2020-1041,AllenCCF-Ontology-2017-512,AllenCCF-Ontology-2017-DIVI,1030,5729140,5.729140000000001,#F0F080,240,240,128,Cerebellum,CB,division,2,12,AllenCCF-Ontology-2017-8
AllenCCF-Annotation-2020-1041,AllenCCF-Ontology-2017-1041,AllenCCF-Ontology-2017-STRU,1030,5729140,5.729140000000001,#FFFC91,255,252,145,Paraflocculus,PFL,structure,3,321,AllenCCF-Ontology-2017-512
AllenCCF-Annotation-2020-1049,AllenCCF-Ontology-2017-997,AllenCCF-Ontology-2017-ORGA,1038,1337266,1.3372660000000003,#FFFFFF,255,255,255,brain,brain,organ,0,0,
AllenCCF-Annotation-2020-1049,AllenCCF-Ontology-2017-8,AllenCCF-Ontology-2017-CATE,1038,1337266,1.3372660000000003,#BFDAE3,191,218,227,Basic cell groups and regions,grey,category,1,1,AllenCCF-Ontology-2017-997
AllenCCF-Annotation-2020-1049,AllenCCF-Ontology-2017-512,AllenCCF-Ontology-2017-DIVI,1038,1337266,1.3372660000000003,#F0F080,240,240,128,Cerebellum,CB,division,2,12,AllenCCF-Ontology-2017-8
AllenCCF-Annotation-2020-1049,AllenCCF-Ontology-2017-1049,AllenCCF-Ontology-2017-STRU,1038,1337266,1.3372660000000003,#FFFC91,255,252,145,Flocculus,FL,structure,3,322,AllenCCF-Ontology-2017-512
AllenCCF-Annotation-2020-989,AllenCCF-Ontology-2017-997,AllenCCF-Ontology-2017-ORGA,979,502036,0.502036,#FFFFFF,255,255,255,brain,brain,organ,0,0,
AllenCCF-Annotation-2020-989,AllenCCF-Ontology-2017-8,AllenCCF-Ontology-2017-CATE,979,502036,0.502036,#BFDAE3,191,218,227,Basic cell groups and regions,grey,category,1,1,AllenCCF-Ontology-2017-997
AllenCCF-Annotation-2020-989,AllenCCF-Ontology-2017-512,AllenCCF-Ontology-2017-DIVI,979,502036,0.502036,#F0F080,240,240,128,Cerebellum,CB,division,2,12,AllenCCF-Ontology-2017-8
AllenCCF-Annotation-2020-989,AllenCCF-Ontology-2017-989,AllenCCF-Ontology-2017-STRU,979,502036,0.502036,#FFFDBC,255,253,188,Fastigial nucleus,FN,structure,3,323,AllenCCF-Ontology-2017-512
AllenCCF-Annotation-2020-91,AllenCCF-Ontology-2017-997,AllenCCF-Ontology-2017-ORGA,86,859874,0.8598740000000001,#FFFFFF,255,255,255,brain,brain,organ,0,0,
AllenCCF-Annotation-2020-91,AllenCCF-Ontology-2017-8,AllenCCF-Ontology-2017-CATE,86,859874,0.8598740000000001,#BFDAE3,191,218,227,Basic cell groups and regions,grey,category,1,1,AllenCCF-Ontology-2017-997
AllenCCF-Annotation-2020-91,AllenCCF-Ontology-2017-512,AllenCCF-Ontology-2017-DIVI,86,859874,0.8598740000000001,#F0F080,240,240,128,Cerebellum,CB,division,2,12,AllenCCF-Ontology-2017-8
AllenCCF-Annotation-2020-91,AllenCCF-Ontology-2017-91,AllenCCF-Ontology-2017-STRU,86,859874,0.8598740000000001,#FFFDBC,255,253,188,Interposed nucleus,IP,structure,3,324,AllenCCF-Ontology-2017-512
AllenCCF-Annotation-2020-846,AllenCCF-Ontology-2017-997,AllenCCF-Ontology-2017-ORGA,836,334984,0.33498400000000006,#FFFFFF,255,255,255,brain,brain,organ,0,0,
AllenCCF-Annotation-2020-846,AllenCCF-Ontology-2017-8,AllenCCF-Ontology-2017-CATE,836,334984,0.33498400000000006,#BFDAE3,191,218,227,Basic cell groups and regions,grey,category,1,1,AllenCCF-Ontology-2017-997
AllenCCF-Annotation-2020-846,AllenCCF-Ontology-2017-512,AllenCCF-Ontology-2017-DIVI,836,334984,0.33498400000000006,#F0F080,240,240,128,Cerebellum,CB,division,2,12,AllenCCF-Ontology-2017-8
AllenCCF-Annotation-2020-846,AllenCCF-Ontology-2017-846,AllenCCF-Ontology-2017-STRU,836,334984,0.33498400000000006,#FFFDBC,255,253,188,Dentate nucleus,DN,structure,3,325,AllenCCF-Ontology-2017-512
AllenCCF-Annotation-2020-589508455,AllenCCF-Ontology-2017-997,AllenCCF-Ontology-2017-ORGA,1310,85146,0.08514600000000001,#FFFFFF,255,255,255,brain,brain,organ,0,0,
AllenCCF-Annotation-2020-589508455,AllenCCF-Ontology-2017-8,AllenCCF-Ontology-2017-CATE,1310,85146,0.08514600000000001,#BFDAE3,191,218,227,Basic cell groups and regions,grey,category,1,1,AllenCCF-Ontology-2017-997
AllenCCF-Annotation-2020-589508455,AllenCCF-Ontology-2017-512,AllenCCF-Ontology-2017-DIVI,1310,85146,0.08514600000000001,#F0F080,240,240,128,Cerebellum,CB,division,2,12,AllenCCF-Ontology-2017-8
AllenCCF-Annotation-2020-589508455,AllenCCF-Ontology-2017-589508455,AllenCCF-Ontology-2017-STRU,1310,85146,0.08514600000000001,#FFFDBC,255,253,188,Vestibulocerebellar nucleus,VeCB,structure,3,326,AllenCCF-Ontology-2017-512
AllenCCF-Annotation-2020-1009,AllenCCF-Ontology-2017-997,AllenCCF-Ontology-2017-ORGA,999,1550592,1.5505920000000002,#FFFFFF,255,255,255,brain,brain,organ,0,0,
AllenCCF-Annotation-2020-1009,AllenCCF-Ontology-2017-1009,AllenCCF-Ontology-2017-CATE,999,1550592,1.5505920000000002,#CCCCCC,204,204,204,fiber tracts,fiber tracts,category,1,2,AllenCCF-Ontology-2017-997
AllenCCF-Annotation-2020-949,AllenCCF-Ontology-2017-997,AllenCCF-Ontology-2017-ORGA,939,13428,0.013428000000000002,#FFFFFF,255,255,255,brain,brain,organ,0,0,
AllenCCF-Annotation-2020-949,AllenCCF-Ontology-2017-1009,AllenCCF-Ontology-2017-CATE,939,13428,0.013428000000000002,#CCCCCC,204,204,204,fiber tracts,fiber tracts,category,1,2,AllenCCF-Ontology-2017-997
AllenCCF-Annotation-2020-949,AllenCCF-Ontology-2017-967,AllenCCF-Ontology-2017-DIVI,939,13428,0.013428000000000002,#CCCCCC,204,204,204,cranial nerves,cm,division,2,14,AllenCCF-Ontology-2017-1009
AllenCCF-Annotation-2020-949,AllenCCF-Ontology-2017-949,AllenCCF-Ontology-2017-STRU,939,13428,0.013428000000000002,#CCCCCC,204,204,204,vomeronasal nerve,von,structure,3,329,AllenCCF-Ontology-2017-967
AllenCCF-Annotation-2020-1016,AllenCCF-Ontology-2017-997,AllenCCF-Ontology-2017-ORGA,1005,4151772,4.151772000000001,#FFFFFF,255,255,255,brain,brain,organ,0,0,
AllenCCF-Annotation-2020-1016,AllenCCF-Ontology-2017-1009,AllenCCF-Ontology-2017-CATE,1005,4151772,4.151772000000001,#CCCCCC,204,204,204,fiber tracts,fiber tracts,category,1,2,AllenCCF-Ontology-2017-997
AllenCCF-Annotation-2020-1016,AllenCCF-Ontology-2017-967,AllenCCF-Ontology-2017-DIVI,1005,4151772,4.151772000000001,#CCCCCC,204,204,204,cranial nerves,cm,division,2,14,AllenCCF-Ontology-2017-1009
AllenCCF-Annotation-2020-1016,AllenCCF-Ontology-2017-840,AllenCCF-Ontology-2017-STRU,1005,4151772,4.151772000000001,#CCCCCC,204,204,204,olfactory nerve,In,structure,3,330,AllenCCF-Ontology-2017-967
AllenCCF-Annotation-2020-1016,AllenCCF-Ontology-2017-1016,AllenCCF-Ontology-2017-SUBS,1005,4151772,4.151772000000001,#CCCCCC,204,204,204,olfactory nerve layer of main olfactory bulb,onl,substructure,4,764,AllenCCF-Ontology-2017-840
AllenCCF-Annotation-2020-665,AllenCCF-Ontology-2017-997,AllenCCF-Ontology-2017-ORGA,655,880258,0.8802580000000001,#FFFFFF,255,255,255,brain,brain,organ,0,0,
AllenCCF-Annotation-2020-665,AllenCCF-Ontology-2017-1009,AllenCCF-Ontology-2017-CATE,655,880258,0.8802580000000001,#CCCCCC,204,204,204,fiber tracts,fiber tracts,category,1,2,AllenCCF-Ontology-2017-997
AllenCCF-Annotation-2020-665,AllenCCF-Ontology-2017-967,AllenCCF-Ontology-2017-DIVI,655,880258,0.8802580000000001,#CCCCCC,204,204,204,cranial nerves,cm,division,2,14,AllenCCF-Ontology-2017-1009
AllenCCF-Annotation-2020-665,AllenCCF-Ontology-2017-840,AllenCCF-Ontology-2017-STRU,655,880258,0.8802580000000001,#CCCCCC,204,204,204,olfactory nerve,In,structure,3,330,AllenCCF-Ontology-2017-967
AllenCCF-Annotation-2020-665,AllenCCF-Ontology-2017-665,AllenCCF-Ontology-2017-SUBS,655,880258,0.8802580000000001,#CCCCCC,204,204,204,"lateral olfactory tract, body",lot,substructure,4,765,AllenCCF-Ontology-2017-840
AllenCCF-Annotation-2020-538,AllenCCF-Ontology-2017-997,AllenCCF-Ontology-2017-ORGA,528,127790,0.12779000000000001,#FFFFFF,255,255,255,brain,brain,organ,0,0,
AllenCCF-Annotation-2020-538,AllenCCF-Ontology-2017-1009,AllenCCF-Ontology-2017-CATE,528,127790,0.12779000000000001,#CCCCCC,204,204,204,fiber tracts,fiber tracts,category,1,2,AllenCCF-Ontology-2017-997
AllenCCF-Annotation-2020-538,AllenCCF-Ontology-2017-967,AllenCCF-Ontology-2017-DIVI,528,127790,0.12779000000000001,#CCCCCC,204,204,204,cranial nerves,cm,division,2,14,AllenCCF-Ontology-2017-1009
AllenCCF-Annotation-2020-538,AllenCCF-Ontology-2017-840,AllenCCF-Ontology-2017-STRU,528,127790,0.12779000000000001,#CCCCCC,204,204,204,olfactory nerve,In,structure,3,330,AllenCCF-Ontology-2017-967
AllenCCF-Annotation-2020-538,AllenCCF-Ontology-2017-538,AllenCCF-Ontology-2017-SUBS,528,127790,0.12779000000000001,#CCCCCC,204,204,204,dorsal limb,lotd,substructure,4,766,AllenCCF-Ontology-2017-840
AllenCCF-Annotation-2020-900,AllenCCF-Ontology-2017-997,AllenCCF-Ontology-2017-ORGA,890,740774,0.7407740000000002,#FFFFFF,255,255,255,brain,brain,organ,0,0,
AllenCCF-Annotation-2020-900,AllenCCF-Ontology-2017-1009,AllenCCF-Ontology-2017-CATE,890,740774,0.7407740000000002,#CCCCCC,204,204,204,fiber tracts,fiber tracts,category,1,2,AllenCCF-Ontology-2017-997
AllenCCF-Annotation-2020-900,AllenCCF-Ontology-2017-967,AllenCCF-Ontology-2017-DIVI,890,740774,0.7407740000000002,#CCCCCC,204,204,204,cranial nerves,cm,division,2,14,AllenCCF-Ontology-2017-1009
AllenCCF-Annotation-2020-900,AllenCCF-Ontology-2017-840,AllenCCF-Ontology-2017-STRU,890,740774,0.7407740000000002,#CCCCCC,204,204,204,olfactory nerve,In,structure,3,330,AllenCCF-Ontology-2017-967
AllenCCF-Annotation-2020-900,AllenCCF-Ontology-2017-900,AllenCCF-Ontology-2017-SUBS,890,740774,0.7407740000000002,#CCCCCC,204,204,204,"anterior commissure, olfactory limb",aco,substructure,4,767,AllenCCF-Ontology-2017-840
AllenCCF-Annotation-2020-848,AllenCCF-Ontology-2017-997,AllenCCF-Ontology-2017-ORGA,838,70278,0.07027800000000001,#FFFFFF,255,255,255,brain,brain,organ,0,0,
AllenCCF-Annotation-2020-848,AllenCCF-Ontology-2017-1009,AllenCCF-Ontology-2017-CATE,838,70278,0.07027800000000001,#CCCCCC,204,204,204,fiber tracts,fiber tracts,category,1,2,AllenCCF-Ontology-2017-997
AllenCCF-Annotation-2020-848,AllenCCF-Ontology-2017-967,AllenCCF-Ontology-2017-DIVI,838,70278,0.07027800000000001,#CCCCCC,204,204,204,cranial nerves,cm,division,2,14,AllenCCF-Ontology-2017-1009
AllenCCF-Annotation-2020-848,AllenCCF-Ontology-2017-848,AllenCCF-Ontology-2017-STRU,838,70278,0.07027800000000001,#CCCCCC,204,204,204,optic nerve,IIn,structure,3,331,AllenCCF-Ontology-2017-967
AllenCCF-Annotation-2020-916,AllenCCF-Ontology-2017-997,AllenCCF-Ontology-2017-ORGA,906,200776,0.20077600000000004,#FFFFFF,255,255,255,brain,brain,organ,0,0,
AllenCCF-Annotation-2020-916,AllenCCF-Ontology-2017-1009,AllenCCF-Ontology-2017-CATE,906,200776,0.20077600000000004,#CCCCCC,204,204,204,fiber tracts,fiber tracts,category,1,2,AllenCCF-Ontology-2017-997
AllenCCF-Annotation-2020-916,AllenCCF-Ontology-2017-967,AllenCCF-Ontology-2017-DIVI,906,200776,0.20077600000000004,#CCCCCC,204,204,204,cranial nerves,cm,division,2,14,AllenCCF-Ontology-2017-1009
AllenCCF-Annotation-2020-916,AllenCCF-Ontology-2017-848,AllenCCF-Ontology-2017-STRU,906,200776,0.20077600000000004,#CCCCCC,204,204,204,optic nerve,IIn,structure,3,331,AllenCCF-Ontology-2017-967
AllenCCF-Annotation-2020-916,AllenCCF-Ontology-2017-916,AllenCCF-Ontology-2017-SUBS,906,200776,0.20077600000000004,#CCCCCC,204,204,204,brachium of the superior colliculus,bsc,substructure,4,770,AllenCCF-Ontology-2017-848
AllenCCF-Annotation-2020-336,AllenCCF-Ontology-2017-997,AllenCCF-Ontology-2017-ORGA,326,27886,0.027886000000000005,#FFFFFF,255,255,255,brain,brain,organ,0,0,
AllenCCF-Annotation-2020-336,AllenCCF-Ontology-2017-1009,AllenCCF-Ontology-2017-CATE,326,27886,0.027886000000000005,#CCCCCC,204,204,204,fiber tracts,fiber tracts,category,1,2,AllenCCF-Ontology-2017-997
AllenCCF-Annotation-2020-336,AllenCCF-Ontology-2017-967,AllenCCF-Ontology-2017-DIVI,326,27886,0.027886000000000005,#CCCCCC,204,204,204,cranial nerves,cm,division,2,14,AllenCCF-Ontology-2017-1009
AllenCCF-Annotation-2020-336,AllenCCF-Ontology-2017-848,AllenCCF-Ontology-2017-STRU,326,27886,0.027886000000000005,#CCCCCC,204,204,204,optic nerve,IIn,structure,3,331,AllenCCF-Ontology-2017-967
AllenCCF-Annotation-2020-336,AllenCCF-Ontology-2017-336,AllenCCF-Ontology-2017-SUBS,326,27886,0.027886000000000005,#CCCCCC,204,204,204,superior colliculus commissure,csc,substructure,4,771,AllenCCF-Ontology-2017-848
AllenCCF-Annotation-2020-117,AllenCCF-Ontology-2017-997,AllenCCF-Ontology-2017-ORGA,112,311072,0.31107200000000007,#FFFFFF,255,255,255,brain,brain,organ,0,0,
AllenCCF-Annotation-2020-117,AllenCCF-Ontology-2017-1009,AllenCCF-Ontology-2017-CATE,112,311072,0.31107200000000007,#CCCCCC,204,204,204,fiber tracts,fiber tracts,category,1,2,AllenCCF-Ontology-2017-997
AllenCCF-Annotation-2020-117,AllenCCF-Ontology-2017-967,AllenCCF-Ontology-2017-DIVI,112,311072,0.31107200000000007,#CCCCCC,204,204,204,cranial nerves,cm,division,2,14,AllenCCF-Ontology-2017-1009
AllenCCF-Annotation-2020-117,AllenCCF-Ontology-2017-848,AllenCCF-Ontology-2017-STRU,112,311072,0.31107200000000007,#CCCCCC,204,204,204,optic nerve,IIn,structure,3,331,AllenCCF-Ontology-2017-967
AllenCCF-Annotation-2020-117,AllenCCF-Ontology-2017-117,AllenCCF-Ontology-2017-SUBS,112,311072,0.31107200000000007,#CCCCCC,204,204,204,optic chiasm,och,substructure,4,772,AllenCCF-Ontology-2017-848
AllenCCF-Annotation-2020-125,AllenCCF-Ontology-2017-997,AllenCCF-Ontology-2017-ORGA,120,697328,0.6973280000000002,#FFFFFF,255,255,255,brain,brain,organ,0,0,
AllenCCF-Annotation-2020-125,AllenCCF-Ontology-2017-1009,AllenCCF-Ontology-2017-CATE,120,697328,0.6973280000000002,#CCCCCC,204,204,204,fiber tracts,fiber tracts,category,1,2,AllenCCF-Ontology-2017-997
AllenCCF-Annotation-2020-125,AllenCCF-Ontology-2017-967,AllenCCF-Ontology-2017-DIVI,120,697328,0.6973280000000002,#CCCCCC,204,204,204,cranial nerves,cm,division,2,14,AllenCCF-Ontology-2017-1009
AllenCCF-Annotation-2020-125,AllenCCF-Ontology-2017-848,AllenCCF-Ontology-2017-STRU,120,697328,0.6973280000000002,#CCCCCC,204,204,204,optic nerve,IIn,structure,3,331,AllenCCF-Ontology-2017-967
AllenCCF-Annotation-2020-125,AllenCCF-Ontology-2017-125,AllenCCF-Ontology-2017-SUBS,120,697328,0.6973280000000002,#CCCCCC,204,204,204,optic tract,opt,substructure,4,773,AllenCCF-Ontology-2017-848
AllenCCF-Annotation-2020-832,AllenCCF-Ontology-2017-997,AllenCCF-Ontology-2017-ORGA,822,7824,0.007824000000000001,#FFFFFF,255,255,255,brain,brain,organ,0,0,
AllenCCF-Annotation-2020-832,AllenCCF-Ontology-2017-1009,AllenCCF-Ontology-2017-CATE,822,7824,0.007824000000000001,#CCCCCC,204,204,204,fiber tracts,fiber tracts,category,1,2,AllenCCF-Ontology-2017-997
AllenCCF-Annotation-2020-832,AllenCCF-Ontology-2017-967,AllenCCF-Ontology-2017-DIVI,822,7824,0.007824000000000001,#CCCCCC,204,204,204,cranial nerves,cm,division,2,14,AllenCCF-Ontology-2017-1009
AllenCCF-Annotation-2020-832,AllenCCF-Ontology-2017-832,AllenCCF-Ontology-2017-STRU,822,7824,0.007824000000000001,#CCCCCC,204,204,204,oculomotor nerve,IIIn,structure,3,332,AllenCCF-Ontology-2017-967
AllenCCF-Annotation-2020-62,AllenCCF-Ontology-2017-997,AllenCCF-Ontology-2017-ORGA,57,149098,0.14909800000000004,#FFFFFF,255,255,255,brain,brain,organ,0,0,
AllenCCF-Annotation-2020-62,AllenCCF-Ontology-2017-1009,AllenCCF-Ontology-2017-CATE,57,149098,0.14909800000000004,#CCCCCC,204,204,204,fiber tracts,fiber tracts,category,1,2,AllenCCF-Ontology-2017-997
AllenCCF-Annotation-2020-62,AllenCCF-Ontology-2017-967,AllenCCF-Ontology-2017-DIVI,57,149098,0.14909800000000004,#CCCCCC,204,204,204,cranial nerves,cm,division,2,14,AllenCCF-Ontology-2017-1009
AllenCCF-Annotation-2020-62,AllenCCF-Ontology-2017-832,AllenCCF-Ontology-2017-STRU,57,149098,0.14909800000000004,#CCCCCC,204,204,204,oculomotor nerve,IIIn,structure,3,332,AllenCCF-Ontology-2017-967
AllenCCF-Annotation-2020-62,AllenCCF-Ontology-2017-62,AllenCCF-Ontology-2017-SUBS,57,149098,0.14909800000000004,#CCCCCC,204,204,204,medial longitudinal fascicle,mlf,substructure,4,776,AllenCCF-Ontology-2017-832
AllenCCF-Annotation-2020-158,AllenCCF-Ontology-2017-997,AllenCCF-Ontology-2017-ORGA,153,52460,0.05246000000000001,#FFFFFF,255,255,255,brain,brain,organ,0,0,
AllenCCF-Annotation-2020-158,AllenCCF-Ontology-2017-1009,AllenCCF-Ontology-2017-CATE,153,52460,0.05246000000000001,#CCCCCC,204,204,204,fiber tracts,fiber tracts,category,1,2,AllenCCF-Ontology-2017-997
AllenCCF-Annotation-2020-158,AllenCCF-Ontology-2017-967,AllenCCF-Ontology-2017-DIVI,153,52460,0.05246000000000001,#CCCCCC,204,204,204,cranial nerves,cm,division,2,14,AllenCCF-Ontology-2017-1009
AllenCCF-Annotation-2020-158,AllenCCF-Ontology-2017-832,AllenCCF-Ontology-2017-STRU,153,52460,0.05246000000000001,#CCCCCC,204,204,204,oculomotor nerve,IIIn,structure,3,332,AllenCCF-Ontology-2017-967
AllenCCF-Annotation-2020-158,AllenCCF-Ontology-2017-158,AllenCCF-Ontology-2017-SUBS,153,52460,0.05246000000000001,#CCCCCC,204,204,204,posterior commissure,pc,substructure,4,777,AllenCCF-Ontology-2017-832
AllenCCF-Annotation-2020-911,AllenCCF-Ontology-2017-997,AllenCCF-Ontology-2017-ORGA,901,6804,0.006804000000000001,#FFFFFF,255,255,255,brain,brain,organ,0,0,
AllenCCF-Annotation-2020-911,AllenCCF-Ontology-2017-1009,AllenCCF-Ontology-2017-CATE,901,6804,0.006804000000000001,#CCCCCC,204,204,204,fiber tracts,fiber tracts,category,1,2,AllenCCF-Ontology-2017-997
AllenCCF-Annotation-2020-911,AllenCCF-Ontology-2017-967,AllenCCF-Ontology-2017-DIVI,901,6804,0.006804000000000001,#CCCCCC,204,204,204,cranial nerves,cm,division,2,14,AllenCCF-Ontology-2017-1009
AllenCCF-Annotation-2020-911,AllenCCF-Ontology-2017-911,AllenCCF-Ontology-2017-STRU,901,6804,0.006804000000000001,#CCCCCC,204,204,204,trochlear nerve,IVn,structure,3,333,AllenCCF-Ontology-2017-967
AllenCCF-Annotation-2020-93,AllenCCF-Ontology-2017-997,AllenCCF-Ontology-2017-ORGA,88,59550,0.05955000000000001,#FFFFFF,255,255,255,brain,brain,organ,0,0,
AllenCCF-Annotation-2020-93,AllenCCF-Ontology-2017-1009,AllenCCF-Ontology-2017-CATE,88,59550,0.05955000000000001,#CCCCCC,204,204,204,fiber tracts,fiber tracts,category,1,2,AllenCCF-Ontology-2017-997
AllenCCF-Annotation-2020-93,AllenCCF-Ontology-2017-967,AllenCCF-Ontology-2017-DIVI,88,59550,0.05955000000000001,#CCCCCC,204,204,204,cranial nerves,cm,division,2,14,AllenCCF-Ontology-2017-1009
AllenCCF-Annotation-2020-93,AllenCCF-Ontology-2017-901,AllenCCF-Ontology-2017-STRU,88,59550,0.05955000000000001,#CCCCCC,204,204,204,trigeminal nerve,Vn,structure,3,335,AllenCCF-Ontology-2017-967
AllenCCF-Annotation-2020-93,AllenCCF-Ontology-2017-93,AllenCCF-Ontology-2017-SUBS,88,59550,0.05955000000000001,#CCCCCC,204,204,204,motor root of the trigeminal nerve,moV,substructure,4,780,AllenCCF-Ontology-2017-901
AllenCCF-Annotation-2020-229,AllenCCF-Ontology-2017-997,AllenCCF-Ontology-2017-ORGA,222,696278,0.6962780000000001,#FFFFFF,255,255,255,brain,brain,organ,0,0,
AllenCCF-Annotation-2020-229,AllenCCF-Ontology-2017-1009,AllenCCF-Ontology-2017-CATE,222,696278,0.6962780000000001,#CCCCCC,204,204,204,fiber tracts,fiber tracts,category,1,2,AllenCCF-Ontology-2017-997
AllenCCF-Annotation-2020-229,AllenCCF-Ontology-2017-967,AllenCCF-Ontology-2017-DIVI,222,696278,0.6962780000000001,#CCCCCC,204,204,204,cranial nerves,cm,division,2,14,AllenCCF-Ontology-2017-1009
AllenCCF-Annotation-2020-229,AllenCCF-Ontology-2017-901,AllenCCF-Ontology-2017-STRU,222,696278,0.6962780000000001,#CCCCCC,204,204,204,trigeminal nerve,Vn,structure,3,335,AllenCCF-Ontology-2017-967
AllenCCF-Annotation-2020-229,AllenCCF-Ontology-2017-229,AllenCCF-Ontology-2017-SUBS,222,696278,0.6962780000000001,#CCCCCC,204,204,204,sensory root of the trigeminal nerve,sV,substructure,4,781,AllenCCF-Ontology-2017-901
AllenCCF-Annotation-2020-794,AllenCCF-Ontology-2017-997,AllenCCF-Ontology-2017-ORGA,784,1621766,1.6217660000000003,#FFFFFF,255,255,255,brain,brain,organ,0,0,
AllenCCF-Annotation-2020-794,AllenCCF-Ontology-2017-1009,AllenCCF-Ontology-2017-CATE,784,1621766,1.6217660000000003,#CCCCCC,204,204,204,fiber tracts,fiber tracts,category,1,2,AllenCCF-Ontology-2017-997
AllenCCF-Annotation-2020-794,AllenCCF-Ontology-2017-967,AllenCCF-Ontology-2017-DIVI,784,1621766,1.6217660000000003,#CCCCCC,204,204,204,cranial nerves,cm,division,2,14,AllenCCF-Ontology-2017-1009
AllenCCF-Annotation-2020-794,AllenCCF-Ontology-2017-901,AllenCCF-Ontology-2017-STRU,784,1621766,1.6217660000000003,#CCCCCC,204,204,204,trigeminal nerve,Vn,structure,3,335,AllenCCF-Ontology-2017-967
AllenCCF-Annotation-2020-794,AllenCCF-Ontology-2017-229,AllenCCF-Ontology-2017-SUBS,784,1621766,1.6217660000000003,#CCCCCC,204,204,204,sensory root of the trigeminal nerve,sV,substructure,4,781,AllenCCF-Ontology-2017-901
AllenCCF-Annotation-2020-798,AllenCCF-Ontology-2017-997,AllenCCF-Ontology-2017-ORGA,788,79034,0.07903400000000001,#FFFFFF,255,255,255,brain,brain,organ,0,0,
AllenCCF-Annotation-2020-798,AllenCCF-Ontology-2017-1009,AllenCCF-Ontology-2017-CATE,788,79034,0.07903400000000001,#CCCCCC,204,204,204,fiber tracts,fiber tracts,category,1,2,AllenCCF-Ontology-2017-997
AllenCCF-Annotation-2020-798,AllenCCF-Ontology-2017-967,AllenCCF-Ontology-2017-DIVI,788,79034,0.07903400000000001,#CCCCCC,204,204,204,cranial nerves,cm,division,2,14,AllenCCF-Ontology-2017-1009
AllenCCF-Annotation-2020-798,AllenCCF-Ontology-2017-798,AllenCCF-Ontology-2017-STRU,788,79034,0.07903400000000001,#CCCCCC,204,204,204,facial nerve,VIIn,structure,3,336,AllenCCF-Ontology-2017-967
AllenCCF-Annotation-2020-1116,AllenCCF-Ontology-2017-997,AllenCCF-Ontology-2017-ORGA,1104,29028,0.029028000000000005,#FFFFFF,255,255,255,brain,brain,organ,0,0,
AllenCCF-Annotation-2020-1116,AllenCCF-Ontology-2017-1009,AllenCCF-Ontology-2017-CATE,1104,29028,0.029028000000000005,#CCCCCC,204,204,204,fiber tracts,fiber tracts,category,1,2,AllenCCF-Ontology-2017-997
AllenCCF-Annotation-2020-1116,AllenCCF-Ontology-2017-967,AllenCCF-Ontology-2017-DIVI,1104,29028,0.029028000000000005,#CCCCCC,204,204,204,cranial nerves,cm,division,2,14,AllenCCF-Ontology-2017-1009
AllenCCF-Annotation-2020-1116,AllenCCF-Ontology-2017-798,AllenCCF-Ontology-2017-STRU,1104,29028,0.029028000000000005,#CCCCCC,204,204,204,facial nerve,VIIn,structure,3,336,AllenCCF-Ontology-2017-967
AllenCCF-Annotation-2020-1116,AllenCCF-Ontology-2017-1116,AllenCCF-Ontology-2017-SUBS,1104,29028,0.029028000000000005,#CCCCCC,204,204,204,genu of the facial nerve,gVIIn,substructure,4,784,AllenCCF-Ontology-2017-798
AllenCCF-Annotation-2020-413,AllenCCF-Ontology-2017-997,AllenCCF-Ontology-2017-ORGA,403,250156,0.25015600000000004,#FFFFFF,255,255,255,brain,brain,organ,0,0,
AllenCCF-Annotation-2020-413,AllenCCF-Ontology-2017-1009,AllenCCF-Ontology-2017-CATE,403,250156,0.25015600000000004,#CCCCCC,204,204,204,fiber tracts,fiber tracts,category,1,2,AllenCCF-Ontology-2017-997
AllenCCF-Annotation-2020-413,AllenCCF-Ontology-2017-967,AllenCCF-Ontology-2017-DIVI,403,250156,0.25015600000000004,#CCCCCC,204,204,204,cranial nerves,cm,division,2,14,AllenCCF-Ontology-2017-1009
AllenCCF-Annotation-2020-413,AllenCCF-Ontology-2017-933,AllenCCF-Ontology-2017-STRU,403,250156,0.25015600000000004,#CCCCCC,204,204,204,vestibulocochlear nerve,VIIIn,structure,3,337,AllenCCF-Ontology-2017-967
AllenCCF-Annotation-2020-413,AllenCCF-Ontology-2017-413,AllenCCF-Ontology-2017-SUBS,403,250156,0.25015600000000004,#CCCCCC,204,204,204,vestibular nerve,vVIIIn,substructure,4,786,AllenCCF-Ontology-2017-933
AllenCCF-Annotation-2020-841,AllenCCF-Ontology-2017-997,AllenCCF-Ontology-2017-ORGA,831,343806,0.34380600000000006,#FFFFFF,255,255,255,brain,brain,organ,0,0,
AllenCCF-Annotation-2020-841,AllenCCF-Ontology-2017-1009,AllenCCF-Ontology-2017-CATE,831,343806,0.34380600000000006,#CCCCCC,204,204,204,fiber tracts,fiber tracts,category,1,2,AllenCCF-Ontology-2017-997
AllenCCF-Annotation-2020-841,AllenCCF-Ontology-2017-967,AllenCCF-Ontology-2017-DIVI,831,343806,0.34380600000000006,#CCCCCC,204,204,204,cranial nerves,cm,division,2,14,AllenCCF-Ontology-2017-1009
AllenCCF-Annotation-2020-841,AllenCCF-Ontology-2017-933,AllenCCF-Ontology-2017-STRU,831,343806,0.34380600000000006,#CCCCCC,204,204,204,vestibulocochlear nerve,VIIIn,structure,3,337,AllenCCF-Ontology-2017-967
AllenCCF-Annotation-2020-841,AllenCCF-Ontology-2017-841,AllenCCF-Ontology-2017-SUBS,831,343806,0.34380600000000006,#CCCCCC,204,204,204,trapezoid body,tb,substructure,4,787,AllenCCF-Ontology-2017-933
AllenCCF-Annotation-2020-506,AllenCCF-Ontology-2017-997,AllenCCF-Ontology-2017-ORGA,496,11846,0.011846000000000002,#FFFFFF,255,255,255,brain,brain,organ,0,0,
AllenCCF-Annotation-2020-506,AllenCCF-Ontology-2017-1009,AllenCCF-Ontology-2017-CATE,496,11846,0.011846000000000002,#CCCCCC,204,204,204,fiber tracts,fiber tracts,category,1,2,AllenCCF-Ontology-2017-997
AllenCCF-Annotation-2020-506,AllenCCF-Ontology-2017-967,AllenCCF-Ontology-2017-DIVI,496,11846,0.011846000000000002,#CCCCCC,204,204,204,cranial nerves,cm,division,2,14,AllenCCF-Ontology-2017-1009
AllenCCF-Annotation-2020-506,AllenCCF-Ontology-2017-933,AllenCCF-Ontology-2017-STRU,496,11846,0.011846000000000002,#CCCCCC,204,204,204,vestibulocochlear nerve,VIIIn,structure,3,337,AllenCCF-Ontology-2017-967
AllenCCF-Annotation-2020-506,AllenCCF-Ontology-2017-506,AllenCCF-Ontology-2017-SUBS,496,11846,0.011846000000000002,#CCCCCC,204,204,204,dorsal acoustic stria,das,substructure,4,788,AllenCCF-Ontology-2017-933
AllenCCF-Annotation-2020-658,AllenCCF-Ontology-2017-997,AllenCCF-Ontology-2017-ORGA,648,835128,0.8351280000000001,#FFFFFF,255,255,255,brain,brain,organ,0,0,
AllenCCF-Annotation-2020-658,AllenCCF-Ontology-2017-1009,AllenCCF-Ontology-2017-CATE,648,835128,0.8351280000000001,#CCCCCC,204,204,204,fiber tracts,fiber tracts,category,1,2,AllenCCF-Ontology-2017-997
AllenCCF-Annotation-2020-658,AllenCCF-Ontology-2017-967,AllenCCF-Ontology-2017-DIVI,648,835128,0.8351280000000001,#CCCCCC,204,204,204,cranial nerves,cm,division,2,14,AllenCCF-Ontology-2017-1009
AllenCCF-Annotation-2020-658,AllenCCF-Ontology-2017-933,AllenCCF-Ontology-2017-STRU,648,835128,0.8351280000000001,#CCCCCC,204,204,204,vestibulocochlear nerve,VIIIn,structure,3,337,AllenCCF-Ontology-2017-967
AllenCCF-Annotation-2020-658,AllenCCF-Ontology-2017-658,AllenCCF-Ontology-2017-SUBS,648,835128,0.8351280000000001,#CCCCCC,204,204,204,lateral lemniscus,ll,substructure,4,789,AllenCCF-Ontology-2017-933
AllenCCF-Annotation-2020-633,AllenCCF-Ontology-2017-997,AllenCCF-Ontology-2017-ORGA,623,18154,0.018154000000000003,#FFFFFF,255,255,255,brain,brain,organ,0,0,
AllenCCF-Annotation-2020-633,AllenCCF-Ontology-2017-1009,AllenCCF-Ontology-2017-CATE,623,18154,0.018154000000000003,#CCCCCC,204,204,204,fiber tracts,fiber tracts,category,1,2,AllenCCF-Ontology-2017-997
AllenCCF-Annotation-2020-633,AllenCCF-Ontology-2017-967,AllenCCF-Ontology-2017-DIVI,623,18154,0.018154000000000003,#CCCCCC,204,204,204,cranial nerves,cm,division,2,14,AllenCCF-Ontology-2017-1009
AllenCCF-Annotation-2020-633,AllenCCF-Ontology-2017-933,AllenCCF-Ontology-2017-STRU,623,18154,0.018154000000000003,#CCCCCC,204,204,204,vestibulocochlear nerve,VIIIn,structure,3,337,AllenCCF-Ontology-2017-967
AllenCCF-Annotation-2020-633,AllenCCF-Ontology-2017-633,AllenCCF-Ontology-2017-SUBS,623,18154,0.018154000000000003,#CCCCCC,204,204,204,inferior colliculus commissure,cic,substructure,4,790,AllenCCF-Ontology-2017-933
AllenCCF-Annotation-2020-482,AllenCCF-Ontology-2017-997,AllenCCF-Ontology-2017-ORGA,472,246498,0.24649800000000005,#FFFFFF,255,255,255,brain,brain,organ,0,0,
AllenCCF-Annotation-2020-482,AllenCCF-Ontology-2017-1009,AllenCCF-Ontology-2017-CATE,472,246498,0.24649800000000005,#CCCCCC,204,204,204,fiber tracts,fiber tracts,category,1,2,AllenCCF-Ontology-2017-997
AllenCCF-Annotation-2020-482,AllenCCF-Ontology-2017-967,AllenCCF-Ontology-2017-DIVI,472,246498,0.24649800000000005,#CCCCCC,204,204,204,cranial nerves,cm,division,2,14,AllenCCF-Ontology-2017-1009
AllenCCF-Annotation-2020-482,AllenCCF-Ontology-2017-933,AllenCCF-Ontology-2017-STRU,472,246498,0.24649800000000005,#CCCCCC,204,204,204,vestibulocochlear nerve,VIIIn,structure,3,337,AllenCCF-Ontology-2017-967
AllenCCF-Annotation-2020-482,AllenCCF-Ontology-2017-482,AllenCCF-Ontology-2017-SUBS,472,246498,0.24649800000000005,#CCCCCC,204,204,204,brachium of the inferior colliculus,bic,substructure,4,791,AllenCCF-Ontology-2017-933
AllenCCF-Annotation-2020-237,AllenCCF-Ontology-2017-997,AllenCCF-Ontology-2017-ORGA,230,9312,0.009312,#FFFFFF,255,255,255,brain,brain,organ,0,0,
AllenCCF-Annotation-2020-237,AllenCCF-Ontology-2017-1009,AllenCCF-Ontology-2017-CATE,230,9312,0.009312,#CCCCCC,204,204,204,fiber tracts,fiber tracts,category,1,2,AllenCCF-Ontology-2017-997
AllenCCF-Annotation-2020-237,AllenCCF-Ontology-2017-967,AllenCCF-Ontology-2017-DIVI,230,9312,0.009312,#CCCCCC,204,204,204,cranial nerves,cm,division,2,14,AllenCCF-Ontology-2017-1009
AllenCCF-Annotation-2020-237,AllenCCF-Ontology-2017-917,AllenCCF-Ontology-2017-STRU,230,9312,0.009312,#CCCCCC,204,204,204,vagus nerve,Xn,structure,3,339,AllenCCF-Ontology-2017-967
AllenCCF-Annotation-2020-237,AllenCCF-Ontology-2017-237,AllenCCF-Ontology-2017-SUBS,230,9312,0.009312,#CCCCCC,204,204,204,solitary tract,ts,substructure,4,792,AllenCCF-Ontology-2017-917
AllenCCF-Annotation-2020-380,AllenCCF-Ontology-2017-997,AllenCCF-Ontology-2017-ORGA,370,22312,0.022312000000000005,#FFFFFF,255,255,255,brain,brain,organ,0,0,
AllenCCF-Annotation-2020-380,AllenCCF-Ontology-2017-1009,AllenCCF-Ontology-2017-CATE,370,22312,0.022312000000000005,#CCCCCC,204,204,204,fiber tracts,fiber tracts,category,1,2,AllenCCF-Ontology-2017-997
AllenCCF-Annotation-2020-380,AllenCCF-Ontology-2017-967,AllenCCF-Ontology-2017-DIVI,370,22312,0.022312000000000005,#CCCCCC,204,204,204,cranial nerves,cm,division,2,14,AllenCCF-Ontology-2017-1009
AllenCCF-Annotation-2020-380,AllenCCF-Ontology-2017-792,AllenCCF-Ontology-2017-STRU,370,22312,0.022312000000000005,#CCCCCC,204,204,204,dorsal roots,drt,structure,3,343,AllenCCF-Ontology-2017-967
AllenCCF-Annotation-2020-380,AllenCCF-Ontology-2017-380,AllenCCF-Ontology-2017-SUBS,370,22312,0.022312000000000005,#CCCCCC,204,204,204,cuneate fascicle,cuf,substructure,4,794,AllenCCF-Ontology-2017-792
AllenCCF-Annotation-2020-697,AllenCCF-Ontology-2017-997,AllenCCF-Ontology-2017-ORGA,687,621312,0.6213120000000001,#FFFFFF,255,255,255,brain,brain,organ,0,0,
AllenCCF-Annotation-2020-697,AllenCCF-Ontology-2017-1009,AllenCCF-Ontology-2017-CATE,687,621312,0.6213120000000001,#CCCCCC,204,204,204,fiber tracts,fiber tracts,category,1,2,AllenCCF-Ontology-2017-997
AllenCCF-Annotation-2020-697,AllenCCF-Ontology-2017-967,AllenCCF-Ontology-2017-DIVI,687,621312,0.6213120000000001,#CCCCCC,204,204,204,cranial nerves,cm,division,2,14,AllenCCF-Ontology-2017-1009
AllenCCF-Annotation-2020-697,AllenCCF-Ontology-2017-792,AllenCCF-Ontology-2017-STRU,687,621312,0.6213120000000001,#CCCCCC,204,204,204,dorsal roots,drt,structure,3,343,AllenCCF-Ontology-2017-967
AllenCCF-Annotation-2020-697,AllenCCF-Ontology-2017-697,AllenCCF-Ontology-2017-SUBS,687,621312,0.6213120000000001,#CCCCCC,204,204,204,medial lemniscus,ml,substructure,4,795,AllenCCF-Ontology-2017-792
AllenCCF-Annotation-2020-744,AllenCCF-Ontology-2017-997,AllenCCF-Ontology-2017-ORGA,734,66936,0.06693600000000001,#FFFFFF,255,255,255,brain,brain,organ,0,0,
AllenCCF-Annotation-2020-744,AllenCCF-Ontology-2017-1009,AllenCCF-Ontology-2017-CATE,734,66936,0.06693600000000001,#CCCCCC,204,204,204,fiber tracts,fiber tracts,category,1,2,AllenCCF-Ontology-2017-997
AllenCCF-Annotation-2020-744,AllenCCF-Ontology-2017-960,AllenCCF-Ontology-2017-DIVI,734,66936,0.06693600000000001,#CCCCCC,204,204,204,cerebellum related fiber tracts,cbf,division,2,15,AllenCCF-Ontology-2017-1009
AllenCCF-Annotation-2020-744,AllenCCF-Ontology-2017-744,AllenCCF-Ontology-2017-STRU,734,66936,0.06693600000000001,#CCCCCC,204,204,204,cerebellar commissure,cbc,structure,3,345,AllenCCF-Ontology-2017-960
AllenCCF-Annotation-2020-326,AllenCCF-Ontology-2017-997,AllenCCF-Ontology-2017-ORGA,316,453604,0.45360400000000006,#FFFFFF,255,255,255,brain,brain,organ,0,0,
AllenCCF-Annotation-2020-326,AllenCCF-Ontology-2017-1009,AllenCCF-Ontology-2017-CATE,316,453604,0.45360400000000006,#CCCCCC,204,204,204,fiber tracts,fiber tracts,category,1,2,AllenCCF-Ontology-2017-997
AllenCCF-Annotation-2020-326,AllenCCF-Ontology-2017-960,AllenCCF-Ontology-2017-DIVI,316,453604,0.45360400000000006,#CCCCCC,204,204,204,cerebellum related fiber tracts,cbf,division,2,15,AllenCCF-Ontology-2017-1009
AllenCCF-Annotation-2020-326,AllenCCF-Ontology-2017-752,AllenCCF-Ontology-2017-STRU,316,453604,0.45360400000000006,#CCCCCC,204,204,204,cerebellar peduncles,cbp,structure,3,346,AllenCCF-Ontology-2017-960
AllenCCF-Annotation-2020-326,AllenCCF-Ontology-2017-326,AllenCCF-Ontology-2017-SUBS,316,453604,0.45360400000000006,#CCCCCC,204,204,204,superior cerebelar peduncles,scp,substructure,4,806,AllenCCF-Ontology-2017-752
AllenCCF-Annotation-2020-812,AllenCCF-Ontology-2017-997,AllenCCF-Ontology-2017-ORGA,802,46320,0.04632000000000001,#FFFFFF,255,255,255,brain,brain,organ,0,0,
AllenCCF-Annotation-2020-812,AllenCCF-Ontology-2017-1009,AllenCCF-Ontology-2017-CATE,802,46320,0.04632000000000001,#CCCCCC,204,204,204,fiber tracts,fiber tracts,category,1,2,AllenCCF-Ontology-2017-997
AllenCCF-Annotation-2020-812,AllenCCF-Ontology-2017-960,AllenCCF-Ontology-2017-DIVI,802,46320,0.04632000000000001,#CCCCCC,204,204,204,cerebellum related fiber tracts,cbf,division,2,15,AllenCCF-Ontology-2017-1009
AllenCCF-Annotation-2020-812,AllenCCF-Ontology-2017-752,AllenCCF-Ontology-2017-STRU,802,46320,0.04632000000000001,#CCCCCC,204,204,204,cerebellar peduncles,cbp,structure,3,346,AllenCCF-Ontology-2017-960
AllenCCF-Annotation-2020-812,AllenCCF-Ontology-2017-326,AllenCCF-Ontology-2017-SUBS,802,46320,0.04632000000000001,#CCCCCC,204,204,204,superior cerebelar peduncles,scp,substructure,4,806,AllenCCF-Ontology-2017-752
AllenCCF-Annotation-2020-850,AllenCCF-Ontology-2017-997,AllenCCF-Ontology-2017-ORGA,840,85068,0.08506800000000002,#FFFFFF,255,255,255,brain,brain,organ,0,0,
AllenCCF-Annotation-2020-850,AllenCCF-Ontology-2017-1009,AllenCCF-Ontology-2017-CATE,840,85068,0.08506800000000002,#CCCCCC,204,204,204,fiber tracts,fiber tracts,category,1,2,AllenCCF-Ontology-2017-997
AllenCCF-Annotation-2020-850,AllenCCF-Ontology-2017-960,AllenCCF-Ontology-2017-DIVI,840,85068,0.08506800000000002,#CCCCCC,204,204,204,cerebellum related fiber tracts,cbf,division,2,15,AllenCCF-Ontology-2017-1009
AllenCCF-Annotation-2020-850,AllenCCF-Ontology-2017-752,AllenCCF-Ontology-2017-STRU,840,85068,0.08506800000000002,#CCCCCC,204,204,204,cerebellar peduncles,cbp,structure,3,346,AllenCCF-Ontology-2017-960
AllenCCF-Annotation-2020-850,AllenCCF-Ontology-2017-326,AllenCCF-Ontology-2017-SUBS,840,85068,0.08506800000000002,#CCCCCC,204,204,204,superior cerebelar peduncles,scp,substructure,4,806,AllenCCF-Ontology-2017-752
AllenCCF-Annotation-2020-866,AllenCCF-Ontology-2017-997,AllenCCF-Ontology-2017-ORGA,856,284174,0.28417400000000004,#FFFFFF,255,255,255,brain,brain,organ,0,0,
AllenCCF-Annotation-2020-866,AllenCCF-Ontology-2017-1009,AllenCCF-Ontology-2017-CATE,856,284174,0.28417400000000004,#CCCCCC,204,204,204,fiber tracts,fiber tracts,category,1,2,AllenCCF-Ontology-2017-997
AllenCCF-Annotation-2020-866,AllenCCF-Ontology-2017-960,AllenCCF-Ontology-2017-DIVI,856,284174,0.28417400000000004,#CCCCCC,204,204,204,cerebellum related fiber tracts,cbf,division,2,15,AllenCCF-Ontology-2017-1009
AllenCCF-Annotation-2020-866,AllenCCF-Ontology-2017-752,AllenCCF-Ontology-2017-STRU,856,284174,0.28417400000000004,#CCCCCC,204,204,204,cerebellar peduncles,cbp,structure,3,346,AllenCCF-Ontology-2017-960
AllenCCF-Annotation-2020-866,AllenCCF-Ontology-2017-326,AllenCCF-Ontology-2017-SUBS,856,284174,0.28417400000000004,#CCCCCC,204,204,204,superior cerebelar peduncles,scp,substructure,4,806,AllenCCF-Ontology-2017-752
AllenCCF-Annotation-2020-78,AllenCCF-Ontology-2017-997,AllenCCF-Ontology-2017-ORGA,73,1094082,1.0940820000000002,#FFFFFF,255,255,255,brain,brain,organ,0,0,
AllenCCF-Annotation-2020-78,AllenCCF-Ontology-2017-1009,AllenCCF-Ontology-2017-CATE,73,1094082,1.0940820000000002,#CCCCCC,204,204,204,fiber tracts,fiber tracts,category,1,2,AllenCCF-Ontology-2017-997
AllenCCF-Annotation-2020-78,AllenCCF-Ontology-2017-960,AllenCCF-Ontology-2017-DIVI,73,1094082,1.0940820000000002,#CCCCCC,204,204,204,cerebellum related fiber tracts,cbf,division,2,15,AllenCCF-Ontology-2017-1009
AllenCCF-Annotation-2020-78,AllenCCF-Ontology-2017-752,AllenCCF-Ontology-2017-STRU,73,1094082,1.0940820000000002,#CCCCCC,204,204,204,cerebellar peduncles,cbp,structure,3,346,AllenCCF-Ontology-2017-960
AllenCCF-Annotation-2020-78,AllenCCF-Ontology-2017-78,AllenCCF-Ontology-2017-SUBS,73,1094082,1.0940820000000002,#CCCCCC,204,204,204,middle cerebellar peduncle,mcp,substructure,4,807,AllenCCF-Ontology-2017-752
AllenCCF-Annotation-2020-1123,AllenCCF-Ontology-2017-997,AllenCCF-Ontology-2017-ORGA,1110,722522,0.7225220000000001,#FFFFFF,255,255,255,brain,brain,organ,0,0,
AllenCCF-Annotation-2020-1123,AllenCCF-Ontology-2017-1009,AllenCCF-Ontology-2017-CATE,1110,722522,0.7225220000000001,#CCCCCC,204,204,204,fiber tracts,fiber tracts,category,1,2,AllenCCF-Ontology-2017-997
AllenCCF-Annotation-2020-1123,AllenCCF-Ontology-2017-960,AllenCCF-Ontology-2017-DIVI,1110,722522,0.7225220000000001,#CCCCCC,204,204,204,cerebellum related fiber tracts,cbf,division,2,15,AllenCCF-Ontology-2017-1009
AllenCCF-Annotation-2020-1123,AllenCCF-Ontology-2017-752,AllenCCF-Ontology-2017-STRU,1110,722522,0.7225220000000001,#CCCCCC,204,204,204,cerebellar peduncles,cbp,structure,3,346,AllenCCF-Ontology-2017-960
AllenCCF-Annotation-2020-1123,AllenCCF-Ontology-2017-1123,AllenCCF-Ontology-2017-SUBS,1110,722522,0.7225220000000001,#CCCCCC,204,204,204,inferior cerebellar peduncle,icp,substructure,4,808,AllenCCF-Ontology-2017-752
AllenCCF-Annotation-2020-553,AllenCCF-Ontology-2017-997,AllenCCF-Ontology-2017-ORGA,543,146176,0.14617600000000003,#FFFFFF,255,255,255,brain,brain,organ,0,0,
AllenCCF-Annotation-2020-553,AllenCCF-Ontology-2017-1009,AllenCCF-Ontology-2017-CATE,543,146176,0.14617600000000003,#CCCCCC,204,204,204,fiber tracts,fiber tracts,category,1,2,AllenCCF-Ontology-2017-997
AllenCCF-Annotation-2020-553,AllenCCF-Ontology-2017-960,AllenCCF-Ontology-2017-DIVI,543,146176,0.14617600000000003,#CCCCCC,204,204,204,cerebellum related fiber tracts,cbf,division,2,15,AllenCCF-Ontology-2017-1009
AllenCCF-Annotation-2020-553,AllenCCF-Ontology-2017-752,AllenCCF-Ontology-2017-STRU,543,146176,0.14617600000000003,#CCCCCC,204,204,204,cerebellar peduncles,cbp,structure,3,346,AllenCCF-Ontology-2017-960
AllenCCF-Annotation-2020-553,AllenCCF-Ontology-2017-1123,AllenCCF-Ontology-2017-SUBS,543,146176,0.14617600000000003,#CCCCCC,204,204,204,inferior cerebellar peduncle,icp,substructure,4,808,AllenCCF-Ontology-2017-752
AllenCCF-Annotation-2020-728,AllenCCF-Ontology-2017-997,AllenCCF-Ontology-2017-ORGA,718,6920358,6.920358000000001,#FFFFFF,255,255,255,brain,brain,organ,0,0,
AllenCCF-Annotation-2020-728,AllenCCF-Ontology-2017-1009,AllenCCF-Ontology-2017-CATE,718,6920358,6.920358000000001,#CCCCCC,204,204,204,fiber tracts,fiber tracts,category,1,2,AllenCCF-Ontology-2017-997
AllenCCF-Annotation-2020-728,AllenCCF-Ontology-2017-960,AllenCCF-Ontology-2017-DIVI,718,6920358,6.920358000000001,#CCCCCC,204,204,204,cerebellum related fiber tracts,cbf,division,2,15,AllenCCF-Ontology-2017-1009
AllenCCF-Annotation-2020-728,AllenCCF-Ontology-2017-728,AllenCCF-Ontology-2017-STRU,718,6920358,6.920358000000001,#CCCCCC,204,204,204,arbor vitae,arb,structure,3,347,AllenCCF-Ontology-2017-960
AllenCCF-Annotation-2020-484682512,AllenCCF-Ontology-2017-997,AllenCCF-Ontology-2017-ORGA,1280,1962230,1.9622300000000004,#FFFFFF,255,255,255,brain,brain,organ,0,0,
AllenCCF-Annotation-2020-484682512,AllenCCF-Ontology-2017-1009,AllenCCF-Ontology-2017-CATE,1280,1962230,1.9622300000000004,#CCCCCC,204,204,204,fiber tracts,fiber tracts,category,1,2,AllenCCF-Ontology-2017-997
AllenCCF-Annotation-2020-484682512,AllenCCF-Ontology-2017-484682512,AllenCCF-Ontology-2017-DIVI,1280,1962230,1.9622300000000004,#CCCCCC,204,204,204,supra-callosal cerebral white matter,scwm,division,2,16,AllenCCF-Ontology-2017-1009
AllenCCF-Annotation-2020-956,AllenCCF-Ontology-2017-997,AllenCCF-Ontology-2017-ORGA,946,856816,0.8568160000000001,#FFFFFF,255,255,255,brain,brain,organ,0,0,
AllenCCF-Annotation-2020-956,AllenCCF-Ontology-2017-1009,AllenCCF-Ontology-2017-CATE,946,856816,0.8568160000000001,#CCCCCC,204,204,204,fiber tracts,fiber tracts,category,1,2,AllenCCF-Ontology-2017-997
AllenCCF-Annotation-2020-956,AllenCCF-Ontology-2017-983,AllenCCF-Ontology-2017-DIVI,946,856816,0.8568160000000001,#CCCCCC,204,204,204,lateral forebrain bundle system,lfbs,division,2,17,AllenCCF-Ontology-2017-1009
AllenCCF-Annotation-2020-956,AllenCCF-Ontology-2017-776,AllenCCF-Ontology-2017-STRU,946,856816,0.8568160000000001,#CCCCCC,204,204,204,corpus callosum,cc,structure,3,349,AllenCCF-Ontology-2017-983
AllenCCF-Annotation-2020-956,AllenCCF-Ontology-2017-956,AllenCCF-Ontology-2017-SUBS,946,856816,0.8568160000000001,#CCCCCC,204,204,204,"corpus callosum, anterior forceps",fa,substructure,4,812,AllenCCF-Ontology-2017-776
AllenCCF-Annotation-2020-579,AllenCCF-Ontology-2017-997,AllenCCF-Ontology-2017-ORGA,569,1040268,1.0402680000000002,#FFFFFF,255,255,255,brain,brain,organ,0,0,
AllenCCF-Annotation-2020-579,AllenCCF-Ontology-2017-1009,AllenCCF-Ontology-2017-CATE,569,1040268,1.0402680000000002,#CCCCCC,204,204,204,fiber tracts,fiber tracts,category,1,2,AllenCCF-Ontology-2017-997
AllenCCF-Annotation-2020-579,AllenCCF-Ontology-2017-983,AllenCCF-Ontology-2017-DIVI,569,1040268,1.0402680000000002,#CCCCCC,204,204,204,lateral forebrain bundle system,lfbs,division,2,17,AllenCCF-Ontology-2017-1009
AllenCCF-Annotation-2020-579,AllenCCF-Ontology-2017-776,AllenCCF-Ontology-2017-STRU,569,1040268,1.0402680000000002,#CCCCCC,204,204,204,corpus callosum,cc,structure,3,349,AllenCCF-Ontology-2017-983
AllenCCF-Annotation-2020-579,AllenCCF-Ontology-2017-956,AllenCCF-Ontology-2017-SUBS,569,1040268,1.0402680000000002,#CCCCCC,204,204,204,"corpus callosum, anterior forceps",fa,substructure,4,812,AllenCCF-Ontology-2017-776
AllenCCF-Annotation-2020-964,AllenCCF-Ontology-2017-997,AllenCCF-Ontology-2017-ORGA,954,93338,0.09333800000000002,#FFFFFF,255,255,255,brain,brain,organ,0,0,
AllenCCF-Annotation-2020-964,AllenCCF-Ontology-2017-1009,AllenCCF-Ontology-2017-CATE,954,93338,0.09333800000000002,#CCCCCC,204,204,204,fiber tracts,fiber tracts,category,1,2,AllenCCF-Ontology-2017-997
AllenCCF-Annotation-2020-964,AllenCCF-Ontology-2017-983,AllenCCF-Ontology-2017-DIVI,954,93338,0.09333800000000002,#CCCCCC,204,204,204,lateral forebrain bundle system,lfbs,division,2,17,AllenCCF-Ontology-2017-1009
AllenCCF-Annotation-2020-964,AllenCCF-Ontology-2017-776,AllenCCF-Ontology-2017-STRU,954,93338,0.09333800000000002,#CCCCCC,204,204,204,corpus callosum,cc,structure,3,349,AllenCCF-Ontology-2017-983
AllenCCF-Annotation-2020-964,AllenCCF-Ontology-2017-964,AllenCCF-Ontology-2017-SUBS,954,93338,0.09333800000000002,#CCCCCC,204,204,204,"corpus callosum, extreme capsule",ee,substructure,4,813,AllenCCF-Ontology-2017-776
AllenCCF-Annotation-2020-1108,AllenCCF-Ontology-2017-997,AllenCCF-Ontology-2017-ORGA,1097,829366,0.8293660000000002,#FFFFFF,255,255,255,brain,brain,organ,0,0,
AllenCCF-Annotation-2020-1108,AllenCCF-Ontology-2017-1009,AllenCCF-Ontology-2017-CATE,1097,829366,0.8293660000000002,#CCCCCC,204,204,204,fiber tracts,fiber tracts,category,1,2,AllenCCF-Ontology-2017-997
AllenCCF-Annotation-2020-1108,AllenCCF-Ontology-2017-983,AllenCCF-Ontology-2017-DIVI,1097,829366,0.8293660000000002,#CCCCCC,204,204,204,lateral forebrain bundle system,lfbs,division,2,17,AllenCCF-Ontology-2017-1009
AllenCCF-Annotation-2020-1108,AllenCCF-Ontology-2017-776,AllenCCF-Ontology-2017-STRU,1097,829366,0.8293660000000002,#CCCCCC,204,204,204,corpus callosum,cc,structure,3,349,AllenCCF-Ontology-2017-983
AllenCCF-Annotation-2020-1108,AllenCCF-Ontology-2017-1108,AllenCCF-Ontology-2017-SUBS,1097,829366,0.8293660000000002,#CCCCCC,204,204,204,genu of corpus callosum,ccg,substructure,4,814,AllenCCF-Ontology-2017-776
AllenCCF-Annotation-2020-971,AllenCCF-Ontology-2017-997,AllenCCF-Ontology-2017-ORGA,961,1618374,1.6183740000000002,#FFFFFF,255,255,255,brain,brain,organ,0,0,
AllenCCF-Annotation-2020-971,AllenCCF-Ontology-2017-1009,AllenCCF-Ontology-2017-CATE,961,1618374,1.6183740000000002,#CCCCCC,204,204,204,fiber tracts,fiber tracts,category,1,2,AllenCCF-Ontology-2017-997
AllenCCF-Annotation-2020-971,AllenCCF-Ontology-2017-983,AllenCCF-Ontology-2017-DIVI,961,1618374,1.6183740000000002,#CCCCCC,204,204,204,lateral forebrain bundle system,lfbs,division,2,17,AllenCCF-Ontology-2017-1009
AllenCCF-Annotation-2020-971,AllenCCF-Ontology-2017-776,AllenCCF-Ontology-2017-STRU,961,1618374,1.6183740000000002,#CCCCCC,204,204,204,corpus callosum,cc,structure,3,349,AllenCCF-Ontology-2017-983
AllenCCF-Annotation-2020-971,AllenCCF-Ontology-2017-971,AllenCCF-Ontology-2017-SUBS,961,1618374,1.6183740000000002,#CCCCCC,204,204,204,"corpus callosum, posterior forceps",fp,substructure,4,815,AllenCCF-Ontology-2017-776
AllenCCF-Annotation-2020-484682516,AllenCCF-Ontology-2017-997,AllenCCF-Ontology-2017-ORGA,1281,3105462,3.1054620000000006,#FFFFFF,255,255,255,brain,brain,organ,0,0,
AllenCCF-Annotation-2020-484682516,AllenCCF-Ontology-2017-1009,AllenCCF-Ontology-2017-CATE,1281,3105462,3.1054620000000006,#CCCCCC,204,204,204,fiber tracts,fiber tracts,category,1,2,AllenCCF-Ontology-2017-997
AllenCCF-Annotation-2020-484682516,AllenCCF-Ontology-2017-983,AllenCCF-Ontology-2017-DIVI,1281,3105462,3.1054620000000006,#CCCCCC,204,204,204,lateral forebrain bundle system,lfbs,division,2,17,AllenCCF-Ontology-2017-1009
AllenCCF-Annotation-2020-484682516,AllenCCF-Ontology-2017-776,AllenCCF-Ontology-2017-STRU,1281,3105462,3.1054620000000006,#CCCCCC,204,204,204,corpus callosum,cc,structure,3,349,AllenCCF-Ontology-2017-983
AllenCCF-Annotation-2020-484682516,AllenCCF-Ontology-2017-484682516,AllenCCF-Ontology-2017-SUBS,1281,3105462,3.1054620000000006,#CCCCCC,204,204,204,"corpus callosum, body",ccb,substructure,4,817,AllenCCF-Ontology-2017-776
AllenCCF-Annotation-2020-986,AllenCCF-Ontology-2017-997,AllenCCF-Ontology-2017-ORGA,976,943028,0.9430280000000002,#FFFFFF,255,255,255,brain,brain,organ,0,0,
AllenCCF-Annotation-2020-986,AllenCCF-Ontology-2017-1009,AllenCCF-Ontology-2017-CATE,976,943028,0.9430280000000002,#CCCCCC,204,204,204,fiber tracts,fiber tracts,category,1,2,AllenCCF-Ontology-2017-997
AllenCCF-Annotation-2020-986,AllenCCF-Ontology-2017-983,AllenCCF-Ontology-2017-DIVI,976,943028,0.9430280000000002,#CCCCCC,204,204,204,lateral forebrain bundle system,lfbs,division,2,17,AllenCCF-Ontology-2017-1009
AllenCCF-Annotation-2020-986,AllenCCF-Ontology-2017-776,AllenCCF-Ontology-2017-STRU,976,943028,0.9430280000000002,#CCCCCC,204,204,204,corpus callosum,cc,structure,3,349,AllenCCF-Ontology-2017-983
AllenCCF-Annotation-2020-986,AllenCCF-Ontology-2017-986,AllenCCF-Ontology-2017-SUBS,976,943028,0.9430280000000002,#CCCCCC,204,204,204,"corpus callosum, splenium",ccs,substructure,4,818,AllenCCF-Ontology-2017-776
AllenCCF-Annotation-2020-784,AllenCCF-Ontology-2017-997,AllenCCF-Ontology-2017-ORGA,774,84216,0.08421600000000001,#FFFFFF,255,255,255,brain,brain,organ,0,0,
AllenCCF-Annotation-2020-784,AllenCCF-Ontology-2017-1009,AllenCCF-Ontology-2017-CATE,774,84216,0.08421600000000001,#CCCCCC,204,204,204,fiber tracts,fiber tracts,category,1,2,AllenCCF-Ontology-2017-997
AllenCCF-Annotation-2020-784,AllenCCF-Ontology-2017-983,AllenCCF-Ontology-2017-DIVI,774,84216,0.08421600000000001,#CCCCCC,204,204,204,lateral forebrain bundle system,lfbs,division,2,17,AllenCCF-Ontology-2017-1009
AllenCCF-Annotation-2020-784,AllenCCF-Ontology-2017-784,AllenCCF-Ontology-2017-STRU,774,84216,0.08421600000000001,#CCCCCC,204,204,204,corticospinal tract,cst,structure,3,350,AllenCCF-Ontology-2017-983
AllenCCF-Annotation-2020-6,AllenCCF-Ontology-2017-997,AllenCCF-Ontology-2017-ORGA,5,2375138,2.375138,#FFFFFF,255,255,255,brain,brain,organ,0,0,
AllenCCF-Annotation-2020-6,AllenCCF-Ontology-2017-1009,AllenCCF-Ontology-2017-CATE,5,2375138,2.375138,#CCCCCC,204,204,204,fiber tracts,fiber tracts,category,1,2,AllenCCF-Ontology-2017-997
AllenCCF-Annotation-2020-6,AllenCCF-Ontology-2017-983,AllenCCF-Ontology-2017-DIVI,5,2375138,2.375138,#CCCCCC,204,204,204,lateral forebrain bundle system,lfbs,division,2,17,AllenCCF-Ontology-2017-1009
AllenCCF-Annotation-2020-6,AllenCCF-Ontology-2017-784,AllenCCF-Ontology-2017-STRU,5,2375138,2.375138,#CCCCCC,204,204,204,corticospinal tract,cst,structure,3,350,AllenCCF-Ontology-2017-983
AllenCCF-Annotation-2020-6,AllenCCF-Ontology-2017-6,AllenCCF-Ontology-2017-SUBS,5,2375138,2.375138,#CCCCCC,204,204,204,internal capsule,int,substructure,4,820,AllenCCF-Ontology-2017-784
AllenCCF-Annotation-2020-924,AllenCCF-Ontology-2017-997,AllenCCF-Ontology-2017-ORGA,914,885724,0.8857240000000002,#FFFFFF,255,255,255,brain,brain,organ,0,0,
AllenCCF-Annotation-2020-924,AllenCCF-Ontology-2017-1009,AllenCCF-Ontology-2017-CATE,914,885724,0.8857240000000002,#CCCCCC,204,204,204,fiber tracts,fiber tracts,category,1,2,AllenCCF-Ontology-2017-997
AllenCCF-Annotation-2020-924,AllenCCF-Ontology-2017-983,AllenCCF-Ontology-2017-DIVI,914,885724,0.8857240000000002,#CCCCCC,204,204,204,lateral forebrain bundle system,lfbs,division,2,17,AllenCCF-Ontology-2017-1009
AllenCCF-Annotation-2020-924,AllenCCF-Ontology-2017-784,AllenCCF-Ontology-2017-STRU,914,885724,0.8857240000000002,#CCCCCC,204,204,204,corticospinal tract,cst,structure,3,350,AllenCCF-Ontology-2017-983
AllenCCF-Annotation-2020-924,AllenCCF-Ontology-2017-924,AllenCCF-Ontology-2017-SUBS,914,885724,0.8857240000000002,#CCCCCC,204,204,204,cerebal peduncle,cpd,substructure,4,821,AllenCCF-Ontology-2017-784
AllenCCF-Annotation-2020-190,AllenCCF-Ontology-2017-997,AllenCCF-Ontology-2017-ORGA,183,560730,0.5607300000000001,#FFFFFF,255,255,255,brain,brain,organ,0,0,
AllenCCF-Annotation-2020-190,AllenCCF-Ontology-2017-1009,AllenCCF-Ontology-2017-CATE,183,560730,0.5607300000000001,#CCCCCC,204,204,204,fiber tracts,fiber tracts,category,1,2,AllenCCF-Ontology-2017-997
AllenCCF-Annotation-2020-190,AllenCCF-Ontology-2017-983,AllenCCF-Ontology-2017-DIVI,183,560730,0.5607300000000001,#CCCCCC,204,204,204,lateral forebrain bundle system,lfbs,division,2,17,AllenCCF-Ontology-2017-1009
AllenCCF-Annotation-2020-190,AllenCCF-Ontology-2017-784,AllenCCF-Ontology-2017-STRU,183,560730,0.5607300000000001,#CCCCCC,204,204,204,corticospinal tract,cst,structure,3,350,AllenCCF-Ontology-2017-983
AllenCCF-Annotation-2020-190,AllenCCF-Ontology-2017-190,AllenCCF-Ontology-2017-SUBS,183,560730,0.5607300000000001,#CCCCCC,204,204,204,pyramid,py,substructure,4,826,AllenCCF-Ontology-2017-784
AllenCCF-Annotation-2020-198,AllenCCF-Ontology-2017-997,AllenCCF-Ontology-2017-ORGA,191,67350,0.06735000000000001,#FFFFFF,255,255,255,brain,brain,organ,0,0,
AllenCCF-Annotation-2020-198,AllenCCF-Ontology-2017-1009,AllenCCF-Ontology-2017-CATE,191,67350,0.06735000000000001,#CCCCCC,204,204,204,fiber tracts,fiber tracts,category,1,2,AllenCCF-Ontology-2017-997
AllenCCF-Annotation-2020-198,AllenCCF-Ontology-2017-983,AllenCCF-Ontology-2017-DIVI,191,67350,0.06735000000000001,#CCCCCC,204,204,204,lateral forebrain bundle system,lfbs,division,2,17,AllenCCF-Ontology-2017-1009
AllenCCF-Annotation-2020-198,AllenCCF-Ontology-2017-784,AllenCCF-Ontology-2017-STRU,191,67350,0.06735000000000001,#CCCCCC,204,204,204,corticospinal tract,cst,structure,3,350,AllenCCF-Ontology-2017-983
AllenCCF-Annotation-2020-198,AllenCCF-Ontology-2017-198,AllenCCF-Ontology-2017-SUBS,191,67350,0.06735000000000001,#CCCCCC,204,204,204,pyramidal decussation,pyd,substructure,4,827,AllenCCF-Ontology-2017-784
AllenCCF-Annotation-2020-1092,AllenCCF-Ontology-2017-997,AllenCCF-Ontology-2017-ORGA,1081,119044,0.11904400000000002,#FFFFFF,255,255,255,brain,brain,organ,0,0,
AllenCCF-Annotation-2020-1092,AllenCCF-Ontology-2017-1009,AllenCCF-Ontology-2017-CATE,1081,119044,0.11904400000000002,#CCCCCC,204,204,204,fiber tracts,fiber tracts,category,1,2,AllenCCF-Ontology-2017-997
AllenCCF-Annotation-2020-1092,AllenCCF-Ontology-2017-983,AllenCCF-Ontology-2017-DIVI,1081,119044,0.11904400000000002,#CCCCCC,204,204,204,lateral forebrain bundle system,lfbs,division,2,17,AllenCCF-Ontology-2017-1009
AllenCCF-Annotation-2020-1092,AllenCCF-Ontology-2017-896,AllenCCF-Ontology-2017-STRU,1081,119044,0.11904400000000002,#CCCCCC,204,204,204,thalamus related,lfbst,structure,3,351,AllenCCF-Ontology-2017-983
AllenCCF-Annotation-2020-1092,AllenCCF-Ontology-2017-1092,AllenCCF-Ontology-2017-SUBS,1081,119044,0.11904400000000002,#CCCCCC,204,204,204,external medullary lamina of the thalamus,em,substructure,4,830,AllenCCF-Ontology-2017-896
AllenCCF-Annotation-2020-484682520,AllenCCF-Ontology-2017-997,AllenCCF-Ontology-2017-ORGA,1282,212552,0.21255200000000005,#FFFFFF,255,255,255,brain,brain,organ,0,0,
AllenCCF-Annotation-2020-484682520,AllenCCF-Ontology-2017-1009,AllenCCF-Ontology-2017-CATE,1282,212552,0.21255200000000005,#CCCCCC,204,204,204,fiber tracts,fiber tracts,category,1,2,AllenCCF-Ontology-2017-997
AllenCCF-Annotation-2020-484682520,AllenCCF-Ontology-2017-983,AllenCCF-Ontology-2017-DIVI,1282,212552,0.21255200000000005,#CCCCCC,204,204,204,lateral forebrain bundle system,lfbs,division,2,17,AllenCCF-Ontology-2017-1009
AllenCCF-Annotation-2020-484682520,AllenCCF-Ontology-2017-896,AllenCCF-Ontology-2017-STRU,1282,212552,0.21255200000000005,#CCCCCC,204,204,204,thalamus related,lfbst,structure,3,351,AllenCCF-Ontology-2017-983
AllenCCF-Annotation-2020-484682520,AllenCCF-Ontology-2017-484682520,AllenCCF-Ontology-2017-SUBS,1282,212552,0.21255200000000005,#CCCCCC,204,204,204,optic radiation,or,substructure,4,834,AllenCCF-Ontology-2017-896
AllenCCF-Annotation-2020-484682524,AllenCCF-Ontology-2017-997,AllenCCF-Ontology-2017-ORGA,1283,115864,0.11586400000000002,#FFFFFF,255,255,255,brain,brain,organ,0,0,
AllenCCF-Annotation-2020-484682524,AllenCCF-Ontology-2017-1009,AllenCCF-Ontology-2017-CATE,1283,115864,0.11586400000000002,#CCCCCC,204,204,204,fiber tracts,fiber tracts,category,1,2,AllenCCF-Ontology-2017-997
AllenCCF-Annotation-2020-484682524,AllenCCF-Ontology-2017-983,AllenCCF-Ontology-2017-DIVI,1283,115864,0.11586400000000002,#CCCCCC,204,204,204,lateral forebrain bundle system,lfbs,division,2,17,AllenCCF-Ontology-2017-1009
AllenCCF-Annotation-2020-484682524,AllenCCF-Ontology-2017-896,AllenCCF-Ontology-2017-STRU,1283,115864,0.11586400000000002,#CCCCCC,204,204,204,thalamus related,lfbst,structure,3,351,AllenCCF-Ontology-2017-983
AllenCCF-Annotation-2020-484682524,AllenCCF-Ontology-2017-484682524,AllenCCF-Ontology-2017-SUBS,1283,115864,0.11586400000000002,#CCCCCC,204,204,204,auditory radiation,ar,substructure,4,835,AllenCCF-Ontology-2017-896
AllenCCF-Annotation-2020-102,AllenCCF-Ontology-2017-997,AllenCCF-Ontology-2017-ORGA,97,112364,0.11236400000000002,#FFFFFF,255,255,255,brain,brain,organ,0,0,
AllenCCF-Annotation-2020-102,AllenCCF-Ontology-2017-1009,AllenCCF-Ontology-2017-CATE,97,112364,0.11236400000000002,#CCCCCC,204,204,204,fiber tracts,fiber tracts,category,1,2,AllenCCF-Ontology-2017-997
AllenCCF-Annotation-2020-102,AllenCCF-Ontology-2017-1000,AllenCCF-Ontology-2017-DIVI,97,112364,0.11236400000000002,#CCCCCC,204,204,204,extrapyramidal fiber systems,eps,division,2,18,AllenCCF-Ontology-2017-1009
AllenCCF-Annotation-2020-102,AllenCCF-Ontology-2017-760,AllenCCF-Ontology-2017-STRU,97,112364,0.11236400000000002,#CCCCCC,204,204,204,cerebral nuclei related,epsc,structure,3,352,AllenCCF-Ontology-2017-1000
AllenCCF-Annotation-2020-102,AllenCCF-Ontology-2017-102,AllenCCF-Ontology-2017-SUBS,97,112364,0.11236400000000002,#CCCCCC,204,204,204,nigrostriatal tract,nst,substructure,4,837,AllenCCF-Ontology-2017-760
AllenCCF-Annotation-2020-1051,AllenCCF-Ontology-2017-997,AllenCCF-Ontology-2017-ORGA,1040,4,4.000000000000001e-06,#FFFFFF,255,255,255,brain,brain,organ,0,0,
AllenCCF-Annotation-2020-1051,AllenCCF-Ontology-2017-1009,AllenCCF-Ontology-2017-CATE,1040,4,4.000000000000001e-06,#CCCCCC,204,204,204,fiber tracts,fiber tracts,category,1,2,AllenCCF-Ontology-2017-997
AllenCCF-Annotation-2020-1051,AllenCCF-Ontology-2017-1000,AllenCCF-Ontology-2017-DIVI,1040,4,4.000000000000001e-06,#CCCCCC,204,204,204,extrapyramidal fiber systems,eps,division,2,18,AllenCCF-Ontology-2017-1009
AllenCCF-Annotation-2020-1051,AllenCCF-Ontology-2017-877,AllenCCF-Ontology-2017-STRU,1040,4,4.000000000000001e-06,#CCCCCC,204,204,204,tectospinal pathway,tsp,structure,3,353,AllenCCF-Ontology-2017-1000
AllenCCF-Annotation-2020-1051,AllenCCF-Ontology-2017-1051,AllenCCF-Ontology-2017-SUBS,1040,4,4.000000000000001e-06,#CCCCCC,204,204,204,direct tectospinal pathway,tspd,substructure,4,842,AllenCCF-Ontology-2017-877
AllenCCF-Annotation-2020-1060,AllenCCF-Ontology-2017-997,AllenCCF-Ontology-2017-ORGA,1049,5998,0.005998000000000001,#FFFFFF,255,255,255,brain,brain,organ,0,0,
AllenCCF-Annotation-2020-1060,AllenCCF-Ontology-2017-1009,AllenCCF-Ontology-2017-CATE,1049,5998,0.005998000000000001,#CCCCCC,204,204,204,fiber tracts,fiber tracts,category,1,2,AllenCCF-Ontology-2017-997
AllenCCF-Annotation-2020-1060,AllenCCF-Ontology-2017-1000,AllenCCF-Ontology-2017-DIVI,1049,5998,0.005998000000000001,#CCCCCC,204,204,204,extrapyramidal fiber systems,eps,division,2,18,AllenCCF-Ontology-2017-1009
AllenCCF-Annotation-2020-1060,AllenCCF-Ontology-2017-877,AllenCCF-Ontology-2017-STRU,1049,5998,0.005998000000000001,#CCCCCC,204,204,204,tectospinal pathway,tsp,structure,3,353,AllenCCF-Ontology-2017-1000
AllenCCF-Annotation-2020-1060,AllenCCF-Ontology-2017-1060,AllenCCF-Ontology-2017-SUBS,1049,5998,0.005998000000000001,#CCCCCC,204,204,204,doral tegmental decussation,dtd,substructure,4,843,AllenCCF-Ontology-2017-877
AllenCCF-Annotation-2020-1043,AllenCCF-Ontology-2017-997,AllenCCF-Ontology-2017-ORGA,1032,504314,0.504314,#FFFFFF,255,255,255,brain,brain,organ,0,0,
AllenCCF-Annotation-2020-1043,AllenCCF-Ontology-2017-1009,AllenCCF-Ontology-2017-CATE,1032,504314,0.504314,#CCCCCC,204,204,204,fiber tracts,fiber tracts,category,1,2,AllenCCF-Ontology-2017-997
AllenCCF-Annotation-2020-1043,AllenCCF-Ontology-2017-1000,AllenCCF-Ontology-2017-DIVI,1032,504314,0.504314,#CCCCCC,204,204,204,extrapyramidal fiber systems,eps,division,2,18,AllenCCF-Ontology-2017-1009
AllenCCF-Annotation-2020-1043,AllenCCF-Ontology-2017-877,AllenCCF-Ontology-2017-STRU,1032,504314,0.504314,#CCCCCC,204,204,204,tectospinal pathway,tsp,structure,3,353,AllenCCF-Ontology-2017-1000
AllenCCF-Annotation-2020-1043,AllenCCF-Ontology-2017-1043,AllenCCF-Ontology-2017-SUBS,1032,504314,0.504314,#CCCCCC,204,204,204,crossed tectospinal pathway,tspc,substructure,4,844,AllenCCF-Ontology-2017-877
AllenCCF-Annotation-2020-863,AllenCCF-Ontology-2017-997,AllenCCF-Ontology-2017-ORGA,853,568490,0.56849,#FFFFFF,255,255,255,brain,brain,organ,0,0,
AllenCCF-Annotation-2020-863,AllenCCF-Ontology-2017-1009,AllenCCF-Ontology-2017-CATE,853,568490,0.56849,#CCCCCC,204,204,204,fiber tracts,fiber tracts,category,1,2,AllenCCF-Ontology-2017-997
AllenCCF-Annotation-2020-863,AllenCCF-Ontology-2017-1000,AllenCCF-Ontology-2017-DIVI,853,568490,0.56849,#CCCCCC,204,204,204,extrapyramidal fiber systems,eps,division,2,18,AllenCCF-Ontology-2017-1009
AllenCCF-Annotation-2020-863,AllenCCF-Ontology-2017-863,AllenCCF-Ontology-2017-STRU,853,568490,0.56849,#CCCCCC,204,204,204,rubrospinal tract,rust,structure,3,354,AllenCCF-Ontology-2017-1000
AllenCCF-Annotation-2020-397,AllenCCF-Ontology-2017-997,AllenCCF-Ontology-2017-ORGA,387,37360,0.037360000000000004,#FFFFFF,255,255,255,brain,brain,organ,0,0,
AllenCCF-Annotation-2020-397,AllenCCF-Ontology-2017-1009,AllenCCF-Ontology-2017-CATE,387,37360,0.037360000000000004,#CCCCCC,204,204,204,fiber tracts,fiber tracts,category,1,2,AllenCCF-Ontology-2017-997
AllenCCF-Annotation-2020-397,AllenCCF-Ontology-2017-1000,AllenCCF-Ontology-2017-DIVI,387,37360,0.037360000000000004,#CCCCCC,204,204,204,extrapyramidal fiber systems,eps,division,2,18,AllenCCF-Ontology-2017-1009
AllenCCF-Annotation-2020-397,AllenCCF-Ontology-2017-863,AllenCCF-Ontology-2017-STRU,387,37360,0.037360000000000004,#CCCCCC,204,204,204,rubrospinal tract,rust,structure,3,354,AllenCCF-Ontology-2017-1000
AllenCCF-Annotation-2020-397,AllenCCF-Ontology-2017-397,AllenCCF-Ontology-2017-SUBS,387,37360,0.037360000000000004,#CCCCCC,204,204,204,ventral tegmental decussation,vtd,substructure,4,846,AllenCCF-Ontology-2017-863
AllenCCF-Annotation-2020-884,AllenCCF-Ontology-2017-997,AllenCCF-Ontology-2017-ORGA,874,163494,0.16349400000000003,#FFFFFF,255,255,255,brain,brain,organ,0,0,
AllenCCF-Annotation-2020-884,AllenCCF-Ontology-2017-1009,AllenCCF-Ontology-2017-CATE,874,163494,0.16349400000000003,#CCCCCC,204,204,204,fiber tracts,fiber tracts,category,1,2,AllenCCF-Ontology-2017-997
AllenCCF-Annotation-2020-884,AllenCCF-Ontology-2017-991,AllenCCF-Ontology-2017-DIVI,874,163494,0.16349400000000003,#CCCCCC,204,204,204,medial forebrain bundle system,mfbs,division,2,19,AllenCCF-Ontology-2017-1009
AllenCCF-Annotation-2020-884,AllenCCF-Ontology-2017-768,AllenCCF-Ontology-2017-STRU,874,163494,0.16349400000000003,#CCCCCC,204,204,204,cerebrum related,mfbc,structure,3,358,AllenCCF-Ontology-2017-991
AllenCCF-Annotation-2020-884,AllenCCF-Ontology-2017-884,AllenCCF-Ontology-2017-SUBS,874,163494,0.16349400000000003,#CCCCCC,204,204,204,amygdalar capsule,amc,substructure,4,850,AllenCCF-Ontology-2017-768
AllenCCF-Annotation-2020-908,AllenCCF-Ontology-2017-997,AllenCCF-Ontology-2017-ORGA,898,212056,0.21205600000000002,#FFFFFF,255,255,255,brain,brain,organ,0,0,
AllenCCF-Annotation-2020-908,AllenCCF-Ontology-2017-1009,AllenCCF-Ontology-2017-CATE,898,212056,0.21205600000000002,#CCCCCC,204,204,204,fiber tracts,fiber tracts,category,1,2,AllenCCF-Ontology-2017-997
AllenCCF-Annotation-2020-908,AllenCCF-Ontology-2017-991,AllenCCF-Ontology-2017-DIVI,898,212056,0.21205600000000002,#CCCCCC,204,204,204,medial forebrain bundle system,mfbs,division,2,19,AllenCCF-Ontology-2017-1009
AllenCCF-Annotation-2020-908,AllenCCF-Ontology-2017-768,AllenCCF-Ontology-2017-STRU,898,212056,0.21205600000000002,#CCCCCC,204,204,204,cerebrum related,mfbc,structure,3,358,AllenCCF-Ontology-2017-991
AllenCCF-Annotation-2020-908,AllenCCF-Ontology-2017-908,AllenCCF-Ontology-2017-SUBS,898,212056,0.21205600000000002,#CCCCCC,204,204,204,"anterior commissure, temporal limb",act,substructure,4,852,AllenCCF-Ontology-2017-768
AllenCCF-Annotation-2020-940,AllenCCF-Ontology-2017-997,AllenCCF-Ontology-2017-ORGA,930,1265742,1.2657420000000001,#FFFFFF,255,255,255,brain,brain,organ,0,0,
AllenCCF-Annotation-2020-940,AllenCCF-Ontology-2017-1009,AllenCCF-Ontology-2017-CATE,930,1265742,1.2657420000000001,#CCCCCC,204,204,204,fiber tracts,fiber tracts,category,1,2,AllenCCF-Ontology-2017-997
AllenCCF-Annotation-2020-940,AllenCCF-Ontology-2017-991,AllenCCF-Ontology-2017-DIVI,930,1265742,1.2657420000000001,#CCCCCC,204,204,204,medial forebrain bundle system,mfbs,division,2,19,AllenCCF-Ontology-2017-1009
AllenCCF-Annotation-2020-940,AllenCCF-Ontology-2017-768,AllenCCF-Ontology-2017-STRU,930,1265742,1.2657420000000001,#CCCCCC,204,204,204,cerebrum related,mfbc,structure,3,358,AllenCCF-Ontology-2017-991
AllenCCF-Annotation-2020-940,AllenCCF-Ontology-2017-940,AllenCCF-Ontology-2017-SUBS,930,1265742,1.2657420000000001,#CCCCCC,204,204,204,cingulum bundle,cing,substructure,4,853,AllenCCF-Ontology-2017-768
AllenCCF-Annotation-2020-466,AllenCCF-Ontology-2017-997,AllenCCF-Ontology-2017-ORGA,456,1403138,1.4031380000000002,#FFFFFF,255,255,255,brain,brain,organ,0,0,
AllenCCF-Annotation-2020-466,AllenCCF-Ontology-2017-1009,AllenCCF-Ontology-2017-CATE,456,1403138,1.4031380000000002,#CCCCCC,204,204,204,fiber tracts,fiber tracts,category,1,2,AllenCCF-Ontology-2017-997
AllenCCF-Annotation-2020-466,AllenCCF-Ontology-2017-991,AllenCCF-Ontology-2017-DIVI,456,1403138,1.4031380000000002,#CCCCCC,204,204,204,medial forebrain bundle system,mfbs,division,2,19,AllenCCF-Ontology-2017-1009
AllenCCF-Annotation-2020-466,AllenCCF-Ontology-2017-768,AllenCCF-Ontology-2017-STRU,456,1403138,1.4031380000000002,#CCCCCC,204,204,204,cerebrum related,mfbc,structure,3,358,AllenCCF-Ontology-2017-991
AllenCCF-Annotation-2020-466,AllenCCF-Ontology-2017-466,AllenCCF-Ontology-2017-SUBS,456,1403138,1.4031380000000002,#CCCCCC,204,204,204,alveus,alv,substructure,4,854,AllenCCF-Ontology-2017-768
AllenCCF-Annotation-2020-530,AllenCCF-Ontology-2017-997,AllenCCF-Ontology-2017-ORGA,520,37530,0.03753000000000001,#FFFFFF,255,255,255,brain,brain,organ,0,0,
AllenCCF-Annotation-2020-530,AllenCCF-Ontology-2017-1009,AllenCCF-Ontology-2017-CATE,520,37530,0.03753000000000001,#CCCCCC,204,204,204,fiber tracts,fiber tracts,category,1,2,AllenCCF-Ontology-2017-997
AllenCCF-Annotation-2020-530,AllenCCF-Ontology-2017-991,AllenCCF-Ontology-2017-DIVI,520,37530,0.03753000000000001,#CCCCCC,204,204,204,medial forebrain bundle system,mfbs,division,2,19,AllenCCF-Ontology-2017-1009
AllenCCF-Annotation-2020-530,AllenCCF-Ontology-2017-768,AllenCCF-Ontology-2017-STRU,520,37530,0.03753000000000001,#CCCCCC,204,204,204,cerebrum related,mfbc,structure,3,358,AllenCCF-Ontology-2017-991
AllenCCF-Annotation-2020-530,AllenCCF-Ontology-2017-530,AllenCCF-Ontology-2017-SUBS,520,37530,0.03753000000000001,#CCCCCC,204,204,204,dorsal fornix,df,substructure,4,855,AllenCCF-Ontology-2017-768
AllenCCF-Annotation-2020-603,AllenCCF-Ontology-2017-997,AllenCCF-Ontology-2017-ORGA,593,1512536,1.5125360000000003,#FFFFFF,255,255,255,brain,brain,organ,0,0,
AllenCCF-Annotation-2020-603,AllenCCF-Ontology-2017-1009,AllenCCF-Ontology-2017-CATE,593,1512536,1.5125360000000003,#CCCCCC,204,204,204,fiber tracts,fiber tracts,category,1,2,AllenCCF-Ontology-2017-997
AllenCCF-Annotation-2020-603,AllenCCF-Ontology-2017-991,AllenCCF-Ontology-2017-DIVI,593,1512536,1.5125360000000003,#CCCCCC,204,204,204,medial forebrain bundle system,mfbs,division,2,19,AllenCCF-Ontology-2017-1009
AllenCCF-Annotation-2020-603,AllenCCF-Ontology-2017-768,AllenCCF-Ontology-2017-STRU,593,1512536,1.5125360000000003,#CCCCCC,204,204,204,cerebrum related,mfbc,structure,3,358,AllenCCF-Ontology-2017-991
AllenCCF-Annotation-2020-603,AllenCCF-Ontology-2017-603,AllenCCF-Ontology-2017-SUBS,593,1512536,1.5125360000000003,#CCCCCC,204,204,204,fimbria,fi,substructure,4,856,AllenCCF-Ontology-2017-768
AllenCCF-Annotation-2020-428,AllenCCF-Ontology-2017-997,AllenCCF-Ontology-2017-ORGA,418,8330,0.00833,#FFFFFF,255,255,255,brain,brain,organ,0,0,
AllenCCF-Annotation-2020-428,AllenCCF-Ontology-2017-1009,AllenCCF-Ontology-2017-CATE,418,8330,0.00833,#CCCCCC,204,204,204,fiber tracts,fiber tracts,category,1,2,AllenCCF-Ontology-2017-997
AllenCCF-Annotation-2020-428,AllenCCF-Ontology-2017-991,AllenCCF-Ontology-2017-DIVI,418,8330,0.00833,#CCCCCC,204,204,204,medial forebrain bundle system,mfbs,division,2,19,AllenCCF-Ontology-2017-1009
AllenCCF-Annotation-2020-428,AllenCCF-Ontology-2017-768,AllenCCF-Ontology-2017-STRU,418,8330,0.00833,#CCCCCC,204,204,204,cerebrum related,mfbc,structure,3,358,AllenCCF-Ontology-2017-991
AllenCCF-Annotation-2020-428,AllenCCF-Ontology-2017-428,AllenCCF-Ontology-2017-SUBS,418,8330,0.00833,#CCCCCC,204,204,204,medial corticohypothalamic tract,mct,substructure,4,857,AllenCCF-Ontology-2017-768
AllenCCF-Annotation-2020-436,AllenCCF-Ontology-2017-997,AllenCCF-Ontology-2017-ORGA,426,269618,0.269618,#FFFFFF,255,255,255,brain,brain,organ,0,0,
AllenCCF-Annotation-2020-436,AllenCCF-Ontology-2017-1009,AllenCCF-Ontology-2017-CATE,426,269618,0.269618,#CCCCCC,204,204,204,fiber tracts,fiber tracts,category,1,2,AllenCCF-Ontology-2017-997
AllenCCF-Annotation-2020-436,AllenCCF-Ontology-2017-991,AllenCCF-Ontology-2017-DIVI,426,269618,0.269618,#CCCCCC,204,204,204,medial forebrain bundle system,mfbs,division,2,19,AllenCCF-Ontology-2017-1009
AllenCCF-Annotation-2020-436,AllenCCF-Ontology-2017-768,AllenCCF-Ontology-2017-STRU,426,269618,0.269618,#CCCCCC,204,204,204,cerebrum related,mfbc,structure,3,358,AllenCCF-Ontology-2017-991
AllenCCF-Annotation-2020-436,AllenCCF-Ontology-2017-436,AllenCCF-Ontology-2017-SUBS,426,269618,0.269618,#CCCCCC,204,204,204,columns of the fornix,fx,substructure,4,858,AllenCCF-Ontology-2017-768
AllenCCF-Annotation-2020-443,AllenCCF-Ontology-2017-997,AllenCCF-Ontology-2017-ORGA,433,952736,0.9527360000000001,#FFFFFF,255,255,255,brain,brain,organ,0,0,
AllenCCF-Annotation-2020-443,AllenCCF-Ontology-2017-1009,AllenCCF-Ontology-2017-CATE,433,952736,0.9527360000000001,#CCCCCC,204,204,204,fiber tracts,fiber tracts,category,1,2,AllenCCF-Ontology-2017-997
AllenCCF-Annotation-2020-443,AllenCCF-Ontology-2017-991,AllenCCF-Ontology-2017-DIVI,433,952736,0.9527360000000001,#CCCCCC,204,204,204,medial forebrain bundle system,mfbs,division,2,19,AllenCCF-Ontology-2017-1009
AllenCCF-Annotation-2020-443,AllenCCF-Ontology-2017-768,AllenCCF-Ontology-2017-STRU,433,952736,0.9527360000000001,#CCCCCC,204,204,204,cerebrum related,mfbc,structure,3,358,AllenCCF-Ontology-2017-991
AllenCCF-Annotation-2020-443,AllenCCF-Ontology-2017-443,AllenCCF-Ontology-2017-SUBS,433,952736,0.9527360000000001,#CCCCCC,204,204,204,dorsal hippocampal commissure,dhc,substructure,4,859,AllenCCF-Ontology-2017-768
AllenCCF-Annotation-2020-449,AllenCCF-Ontology-2017-997,AllenCCF-Ontology-2017-ORGA,439,64704,0.06470400000000001,#FFFFFF,255,255,255,brain,brain,organ,0,0,
AllenCCF-Annotation-2020-449,AllenCCF-Ontology-2017-1009,AllenCCF-Ontology-2017-CATE,439,64704,0.06470400000000001,#CCCCCC,204,204,204,fiber tracts,fiber tracts,category,1,2,AllenCCF-Ontology-2017-997
AllenCCF-Annotation-2020-449,AllenCCF-Ontology-2017-991,AllenCCF-Ontology-2017-DIVI,439,64704,0.06470400000000001,#CCCCCC,204,204,204,medial forebrain bundle system,mfbs,division,2,19,AllenCCF-Ontology-2017-1009
AllenCCF-Annotation-2020-449,AllenCCF-Ontology-2017-768,AllenCCF-Ontology-2017-STRU,439,64704,0.06470400000000001,#CCCCCC,204,204,204,cerebrum related,mfbc,structure,3,358,AllenCCF-Ontology-2017-991
AllenCCF-Annotation-2020-449,AllenCCF-Ontology-2017-449,AllenCCF-Ontology-2017-SUBS,439,64704,0.06470400000000001,#CCCCCC,204,204,204,ventral hippocampal commissure,vhc,substructure,4,860,AllenCCF-Ontology-2017-768
AllenCCF-Annotation-2020-301,AllenCCF-Ontology-2017-997,AllenCCF-Ontology-2017-ORGA,291,333386,0.33338600000000007,#FFFFFF,255,255,255,brain,brain,organ,0,0,
AllenCCF-Annotation-2020-301,AllenCCF-Ontology-2017-1009,AllenCCF-Ontology-2017-CATE,291,333386,0.33338600000000007,#CCCCCC,204,204,204,fiber tracts,fiber tracts,category,1,2,AllenCCF-Ontology-2017-997
AllenCCF-Annotation-2020-301,AllenCCF-Ontology-2017-991,AllenCCF-Ontology-2017-DIVI,291,333386,0.33338600000000007,#CCCCCC,204,204,204,medial forebrain bundle system,mfbs,division,2,19,AllenCCF-Ontology-2017-1009
AllenCCF-Annotation-2020-301,AllenCCF-Ontology-2017-768,AllenCCF-Ontology-2017-STRU,291,333386,0.33338600000000007,#CCCCCC,204,204,204,cerebrum related,mfbc,structure,3,358,AllenCCF-Ontology-2017-991
AllenCCF-Annotation-2020-301,AllenCCF-Ontology-2017-301,AllenCCF-Ontology-2017-SUBS,291,333386,0.33338600000000007,#CCCCCC,204,204,204,stria terminalis,st,substructure,4,862,AllenCCF-Ontology-2017-768
AllenCCF-Annotation-2020-484682528,AllenCCF-Ontology-2017-997,AllenCCF-Ontology-2017-ORGA,1284,35128,0.035128000000000006,#FFFFFF,255,255,255,brain,brain,organ,0,0,
AllenCCF-Annotation-2020-484682528,AllenCCF-Ontology-2017-1009,AllenCCF-Ontology-2017-CATE,1284,35128,0.035128000000000006,#CCCCCC,204,204,204,fiber tracts,fiber tracts,category,1,2,AllenCCF-Ontology-2017-997
AllenCCF-Annotation-2020-484682528,AllenCCF-Ontology-2017-991,AllenCCF-Ontology-2017-DIVI,1284,35128,0.035128000000000006,#CCCCCC,204,204,204,medial forebrain bundle system,mfbs,division,2,19,AllenCCF-Ontology-2017-1009
AllenCCF-Annotation-2020-484682528,AllenCCF-Ontology-2017-768,AllenCCF-Ontology-2017-STRU,1284,35128,0.035128000000000006,#CCCCCC,204,204,204,cerebrum related,mfbc,structure,3,358,AllenCCF-Ontology-2017-991
AllenCCF-Annotation-2020-484682528,AllenCCF-Ontology-2017-301,AllenCCF-Ontology-2017-SUBS,1284,35128,0.035128000000000006,#CCCCCC,204,204,204,stria terminalis,st,substructure,4,862,AllenCCF-Ontology-2017-768
AllenCCF-Annotation-2020-54,AllenCCF-Ontology-2017-997,AllenCCF-Ontology-2017-ORGA,49,49344,0.049344000000000006,#FFFFFF,255,255,255,brain,brain,organ,0,0,
AllenCCF-Annotation-2020-54,AllenCCF-Ontology-2017-1009,AllenCCF-Ontology-2017-CATE,49,49344,0.049344000000000006,#CCCCCC,204,204,204,fiber tracts,fiber tracts,category,1,2,AllenCCF-Ontology-2017-997
AllenCCF-Annotation-2020-54,AllenCCF-Ontology-2017-991,AllenCCF-Ontology-2017-DIVI,49,49344,0.049344000000000006,#CCCCCC,204,204,204,medial forebrain bundle system,mfbs,division,2,19,AllenCCF-Ontology-2017-1009
AllenCCF-Annotation-2020-54,AllenCCF-Ontology-2017-824,AllenCCF-Ontology-2017-STRU,49,49344,0.049344000000000006,#CCCCCC,204,204,204,hypothalamus related,mfsbshy,structure,3,359,AllenCCF-Ontology-2017-991
AllenCCF-Annotation-2020-54,AllenCCF-Ontology-2017-54,AllenCCF-Ontology-2017-SUBS,49,49344,0.049344000000000006,#CCCCCC,204,204,204,medial forebrain bundle,mfb,substructure,4,863,AllenCCF-Ontology-2017-824
AllenCCF-Annotation-2020-349,AllenCCF-Ontology-2017-997,AllenCCF-Ontology-2017-ORGA,339,25028,0.025028000000000005,#FFFFFF,255,255,255,brain,brain,organ,0,0,
AllenCCF-Annotation-2020-349,AllenCCF-Ontology-2017-1009,AllenCCF-Ontology-2017-CATE,339,25028,0.025028000000000005,#CCCCCC,204,204,204,fiber tracts,fiber tracts,category,1,2,AllenCCF-Ontology-2017-997
AllenCCF-Annotation-2020-349,AllenCCF-Ontology-2017-991,AllenCCF-Ontology-2017-DIVI,339,25028,0.025028000000000005,#CCCCCC,204,204,204,medial forebrain bundle system,mfbs,division,2,19,AllenCCF-Ontology-2017-1009
AllenCCF-Annotation-2020-349,AllenCCF-Ontology-2017-824,AllenCCF-Ontology-2017-STRU,339,25028,0.025028000000000005,#CCCCCC,204,204,204,hypothalamus related,mfsbshy,structure,3,359,AllenCCF-Ontology-2017-991
AllenCCF-Annotation-2020-349,AllenCCF-Ontology-2017-349,AllenCCF-Ontology-2017-SUBS,339,25028,0.025028000000000005,#CCCCCC,204,204,204,supraoptic commissures,sup,substructure,4,866,AllenCCF-Ontology-2017-824
AllenCCF-Annotation-2020-753,AllenCCF-Ontology-2017-997,AllenCCF-Ontology-2017-ORGA,743,33298,0.03329800000000001,#FFFFFF,255,255,255,brain,brain,organ,0,0,
AllenCCF-Annotation-2020-753,AllenCCF-Ontology-2017-1009,AllenCCF-Ontology-2017-CATE,743,33298,0.03329800000000001,#CCCCCC,204,204,204,fiber tracts,fiber tracts,category,1,2,AllenCCF-Ontology-2017-997
AllenCCF-Annotation-2020-753,AllenCCF-Ontology-2017-991,AllenCCF-Ontology-2017-DIVI,743,33298,0.03329800000000001,#CCCCCC,204,204,204,medial forebrain bundle system,mfbs,division,2,19,AllenCCF-Ontology-2017-1009
AllenCCF-Annotation-2020-753,AllenCCF-Ontology-2017-824,AllenCCF-Ontology-2017-STRU,743,33298,0.03329800000000001,#CCCCCC,204,204,204,hypothalamus related,mfsbshy,structure,3,359,AllenCCF-Ontology-2017-991
AllenCCF-Annotation-2020-753,AllenCCF-Ontology-2017-753,AllenCCF-Ontology-2017-SUBS,743,33298,0.03329800000000001,#CCCCCC,204,204,204,principal mammillary tract,pm,substructure,4,871,AllenCCF-Ontology-2017-824
AllenCCF-Annotation-2020-690,AllenCCF-Ontology-2017-997,AllenCCF-Ontology-2017-ORGA,680,129534,0.129534,#FFFFFF,255,255,255,brain,brain,organ,0,0,
AllenCCF-Annotation-2020-690,AllenCCF-Ontology-2017-1009,AllenCCF-Ontology-2017-CATE,680,129534,0.129534,#CCCCCC,204,204,204,fiber tracts,fiber tracts,category,1,2,AllenCCF-Ontology-2017-997
AllenCCF-Annotation-2020-690,AllenCCF-Ontology-2017-991,AllenCCF-Ontology-2017-DIVI,680,129534,0.129534,#CCCCCC,204,204,204,medial forebrain bundle system,mfbs,division,2,19,AllenCCF-Ontology-2017-1009
AllenCCF-Annotation-2020-690,AllenCCF-Ontology-2017-824,AllenCCF-Ontology-2017-STRU,680,129534,0.129534,#CCCCCC,204,204,204,hypothalamus related,mfsbshy,structure,3,359,AllenCCF-Ontology-2017-991
AllenCCF-Annotation-2020-690,AllenCCF-Ontology-2017-690,AllenCCF-Ontology-2017-SUBS,680,129534,0.129534,#CCCCCC,204,204,204,mammillothalamic tract,mtt,substructure,4,872,AllenCCF-Ontology-2017-824
AllenCCF-Annotation-2020-681,AllenCCF-Ontology-2017-997,AllenCCF-Ontology-2017-ORGA,671,56046,0.05604600000000001,#FFFFFF,255,255,255,brain,brain,organ,0,0,
AllenCCF-Annotation-2020-681,AllenCCF-Ontology-2017-1009,AllenCCF-Ontology-2017-CATE,671,56046,0.05604600000000001,#CCCCCC,204,204,204,fiber tracts,fiber tracts,category,1,2,AllenCCF-Ontology-2017-997
AllenCCF-Annotation-2020-681,AllenCCF-Ontology-2017-991,AllenCCF-Ontology-2017-DIVI,671,56046,0.05604600000000001,#CCCCCC,204,204,204,medial forebrain bundle system,mfbs,division,2,19,AllenCCF-Ontology-2017-1009
AllenCCF-Annotation-2020-681,AllenCCF-Ontology-2017-824,AllenCCF-Ontology-2017-STRU,671,56046,0.05604600000000001,#CCCCCC,204,204,204,hypothalamus related,mfsbshy,structure,3,359,AllenCCF-Ontology-2017-991
AllenCCF-Annotation-2020-681,AllenCCF-Ontology-2017-681,AllenCCF-Ontology-2017-SUBS,671,56046,0.05604600000000001,#CCCCCC,204,204,204,mammillotegmental tract,mtg,substructure,4,873,AllenCCF-Ontology-2017-824
AllenCCF-Annotation-2020-673,AllenCCF-Ontology-2017-997,AllenCCF-Ontology-2017-ORGA,663,31742,0.031742000000000006,#FFFFFF,255,255,255,brain,brain,organ,0,0,
AllenCCF-Annotation-2020-673,AllenCCF-Ontology-2017-1009,AllenCCF-Ontology-2017-CATE,663,31742,0.031742000000000006,#CCCCCC,204,204,204,fiber tracts,fiber tracts,category,1,2,AllenCCF-Ontology-2017-997
AllenCCF-Annotation-2020-673,AllenCCF-Ontology-2017-991,AllenCCF-Ontology-2017-DIVI,663,31742,0.031742000000000006,#CCCCCC,204,204,204,medial forebrain bundle system,mfbs,division,2,19,AllenCCF-Ontology-2017-1009
AllenCCF-Annotation-2020-673,AllenCCF-Ontology-2017-824,AllenCCF-Ontology-2017-STRU,663,31742,0.031742000000000006,#CCCCCC,204,204,204,hypothalamus related,mfsbshy,structure,3,359,AllenCCF-Ontology-2017-991
AllenCCF-Annotation-2020-673,AllenCCF-Ontology-2017-673,AllenCCF-Ontology-2017-SUBS,663,31742,0.031742000000000006,#CCCCCC,204,204,204,mammillary peduncle,mp,substructure,4,874,AllenCCF-Ontology-2017-824
AllenCCF-Annotation-2020-802,AllenCCF-Ontology-2017-997,AllenCCF-Ontology-2017-ORGA,792,270700,0.27070000000000005,#FFFFFF,255,255,255,brain,brain,organ,0,0,
AllenCCF-Annotation-2020-802,AllenCCF-Ontology-2017-1009,AllenCCF-Ontology-2017-CATE,792,270700,0.27070000000000005,#CCCCCC,204,204,204,fiber tracts,fiber tracts,category,1,2,AllenCCF-Ontology-2017-997
AllenCCF-Annotation-2020-802,AllenCCF-Ontology-2017-991,AllenCCF-Ontology-2017-DIVI,792,270700,0.27070000000000005,#CCCCCC,204,204,204,medial forebrain bundle system,mfbs,division,2,19,AllenCCF-Ontology-2017-1009
AllenCCF-Annotation-2020-802,AllenCCF-Ontology-2017-824,AllenCCF-Ontology-2017-STRU,792,270700,0.27070000000000005,#CCCCCC,204,204,204,hypothalamus related,mfsbshy,structure,3,359,AllenCCF-Ontology-2017-991
AllenCCF-Annotation-2020-802,AllenCCF-Ontology-2017-802,AllenCCF-Ontology-2017-SUBS,792,270700,0.27070000000000005,#CCCCCC,204,204,204,stria medullaris,sm,substructure,4,876,AllenCCF-Ontology-2017-824
AllenCCF-Annotation-2020-595,AllenCCF-Ontology-2017-997,AllenCCF-Ontology-2017-ORGA,585,167622,0.16762200000000002,#FFFFFF,255,255,255,brain,brain,organ,0,0,
AllenCCF-Annotation-2020-595,AllenCCF-Ontology-2017-1009,AllenCCF-Ontology-2017-CATE,585,167622,0.16762200000000002,#CCCCCC,204,204,204,fiber tracts,fiber tracts,category,1,2,AllenCCF-Ontology-2017-997
AllenCCF-Annotation-2020-595,AllenCCF-Ontology-2017-991,AllenCCF-Ontology-2017-DIVI,585,167622,0.16762200000000002,#CCCCCC,204,204,204,medial forebrain bundle system,mfbs,division,2,19,AllenCCF-Ontology-2017-1009
AllenCCF-Annotation-2020-595,AllenCCF-Ontology-2017-824,AllenCCF-Ontology-2017-STRU,585,167622,0.16762200000000002,#CCCCCC,204,204,204,hypothalamus related,mfsbshy,structure,3,359,AllenCCF-Ontology-2017-991
AllenCCF-Annotation-2020-595,AllenCCF-Ontology-2017-595,AllenCCF-Ontology-2017-SUBS,585,167622,0.16762200000000002,#CCCCCC,204,204,204,fasciculus retroflexus,fr,substructure,4,877,AllenCCF-Ontology-2017-824
AllenCCF-Annotation-2020-611,AllenCCF-Ontology-2017-997,AllenCCF-Ontology-2017-ORGA,601,47790,0.047790000000000006,#FFFFFF,255,255,255,brain,brain,organ,0,0,
AllenCCF-Annotation-2020-611,AllenCCF-Ontology-2017-1009,AllenCCF-Ontology-2017-CATE,601,47790,0.047790000000000006,#CCCCCC,204,204,204,fiber tracts,fiber tracts,category,1,2,AllenCCF-Ontology-2017-997
AllenCCF-Annotation-2020-611,AllenCCF-Ontology-2017-991,AllenCCF-Ontology-2017-DIVI,601,47790,0.047790000000000006,#CCCCCC,204,204,204,medial forebrain bundle system,mfbs,division,2,19,AllenCCF-Ontology-2017-1009
AllenCCF-Annotation-2020-611,AllenCCF-Ontology-2017-824,AllenCCF-Ontology-2017-STRU,601,47790,0.047790000000000006,#CCCCCC,204,204,204,hypothalamus related,mfsbshy,structure,3,359,AllenCCF-Ontology-2017-991
AllenCCF-Annotation-2020-611,AllenCCF-Ontology-2017-611,AllenCCF-Ontology-2017-SUBS,601,47790,0.047790000000000006,#CCCCCC,204,204,204,habenular commissure,hbc,substructure,4,878,AllenCCF-Ontology-2017-824
AllenCCF-Annotation-2020-81,AllenCCF-Ontology-2017-997,AllenCCF-Ontology-2017-ORGA,76,2151554,2.1515540000000004,#FFFFFF,255,255,255,brain,brain,organ,0,0,
AllenCCF-Annotation-2020-81,AllenCCF-Ontology-2017-73,AllenCCF-Ontology-2017-CATE,76,2151554,2.1515540000000004,#AAAAAA,170,170,170,ventricular systems,VS,category,1,3,AllenCCF-Ontology-2017-997
AllenCCF-Annotation-2020-81,AllenCCF-Ontology-2017-81,AllenCCF-Ontology-2017-DIVI,76,2151554,2.1515540000000004,#AAAAAA,170,170,170,lateral ventricle,VL,division,2,20,AllenCCF-Ontology-2017-73
AllenCCF-Annotation-2020-98,AllenCCF-Ontology-2017-997,AllenCCF-Ontology-2017-ORGA,93,136484,0.13648400000000002,#FFFFFF,255,255,255,brain,brain,organ,0,0,
AllenCCF-Annotation-2020-98,AllenCCF-Ontology-2017-73,AllenCCF-Ontology-2017-CATE,93,136484,0.13648400000000002,#AAAAAA,170,170,170,ventricular systems,VS,category,1,3,AllenCCF-Ontology-2017-997
AllenCCF-Annotation-2020-98,AllenCCF-Ontology-2017-81,AllenCCF-Ontology-2017-DIVI,93,136484,0.13648400000000002,#AAAAAA,170,170,170,lateral ventricle,VL,division,2,20,AllenCCF-Ontology-2017-73
AllenCCF-Annotation-2020-98,AllenCCF-Ontology-2017-98,AllenCCF-Ontology-2017-STRU,93,136484,0.13648400000000002,#AAAAAA,170,170,170,subependymal zone,SEZ,structure,3,362,AllenCCF-Ontology-2017-81
AllenCCF-Annotation-2020-108,AllenCCF-Ontology-2017-997,AllenCCF-Ontology-2017-ORGA,103,1446032,1.4460320000000002,#FFFFFF,255,255,255,brain,brain,organ,0,0,
AllenCCF-Annotation-2020-108,AllenCCF-Ontology-2017-73,AllenCCF-Ontology-2017-CATE,103,1446032,1.4460320000000002,#AAAAAA,170,170,170,ventricular systems,VS,category,1,3,AllenCCF-Ontology-2017-997
AllenCCF-Annotation-2020-108,AllenCCF-Ontology-2017-81,AllenCCF-Ontology-2017-DIVI,103,1446032,1.4460320000000002,#AAAAAA,170,170,170,lateral ventricle,VL,division,2,20,AllenCCF-Ontology-2017-73
AllenCCF-Annotation-2020-108,AllenCCF-Ontology-2017-108,AllenCCF-Ontology-2017-STRU,103,1446032,1.4460320000000002,#AAAAAA,170,170,170,choroid plexus,chpl,structure,3,363,AllenCCF-Ontology-2017-81
AllenCCF-Annotation-2020-129,AllenCCF-Ontology-2017-997,AllenCCF-Ontology-2017-ORGA,124,891188,0.8911880000000002,#FFFFFF,255,255,255,brain,brain,organ,0,0,
AllenCCF-Annotation-2020-129,AllenCCF-Ontology-2017-73,AllenCCF-Ontology-2017-CATE,124,891188,0.8911880000000002,#AAAAAA,170,170,170,ventricular systems,VS,category,1,3,AllenCCF-Ontology-2017-997
AllenCCF-Annotation-2020-129,AllenCCF-Ontology-2017-129,AllenCCF-Ontology-2017-DIVI,124,891188,0.8911880000000002,#AAAAAA,170,170,170,third ventricle,V3,division,2,21,AllenCCF-Ontology-2017-73
AllenCCF-Annotation-2020-140,AllenCCF-Ontology-2017-997,AllenCCF-Ontology-2017-ORGA,135,405256,0.40525600000000006,#FFFFFF,255,255,255,brain,brain,organ,0,0,
AllenCCF-Annotation-2020-140,AllenCCF-Ontology-2017-73,AllenCCF-Ontology-2017-CATE,135,405256,0.40525600000000006,#AAAAAA,170,170,170,ventricular systems,VS,category,1,3,AllenCCF-Ontology-2017-997
AllenCCF-Annotation-2020-140,AllenCCF-Ontology-2017-140,AllenCCF-Ontology-2017-DIVI,135,405256,0.40525600000000006,#AAAAAA,170,170,170,cerebral aqueduct,AQ,division,2,22,AllenCCF-Ontology-2017-73
AllenCCF-Annotation-2020-145,AllenCCF-Ontology-2017-997,AllenCCF-Ontology-2017-ORGA,140,499566,0.49956600000000007,#FFFFFF,255,255,255,brain,brain,organ,0,0,
AllenCCF-Annotation-2020-145,AllenCCF-Ontology-2017-73,AllenCCF-Ontology-2017-CATE,140,499566,0.49956600000000007,#AAAAAA,170,170,170,ventricular systems,VS,category,1,3,AllenCCF-Ontology-2017-997
AllenCCF-Annotation-2020-145,AllenCCF-Ontology-2017-145,AllenCCF-Ontology-2017-DIVI,140,499566,0.49956600000000007,#AAAAAA,170,170,170,fourth ventricle,V4,division,2,23,AllenCCF-Ontology-2017-73
AllenCCF-Annotation-2020-153,AllenCCF-Ontology-2017-997,AllenCCF-Ontology-2017-ORGA,148,461680,0.4616800000000001,#FFFFFF,255,255,255,brain,brain,organ,0,0,
AllenCCF-Annotation-2020-153,AllenCCF-Ontology-2017-73,AllenCCF-Ontology-2017-CATE,148,461680,0.4616800000000001,#AAAAAA,170,170,170,ventricular systems,VS,category,1,3,AllenCCF-Ontology-2017-997
AllenCCF-Annotation-2020-153,AllenCCF-Ontology-2017-145,AllenCCF-Ontology-2017-DIVI,148,461680,0.4616800000000001,#AAAAAA,170,170,170,fourth ventricle,V4,division,2,23,AllenCCF-Ontology-2017-73
AllenCCF-Annotation-2020-153,AllenCCF-Ontology-2017-153,AllenCCF-Ontology-2017-STRU,148,461680,0.4616800000000001,#AAAAAA,170,170,170,lateral recess,V4r,structure,3,368,AllenCCF-Ontology-2017-145
AllenCCF-Annotation-2020-164,AllenCCF-Ontology-2017-997,AllenCCF-Ontology-2017-ORGA,159,432,0.0004320000000000001,#FFFFFF,255,255,255,brain,brain,organ,0,0,
AllenCCF-Annotation-2020-164,AllenCCF-Ontology-2017-73,AllenCCF-Ontology-2017-CATE,159,432,0.0004320000000000001,#AAAAAA,170,170,170,ventricular systems,VS,category,1,3,AllenCCF-Ontology-2017-997
AllenCCF-Annotation-2020-164,AllenCCF-Ontology-2017-164,AllenCCF-Ontology-2017-DIVI,159,432,0.0004320000000000001,#AAAAAA,170,170,170,"central canal, spinal cord/medulla",c,division,2,24,AllenCCF-Ontology-2017-73
AllenCCF-Annotation-2020-0,ABC-Ontology-2023-unassigned-organ,AllenCCF-Ontology-2017-ORGA,0,697783214,697.7832140000002,#000000,0,0,0,unassigned,unassigned,organ,0,1,
AllenCCF-Annotation-2020-0,ABC-Ontology-2023-unassigned-category,AllenCCF-Ontology-2017-CATE,0,697783214,697.7832140000002,#000000,0,0,0,unassigned,unassigned,category,1,4,ABC-Ontology-2023-unassigned-organ
AllenCCF-Annotation-2020-0,ABC-Ontology-2023-unassigned-division,AllenCCF-Ontology-2017-DIVI,0,697783214,697.7832140000002,#000000,0,0,0,unassigned,unassigned,division,2,25,ABC-Ontology-2023-unassigned-category
AllenCCF-Annotation-2020-0,ABC-Ontology-2023-unassigned-structure,AllenCCF-Ontology-2017-STRU,0,697783214,697.7832140000002,#000000,0,0,0,unassigned,unassigned,structure,3,370,ABC-Ontology-2023-unassigned-division
AllenCCF-Annotation-2020-0,ABC-Ontology-2023-unassigned-substructure,AllenCCF-Ontology-2017-SUBS,0,697783214,697.7832140000002,#000000,0,0,0,unassigned,unassigned,substructure,4,888,ABC-Ontology-2023-unassigned-structure
AllenCCF-Annotation-2020-997,ABC-Ontology-2023-brain-category,AllenCCF-Ontology-2017-CATE,987,3564320,3.5643200000000004,#FFFFFF,255,255,255,"brain, unassigned",brain-unassigned,category,1,0,AllenCCF-Ontology-2017-997
AllenCCF-Annotation-2020-997,ABC-Ontology-2023-brain-division,AllenCCF-Ontology-2017-DIVI,987,3564320,3.5643200000000004,#FFFFFF,255,255,255,"brain, unassigned",brain-unassigned,division,2,0,ABC-Ontology-2023-brain-category
AllenCCF-Annotation-2020-997,ABC-Ontology-2023-brain-structure,AllenCCF-Ontology-2017-STRU,987,3564320,3.5643200000000004,#FFFFFF,255,255,255,"brain, unassigned",brain-unassigned,structure,3,0,ABC-Ontology-2023-brain-division
AllenCCF-Annotation-2020-997,ABC-Ontology-2023-brain-substructure,AllenCCF-Ontology-2017-SUBS,987,3564320,3.5643200000000004,#FFFFFF,255,255,255,"brain, unassigned",brain-unassigned,substructure,4,0,ABC-Ontology-2023-brain-structure
AllenCCF-Annotation-2020-698,ABC-Ontology-2023-OLF-structure,AllenCCF-Ontology-2017-STRU,688,5018622,5.018622000000001,#9AD2BD,154,210,189,"Olfactory areas, unassigned",OLF-unassigned,structure,3,44,AllenCCF-Ontology-2017-698
AllenCCF-Annotation-2020-698,ABC-Ontology-2023-OLF-substructure,AllenCCF-Ontology-2017-SUBS,688,5018622,5.018622000000001,#9AD2BD,154,210,189,"Olfactory areas, unassigned",OLF-unassigned,substructure,4,251,ABC-Ontology-2023-OLF-structure
AllenCCF-Annotation-2020-507,ABC-Ontology-2023-MOB-substructure,AllenCCF-Ontology-2017-SUBS,497,4298904,4.298904,#9AD2BD,154,210,189,"Main olfactory bulb, unassigned",MOB-unassigned,substructure,4,252,AllenCCF-Ontology-2017-507
AllenCCF-Annotation-2020-159,ABC-Ontology-2023-AON-substructure,AllenCCF-Ontology-2017-SUBS,154,4863404,4.863404000000001,#54BF94,84,191,148,Anterior olfactory nucleus,AON,substructure,4,261,AllenCCF-Ontology-2017-159
AllenCCF-Annotation-2020-814,ABC-Ontology-2023-DP-substructure,AllenCCF-Ontology-2017-SUBS,804,504720,0.5047200000000001,#A4DAA4,164,218,164,Dorsal peduncular area,DP,substructure,4,271,AllenCCF-Ontology-2017-814
AllenCCF-Annotation-2020-961,ABC-Ontology-2023-PIR-substructure,AllenCCF-Ontology-2017-SUBS,951,11566814,11.566814000000003,#6ACBBA,106,203,186,Piriform area,PIR,substructure,4,277,AllenCCF-Ontology-2017-961
AllenCCF-Annotation-2020-639,ABC-Ontology-2023-COAa-substructure,AllenCCF-Ontology-2017-SUBS,629,767476,0.7674760000000002,#61E7B7,97,231,183,"Cortical amygdalar area, anterior part",COAa,substructure,4,286,AllenCCF-Ontology-2017-639
AllenCCF-Annotation-2020-788,ABC-Ontology-2023-PAA-substructure,AllenCCF-Ontology-2017-SUBS,778,1191612,1.1916120000000001,#59DAAB,89,218,171,Piriform-amygdalar area,PAA,substructure,4,292,AllenCCF-Ontology-2017-788
AllenCCF-Annotation-2020-566,ABC-Ontology-2023-TR-substructure,AllenCCF-Ontology-2017-SUBS,556,1404722,1.4047220000000002,#A8ECD3,168,236,211,Postpiriform transition area,TR,substructure,4,297,AllenCCF-Ontology-2017-566
AllenCCF-Annotation-2020-1089,ABC-Ontology-2023-HPF-structure,AllenCCF-Ontology-2017-STRU,1078,421034,0.4210340000000001,#7ED04B,126,208,75,"Hippocampal formation, unassigned",HPF-unassigned,structure,3,56,AllenCCF-Ontology-2017-1089
AllenCCF-Annotation-2020-1089,ABC-Ontology-2023-HPF-substructure,AllenCCF-Ontology-2017-SUBS,1078,421034,0.4210340000000001,#7ED04B,126,208,75,"Hippocampal formation, unassigned",HPF-unassigned,substructure,4,302,ABC-Ontology-2023-HPF-structure
AllenCCF-Annotation-2020-382,ABC-Ontology-2023-CA1-substructure,AllenCCF-Ontology-2017-SUBS,372,6,6.000000000000001e-06,#7ED04B,126,208,75,"Field CA1, unassigned",CA1-unassigned,substructure,4,303,AllenCCF-Ontology-2017-382
AllenCCF-Annotation-2020-463,ABC-Ontology-2023-CA3-substructure,AllenCCF-Ontology-2017-SUBS,453,2,2.0000000000000003e-06,#7ED04B,126,208,75,"Field CA3, unassigned",CA3-unassigned,substructure,4,312,AllenCCF-Ontology-2017-463
AllenCCF-Annotation-2020-982,ABC-Ontology-2023-FC-substructure,AllenCCF-Ontology-2017-SUBS,972,62210,0.06221000000000001,#7ED04B,126,208,75,Fasciola cinerea,FC,substructure,4,325,AllenCCF-Ontology-2017-982
AllenCCF-Annotation-2020-19,ABC-Ontology-2023-IG-substructure,AllenCCF-Ontology-2017-SUBS,17,125690,0.12569000000000002,#7ED04B,126,208,75,Induseum griseum,IG,substructure,4,326,AllenCCF-Ontology-2017-19
AllenCCF-Annotation-2020-843,ABC-Ontology-2023-PAR-substructure,AllenCCF-Ontology-2017-SUBS,833,932876,0.9328760000000001,#72D569,114,213,105,Parasubiculum,PAR,substructure,4,348,AllenCCF-Ontology-2017-843
AllenCCF-Annotation-2020-1037,ABC-Ontology-2023-POST-substructure,AllenCCF-Ontology-2017-SUBS,1026,1084318,1.0843180000000001,#48C83C,72,200,60,Postsubiculum,POST,substructure,4,352,AllenCCF-Ontology-2017-1037
AllenCCF-Annotation-2020-1084,ABC-Ontology-2023-PRE-substructure,AllenCCF-Ontology-2017-SUBS,1073,916690,0.9166900000000001,#59B947,89,185,71,Presubiculum,PRE,substructure,4,356,AllenCCF-Ontology-2017-1084
AllenCCF-Annotation-2020-502,ABC-Ontology-2023-SUB-substructure,AllenCCF-Ontology-2017-SUBS,492,2097394,2.0973940000000004,#4FC244,79,194,68,Subiculum,SUB,substructure,4,360,AllenCCF-Ontology-2017-502
AllenCCF-Annotation-2020-484682470,ABC-Ontology-2023-ProS-substructure,AllenCCF-Ontology-2017-SUBS,1270,1328158,1.3281580000000002,#58BA48,88,186,72,Prosubiculum,ProS,substructure,4,363,AllenCCF-Ontology-2017-484682470
AllenCCF-Annotation-2020-589508447,ABC-Ontology-2023-HATA-substructure,AllenCCF-Ontology-2017-SUBS,1308,421780,0.42178000000000004,#33B932,51,185,50,Hippocampo-amygdalar transition area,HATA,substructure,4,366,AllenCCF-Ontology-2017-589508447
AllenCCF-Annotation-2020-484682508,ABC-Ontology-2023-APr-substructure,AllenCCF-Ontology-2017-SUBS,1279,326634,0.32663400000000004,#33B932,51,185,50,Area prostriata,APr,substructure,4,367,AllenCCF-Ontology-2017-484682508
AllenCCF-Annotation-2020-703,ABC-Ontology-2023-CTXsp-structure,AllenCCF-Ontology-2017-STRU,693,372244,0.3722440000000001,#8ADA87,138,218,135,"Cortical subplate, unassigned",CTXsp-unassigned,structure,3,72,AllenCCF-Ontology-2017-703
AllenCCF-Annotation-2020-703,ABC-Ontology-2023-CTXsp-substructure,AllenCCF-Ontology-2017-SUBS,693,372244,0.3722440000000001,#8ADA87,138,218,135,"Cortical subplate, unassigned",CTXsp-unassigned,substructure,4,368,ABC-Ontology-2023-CTXsp-structure
AllenCCF-Annotation-2020-583,ABC-Ontology-2023-CLA-substructure,AllenCCF-Ontology-2017-SUBS,573,550738,0.5507380000000001,#8ADA87,138,218,135,Claustrum,CLA,substructure,4,369,AllenCCF-Ontology-2017-583
AllenCCF-Annotation-2020-952,ABC-Ontology-2023-EPd-substructure,AllenCCF-Ontology-2017-SUBS,942,1819782,1.8197820000000002,#A0EE9D,160,238,157,"Endopiriform nucleus, dorsal part",EPd,substructure,4,370,AllenCCF-Ontology-2017-952
AllenCCF-Annotation-2020-966,ABC-Ontology-2023-EPv-substructure,AllenCCF-Ontology-2017-SUBS,956,972722,0.9727220000000002,#A0EE9D,160,238,157,"Endopiriform nucleus, ventral part",EPv,substructure,4,371,AllenCCF-Ontology-2017-966
AllenCCF-Annotation-2020-131,ABC-Ontology-2023-LA-substructure,AllenCCF-Ontology-2017-SUBS,126,840288,0.8402880000000001,#90EB8D,144,235,141,Lateral amygdalar nucleus,LA,substructure,4,372,AllenCCF-Ontology-2017-131
AllenCCF-Annotation-2020-780,ABC-Ontology-2023-PA-substructure,AllenCCF-Ontology-2017-SUBS,770,966658,0.9666580000000001,#97EC93,151,236,147,Posterior amygdalar nucleus,PA,substructure,4,378,AllenCCF-Ontology-2017-780
AllenCCF-Annotation-2020-477,ABC-Ontology-2023-STR-structure,AllenCCF-Ontology-2017-STRU,467,2677822,2.6778220000000004,#98D6F9,152,214,249,"Striatum, unassigned",STR-unassigned,structure,3,80,AllenCCF-Ontology-2017-477
AllenCCF-Annotation-2020-477,ABC-Ontology-2023-STR-substructure,AllenCCF-Ontology-2017-SUBS,467,2677822,2.6778220000000004,#98D6F9,152,214,249,"Striatum, unassigned",STR-unassigned,substructure,4,379,ABC-Ontology-2023-STR-structure
AllenCCF-Annotation-2020-672,ABC-Ontology-2023-CP-substructure,AllenCCF-Ontology-2017-SUBS,662,26018770,26.018770000000004,#98D6F9,152,214,249,Caudoputamen,CP,substructure,4,380,AllenCCF-Ontology-2017-672
AllenCCF-Annotation-2020-56,ABC-Ontology-2023-ACB-substructure,AllenCCF-Ontology-2017-SUBS,51,4401366,4.401366,#80CDF8,128,205,248,Nucleus accumbens,ACB,substructure,4,381,AllenCCF-Ontology-2017-56
AllenCCF-Annotation-2020-998,ABC-Ontology-2023-FS-substructure,AllenCCF-Ontology-2017-SUBS,988,428468,0.42846800000000007,#80CDF8,128,205,248,Fundus of striatum,FS,substructure,4,382,AllenCCF-Ontology-2017-998
AllenCCF-Annotation-2020-754,ABC-Ontology-2023-OT-substructure,AllenCCF-Ontology-2017-SUBS,744,3823686,3.823686000000001,#80CDF8,128,205,248,Olfactory tubercle,OT,substructure,4,383,AllenCCF-Ontology-2017-754
AllenCCF-Annotation-2020-250,ABC-Ontology-2023-LSc-substructure,AllenCCF-Ontology-2017-SUBS,243,563601,0.5636010000000001,#90CBED,144,203,237,"Lateral septal nucleus, caudal (caudodorsal) part",LSc,substructure,4,390,AllenCCF-Ontology-2017-250
AllenCCF-Annotation-2020-258,ABC-Ontology-2023-LSr-substructure,AllenCCF-Ontology-2017-SUBS,251,1881915,1.8819150000000002,#90CBED,144,203,237,"Lateral septal nucleus, rostral (rostroventral) part",LSr,substructure,4,391,AllenCCF-Ontology-2017-258
AllenCCF-Annotation-2020-266,ABC-Ontology-2023-LSv-substructure,AllenCCF-Ontology-2017-SUBS,258,607236,0.6072360000000001,#90CBED,144,203,237,"Lateral septal nucleus, ventral part",LSv,substructure,4,392,AllenCCF-Ontology-2017-266
AllenCCF-Annotation-2020-310,ABC-Ontology-2023-SF-substructure,AllenCCF-Ontology-2017-SUBS,300,474314,0.47431400000000007,#90CBED,144,203,237,Septofimbrial nucleus,SF,substructure,4,393,AllenCCF-Ontology-2017-310
AllenCCF-Annotation-2020-333,ABC-Ontology-2023-SH-substructure,AllenCCF-Ontology-2017-SUBS,323,36996,0.03699600000000001,#90CBED,144,203,237,Septohippocampal nucleus,SH,substructure,4,394,AllenCCF-Ontology-2017-333
AllenCCF-Annotation-2020-23,ABC-Ontology-2023-AAA-substructure,AllenCCF-Ontology-2017-SUBS,21,494370,0.4943700000000001,#80C0E2,128,192,226,Anterior amygdalar area,AAA,substructure,4,395,AllenCCF-Ontology-2017-23
AllenCCF-Annotation-2020-292,ABC-Ontology-2023-BA-substructure,AllenCCF-Ontology-2017-SUBS,282,24958,0.024958000000000004,#80C0E2,128,192,226,Bed nucleus of the accessory olfactory tract,BA,substructure,4,396,AllenCCF-Ontology-2017-292
AllenCCF-Annotation-2020-1105,ABC-Ontology-2023-IA-substructure,AllenCCF-Ontology-2017-SUBS,1094,182714,0.18271400000000004,#80C0E2,128,192,226,Intercalated amygdalar nucleus,IA,substructure,4,400,AllenCCF-Ontology-2017-1105
AllenCCF-Annotation-2020-403,ABC-Ontology-2023-MEA-substructure,AllenCCF-Ontology-2017-SUBS,393,2028582,2.0285820000000006,#80C0E2,128,192,226,Medial amygdalar nucleus,MEA,substructure,4,401,AllenCCF-Ontology-2017-403
AllenCCF-Annotation-2020-803,ABC-Ontology-2023-PAL-structure,AllenCCF-Ontology-2017-STRU,793,1125620,1.1256200000000003,#8599CC,133,153,204,"Pallidum, unassigned",PAL-unassigned,structure,3,95,AllenCCF-Ontology-2017-803
AllenCCF-Annotation-2020-803,ABC-Ontology-2023-PAL-substructure,AllenCCF-Ontology-2017-SUBS,793,1125620,1.1256200000000003,#8599CC,133,153,204,"Pallidum, unassigned",PAL-unassigned,substructure,4,406,ABC-Ontology-2023-PAL-structure
AllenCCF-Annotation-2020-1022,ABC-Ontology-2023-GPe-substructure,AllenCCF-Ontology-2017-SUBS,1011,1564816,1.5648160000000002,#8599CC,133,153,204,"Globus pallidus, external segment",GPe,substructure,4,407,AllenCCF-Ontology-2017-1022
AllenCCF-Annotation-2020-1031,ABC-Ontology-2023-GPi-substructure,AllenCCF-Ontology-2017-SUBS,1020,423578,0.42357800000000007,#8599CC,133,153,204,"Globus pallidus, internal segment",GPi,substructure,4,408,AllenCCF-Ontology-2017-1031
AllenCCF-Annotation-2020-342,ABC-Ontology-2023-SI-substructure,AllenCCF-Ontology-2017-SUBS,332,3027112,3.0271120000000007,#A2B1D8,162,177,216,Substantia innominata,SI,substructure,4,409,AllenCCF-Ontology-2017-342
AllenCCF-Annotation-2020-298,ABC-Ontology-2023-MA-substructure,AllenCCF-Ontology-2017-SUBS,288,364276,0.36427600000000004,#A2B1D8,162,177,216,Magnocellular nucleus,MA,substructure,4,410,AllenCCF-Ontology-2017-298
AllenCCF-Annotation-2020-564,ABC-Ontology-2023-MS-substructure,AllenCCF-Ontology-2017-SUBS,554,415168,0.4151680000000001,#96A7D3,150,167,211,Medial septal nucleus,MS,substructure,4,411,AllenCCF-Ontology-2017-564
AllenCCF-Annotation-2020-596,ABC-Ontology-2023-NDB-substructure,AllenCCF-Ontology-2017-SUBS,586,739932,0.7399320000000001,#96A7D3,150,167,211,Diagonal band nucleus,NDB,substructure,4,412,AllenCCF-Ontology-2017-596
AllenCCF-Annotation-2020-581,ABC-Ontology-2023-TRS-substructure,AllenCCF-Ontology-2017-SUBS,571,355850,0.35585000000000006,#96A7D3,150,167,211,Triangular nucleus of septum,TRS,substructure,4,413,AllenCCF-Ontology-2017-581
AllenCCF-Annotation-2020-351,ABC-Ontology-2023-BST-substructure,AllenCCF-Ontology-2017-SUBS,341,1340702,1.3407020000000003,#B3C0DF,179,192,223,Bed nuclei of the stria terminalis,BST,substructure,4,414,AllenCCF-Ontology-2017-351
AllenCCF-Annotation-2020-287,ABC-Ontology-2023-BAC-substructure,AllenCCF-Ontology-2017-SUBS,277,7756,0.007756000000000002,#B3C0DF,179,192,223,Bed nucleus of the anterior commissure,BAC,substructure,4,417,AllenCCF-Ontology-2017-287
AllenCCF-Annotation-2020-549,ABC-Ontology-2023-TH-structure,AllenCCF-Ontology-2017-STRU,539,919780,0.9197800000000002,#FF7080,255,112,128,"Thalamus, unassigned",TH-unassigned,structure,3,105,AllenCCF-Ontology-2017-549
AllenCCF-Annotation-2020-549,ABC-Ontology-2023-TH-substructure,AllenCCF-Ontology-2017-SUBS,539,919780,0.9197800000000002,#FF7080,255,112,128,"Thalamus, unassigned",TH-unassigned,substructure,4,418,ABC-Ontology-2023-TH-structure
AllenCCF-Annotation-2020-629,ABC-Ontology-2023-VAL-substructure,AllenCCF-Ontology-2017-SUBS,619,817044,0.8170440000000001,#FF8084,255,128,132,Ventral anterior-lateral complex of the thalamus,VAL,substructure,4,419,AllenCCF-Ontology-2017-629
AllenCCF-Annotation-2020-685,ABC-Ontology-2023-VM-substructure,AllenCCF-Ontology-2017-SUBS,675,928730,0.9287300000000002,#FF8084,255,128,132,Ventral medial nucleus of the thalamus,VM,substructure,4,420,AllenCCF-Ontology-2017-685
AllenCCF-Annotation-2020-718,ABC-Ontology-2023-VPL-substructure,AllenCCF-Ontology-2017-SUBS,708,875674,0.8756740000000002,#FF8084,255,128,132,Ventral posterolateral nucleus of the thalamus,VPL,substructure,4,421,AllenCCF-Ontology-2017-718
AllenCCF-Annotation-2020-725,ABC-Ontology-2023-VPLpc-substructure,AllenCCF-Ontology-2017-SUBS,715,98824,0.09882400000000002,#FF8084,255,128,132,"Ventral posterolateral nucleus of the thalamus, parvicellular part",VPLpc,substructure,4,422,AllenCCF-Ontology-2017-725
AllenCCF-Annotation-2020-733,ABC-Ontology-2023-VPM-substructure,AllenCCF-Ontology-2017-SUBS,723,1644660,1.6446600000000002,#FF8084,255,128,132,Ventral posteromedial nucleus of the thalamus,VPM,substructure,4,423,AllenCCF-Ontology-2017-733
AllenCCF-Annotation-2020-741,ABC-Ontology-2023-VPMpc-substructure,AllenCCF-Ontology-2017-SUBS,731,215258,0.21525800000000003,#FF8084,255,128,132,"Ventral posteromedial nucleus of the thalamus, parvicellular part",VPMpc,substructure,4,424,AllenCCF-Ontology-2017-741
AllenCCF-Annotation-2020-563807435,ABC-Ontology-2023-PoT-substructure,AllenCCF-Ontology-2017-SUBS,1304,279602,0.2796020000000001,#FF8084,255,128,132,Posterior triangular thalamic nucleus,PoT,substructure,4,425,AllenCCF-Ontology-2017-563807435
AllenCCF-Annotation-2020-414,ABC-Ontology-2023-SPFm-substructure,AllenCCF-Ontology-2017-SUBS,404,70074,0.07007400000000001,#FF8084,255,128,132,"Subparafascicular nucleus, magnocellular part",SPFm,substructure,4,426,AllenCCF-Ontology-2017-414
AllenCCF-Annotation-2020-422,ABC-Ontology-2023-SPFp-substructure,AllenCCF-Ontology-2017-SUBS,412,134918,0.134918,#FF8084,255,128,132,"Subparafascicular nucleus, parvicellular part",SPFp,substructure,4,427,AllenCCF-Ontology-2017-422
AllenCCF-Annotation-2020-609,ABC-Ontology-2023-SPA-substructure,AllenCCF-Ontology-2017-SUBS,599,132628,0.13262800000000002,#FF8084,255,128,132,Subparafascicular area,SPA,substructure,4,428,AllenCCF-Ontology-2017-609
AllenCCF-Annotation-2020-1044,ABC-Ontology-2023-PP-substructure,AllenCCF-Ontology-2017-SUBS,1033,61144,0.06114400000000001,#FF8084,255,128,132,Peripeduncular nucleus,PP,substructure,4,429,AllenCCF-Ontology-2017-1044
AllenCCF-Annotation-2020-218,ABC-Ontology-2023-LP-substructure,AllenCCF-Ontology-2017-SUBS,211,1200686,1.2006860000000001,#FF909F,255,144,159,Lateral posterior nucleus of the thalamus,LP,substructure,4,436,AllenCCF-Ontology-2017-218
AllenCCF-Annotation-2020-1020,ABC-Ontology-2023-PO-substructure,AllenCCF-Ontology-2017-SUBS,1009,1252618,1.2526180000000002,#FF909F,255,144,159,Posterior complex of the thalamus,PO,substructure,4,437,AllenCCF-Ontology-2017-1020
AllenCCF-Annotation-2020-1029,ABC-Ontology-2023-POL-substructure,AllenCCF-Ontology-2017-SUBS,1018,205490,0.20549000000000003,#FF909F,255,144,159,Posterior limiting nucleus of the thalamus,POL,substructure,4,438,AllenCCF-Ontology-2017-1029
AllenCCF-Annotation-2020-325,ABC-Ontology-2023-SGN-substructure,AllenCCF-Ontology-2017-SUBS,315,180892,0.18089200000000002,#FF909F,255,144,159,Suprageniculate nucleus,SGN,substructure,4,439,AllenCCF-Ontology-2017-325
AllenCCF-Annotation-2020-560581551,ABC-Ontology-2023-Eth-substructure,AllenCCF-Ontology-2017-SUBS,1300,235712,0.23571200000000003,#FF909F,255,144,159,Ethmoid nucleus of the thalamus,Eth,substructure,4,440,AllenCCF-Ontology-2017-560581551
AllenCCF-Annotation-2020-255,ABC-Ontology-2023-AV-substructure,AllenCCF-Ontology-2017-SUBS,248,415604,0.4156040000000001,#FF909F,255,144,159,Anteroventral nucleus of thalamus,AV,substructure,4,441,AllenCCF-Ontology-2017-255
AllenCCF-Annotation-2020-64,ABC-Ontology-2023-AD-substructure,AllenCCF-Ontology-2017-SUBS,59,161114,0.16111400000000003,#FF909F,255,144,159,Anterodorsal nucleus,AD,substructure,4,444,AllenCCF-Ontology-2017-64
AllenCCF-Annotation-2020-1120,ABC-Ontology-2023-IAM-substructure,AllenCCF-Ontology-2017-SUBS,1108,43372,0.04337200000000001,#FF909F,255,144,159,Interanteromedial nucleus of the thalamus,IAM,substructure,4,445,AllenCCF-Ontology-2017-1120
AllenCCF-Annotation-2020-1113,ABC-Ontology-2023-IAD-substructure,AllenCCF-Ontology-2017-SUBS,1102,111558,0.11155800000000002,#FF909F,255,144,159,Interanterodorsal nucleus of the thalamus,IAD,substructure,4,446,AllenCCF-Ontology-2017-1113
AllenCCF-Annotation-2020-155,ABC-Ontology-2023-LD-substructure,AllenCCF-Ontology-2017-SUBS,150,1016484,1.0164840000000002,#FF909F,255,144,159,Lateral dorsal nucleus of thalamus,LD,substructure,4,447,AllenCCF-Ontology-2017-155
AllenCCF-Annotation-2020-59,ABC-Ontology-2023-IMD-substructure,AllenCCF-Ontology-2017-SUBS,54,176410,0.17641000000000004,#FF909F,255,144,159,Intermediodorsal nucleus of the thalamus,IMD,substructure,4,448,AllenCCF-Ontology-2017-59
AllenCCF-Annotation-2020-362,ABC-Ontology-2023-MD-substructure,AllenCCF-Ontology-2017-SUBS,352,1383390,1.3833900000000001,#FF909F,255,144,159,Mediodorsal nucleus of thalamus,MD,substructure,4,449,AllenCCF-Ontology-2017-362
AllenCCF-Annotation-2020-366,ABC-Ontology-2023-SMT-substructure,AllenCCF-Ontology-2017-SUBS,356,306336,0.30633600000000005,#FF909F,255,144,159,Submedial nucleus of the thalamus,SMT,substructure,4,453,AllenCCF-Ontology-2017-366
AllenCCF-Annotation-2020-1077,ABC-Ontology-2023-PR-substructure,AllenCCF-Ontology-2017-SUBS,1066,151324,0.15132400000000001,#FF909F,255,144,159,Perireunensis nucleus,PR,substructure,4,454,AllenCCF-Ontology-2017-1077
AllenCCF-Annotation-2020-149,ABC-Ontology-2023-PVT-substructure,AllenCCF-Ontology-2017-SUBS,144,444484,0.4444840000000001,#FF909F,255,144,159,Paraventricular nucleus of the thalamus,PVT,substructure,4,455,AllenCCF-Ontology-2017-149
AllenCCF-Annotation-2020-15,ABC-Ontology-2023-PT-substructure,AllenCCF-Ontology-2017-SUBS,13,229952,0.22995200000000005,#FF909F,255,144,159,Parataenial nucleus,PT,substructure,4,456,AllenCCF-Ontology-2017-15
AllenCCF-Annotation-2020-181,ABC-Ontology-2023-RE-substructure,AllenCCF-Ontology-2017-SUBS,174,423954,0.42395400000000005,#FF909F,255,144,159,Nucleus of reuniens,RE,substructure,4,457,AllenCCF-Ontology-2017-181
AllenCCF-Annotation-2020-560581559,ABC-Ontology-2023-Xi-substructure,AllenCCF-Ontology-2017-SUBS,1302,87666,0.08766600000000001,#FF909F,255,144,159,Xiphoid thalamic nucleus,Xi,substructure,4,458,AllenCCF-Ontology-2017-560581559
AllenCCF-Annotation-2020-189,ABC-Ontology-2023-RH-substructure,AllenCCF-Ontology-2017-SUBS,182,90694,0.09069400000000001,#FF909F,255,144,159,Rhomboid nucleus,RH,substructure,4,459,AllenCCF-Ontology-2017-189
AllenCCF-Annotation-2020-599,ABC-Ontology-2023-CM-substructure,AllenCCF-Ontology-2017-SUBS,589,249570,0.24957000000000004,#FF909F,255,144,159,Central medial nucleus of the thalamus,CM,substructure,4,460,AllenCCF-Ontology-2017-599
AllenCCF-Annotation-2020-907,ABC-Ontology-2023-PCN-substructure,AllenCCF-Ontology-2017-SUBS,897,238112,0.23811200000000005,#FF909F,255,144,159,Paracentral nucleus,PCN,substructure,4,461,AllenCCF-Ontology-2017-907
AllenCCF-Annotation-2020-575,ABC-Ontology-2023-CL-substructure,AllenCCF-Ontology-2017-SUBS,565,360936,0.36093600000000003,#FF909F,255,144,159,Central lateral nucleus of the thalamus,CL,substructure,4,462,AllenCCF-Ontology-2017-575
AllenCCF-Annotation-2020-930,ABC-Ontology-2023-PF-substructure,AllenCCF-Ontology-2017-SUBS,920,485994,0.4859940000000001,#FF909F,255,144,159,Parafascicular nucleus,PF,substructure,4,463,AllenCCF-Ontology-2017-930
AllenCCF-Annotation-2020-560581563,ABC-Ontology-2023-PIL-substructure,AllenCCF-Ontology-2017-SUBS,1303,175644,0.17564400000000002,#FF909F,255,144,159,Posterior intralaminar thalamic nucleus,PIL,substructure,4,464,AllenCCF-Ontology-2017-560581563
AllenCCF-Annotation-2020-262,ABC-Ontology-2023-RT-substructure,AllenCCF-Ontology-2017-SUBS,255,1447360,1.4473600000000002,#FF909F,255,144,159,Reticular nucleus of the thalamus,RT,substructure,4,465,AllenCCF-Ontology-2017-262
AllenCCF-Annotation-2020-27,ABC-Ontology-2023-IGL-substructure,AllenCCF-Ontology-2017-SUBS,24,68420,0.06842000000000001,#FF909F,255,144,159,Intergeniculate leaflet of the lateral geniculate complex,IGL,substructure,4,466,AllenCCF-Ontology-2017-27
AllenCCF-Annotation-2020-563807439,ABC-Ontology-2023-IntG-substructure,AllenCCF-Ontology-2017-SUBS,1305,22500,0.022500000000000003,#FF909F,255,144,159,Intermediate geniculate nucleus,IntG,substructure,4,467,AllenCCF-Ontology-2017-563807439
AllenCCF-Annotation-2020-178,ABC-Ontology-2023-LGv-substructure,AllenCCF-Ontology-2017-SUBS,171,405742,0.40574200000000005,#FF909F,255,144,159,Ventral part of the lateral geniculate complex,LGv,substructure,4,468,AllenCCF-Ontology-2017-178
AllenCCF-Annotation-2020-321,ABC-Ontology-2023-SubG-substructure,AllenCCF-Ontology-2017-SUBS,311,26860,0.026860000000000005,#FF909F,255,144,159,Subgeniculate nucleus,SubG,substructure,4,471,AllenCCF-Ontology-2017-321
AllenCCF-Annotation-2020-483,ABC-Ontology-2023-MH-substructure,AllenCCF-Ontology-2017-SUBS,473,320028,0.32002800000000003,#FF909F,255,144,159,Medial habenula,MH,substructure,4,472,AllenCCF-Ontology-2017-483
AllenCCF-Annotation-2020-186,ABC-Ontology-2023-LH-substructure,AllenCCF-Ontology-2017-SUBS,179,344718,0.3447180000000001,#FF909F,255,144,159,Lateral habenula,LH,substructure,4,473,AllenCCF-Ontology-2017-186
AllenCCF-Annotation-2020-1097,ABC-Ontology-2023-HY-structure,AllenCCF-Ontology-2017-STRU,1086,2759360,2.7593600000000005,#E64438,230,68,56,"Hypothalamus, unassigned",HY-unassigned,structure,3,151,AllenCCF-Ontology-2017-1097
AllenCCF-Annotation-2020-1097,ABC-Ontology-2023-HY-substructure,AllenCCF-Ontology-2017-SUBS,1086,2759360,2.7593600000000005,#E64438,230,68,56,"Hypothalamus, unassigned",HY-unassigned,substructure,4,474,ABC-Ontology-2023-HY-structure
AllenCCF-Annotation-2020-390,ABC-Ontology-2023-SO-substructure,AllenCCF-Ontology-2017-SUBS,380,46946,0.04694600000000001,#FF5D50,255,93,80,Supraoptic nucleus,SO,substructure,4,475,AllenCCF-Ontology-2017-390
AllenCCF-Annotation-2020-332,ABC-Ontology-2023-ASO-substructure,AllenCCF-Ontology-2017-SUBS,322,6214,0.006214000000000001,#FF5D50,255,93,80,Accessory supraoptic group,ASO,substructure,4,476,AllenCCF-Ontology-2017-332
AllenCCF-Annotation-2020-38,ABC-Ontology-2023-PVH-substructure,AllenCCF-Ontology-2017-SUBS,34,188750,0.18875000000000003,#FF5D50,255,93,80,Paraventricular hypothalamic nucleus,PVH,substructure,4,478,AllenCCF-Ontology-2017-38
AllenCCF-Annotation-2020-30,ABC-Ontology-2023-PVa-substructure,AllenCCF-Ontology-2017-SUBS,27,50782,0.05078200000000001,#FF5D50,255,93,80,"Periventricular hypothalamic nucleus, anterior part",PVa,substructure,4,481,AllenCCF-Ontology-2017-30
AllenCCF-Annotation-2020-118,ABC-Ontology-2023-PVi-substructure,AllenCCF-Ontology-2017-SUBS,113,205036,0.20503600000000002,#FF5D50,255,93,80,"Periventricular hypothalamic nucleus, intermediate part",PVi,substructure,4,482,AllenCCF-Ontology-2017-118
AllenCCF-Annotation-2020-223,ABC-Ontology-2023-ARH-substructure,AllenCCF-Ontology-2017-SUBS,216,284936,0.284936,#FF5D50,255,93,80,Arcuate hypothalamic nucleus,ARH,substructure,4,483,AllenCCF-Ontology-2017-223
AllenCCF-Annotation-2020-72,ABC-Ontology-2023-ADP-substructure,AllenCCF-Ontology-2017-SUBS,67,99530,0.09953000000000002,#FF5547,255,85,71,Anterodorsal preoptic nucleus,ADP,substructure,4,484,AllenCCF-Ontology-2017-72
AllenCCF-Annotation-2020-263,ABC-Ontology-2023-AVP-substructure,AllenCCF-Ontology-2017-SUBS,256,92556,0.09255600000000001,#FF5547,255,85,71,Anteroventral preoptic nucleus,AVP,substructure,4,485,AllenCCF-Ontology-2017-263
AllenCCF-Annotation-2020-272,ABC-Ontology-2023-AVPV-substructure,AllenCCF-Ontology-2017-SUBS,264,181184,0.18118400000000004,#FF5547,255,85,71,Anteroventral periventricular nucleus,AVPV,substructure,4,486,AllenCCF-Ontology-2017-272
AllenCCF-Annotation-2020-830,ABC-Ontology-2023-DMH-substructure,AllenCCF-Ontology-2017-SUBS,820,376062,0.37606200000000006,#FF5547,255,85,71,Dorsomedial nucleus of the hypothalamus,DMH,substructure,4,487,AllenCCF-Ontology-2017-830
AllenCCF-Annotation-2020-452,ABC-Ontology-2023-MEPO-substructure,AllenCCF-Ontology-2017-SUBS,442,40260,0.040260000000000004,#FF5547,255,85,71,Median preoptic nucleus,MEPO,substructure,4,491,AllenCCF-Ontology-2017-452
AllenCCF-Annotation-2020-523,ABC-Ontology-2023-MPO-substructure,AllenCCF-Ontology-2017-SUBS,513,555530,0.5555300000000001,#FF5547,255,85,71,Medial preoptic area,MPO,substructure,4,492,AllenCCF-Ontology-2017-523
AllenCCF-Annotation-2020-763,ABC-Ontology-2023-OV-substructure,AllenCCF-Ontology-2017-SUBS,753,8664,0.008664000000000002,#FF5547,255,85,71,Vascular organ of the lamina terminalis,OV,substructure,4,493,AllenCCF-Ontology-2017-763
AllenCCF-Annotation-2020-914,ABC-Ontology-2023-PD-substructure,AllenCCF-Ontology-2017-SUBS,904,11666,0.011666000000000003,#FF5547,255,85,71,Posterodorsal preoptic nucleus,PD,substructure,4,494,AllenCCF-Ontology-2017-914
AllenCCF-Annotation-2020-1109,ABC-Ontology-2023-PS-substructure,AllenCCF-Ontology-2017-SUBS,1098,96670,0.09667000000000002,#FF5547,255,85,71,Parastrial nucleus,PS,substructure,4,495,AllenCCF-Ontology-2017-1109
AllenCCF-Annotation-2020-126,ABC-Ontology-2023-PVp-substructure,AllenCCF-Ontology-2017-SUBS,121,124558,0.12455800000000002,#FF5547,255,85,71,"Periventricular hypothalamic nucleus, posterior part",PVp,substructure,4,496,AllenCCF-Ontology-2017-126
AllenCCF-Annotation-2020-133,ABC-Ontology-2023-PVpo-substructure,AllenCCF-Ontology-2017-SUBS,128,147648,0.14764800000000003,#FF5547,255,85,71,"Periventricular hypothalamic nucleus, preoptic part",PVpo,substructure,4,497,AllenCCF-Ontology-2017-133
AllenCCF-Annotation-2020-347,ABC-Ontology-2023-SBPV-substructure,AllenCCF-Ontology-2017-SUBS,337,109400,0.10940000000000003,#FF5547,255,85,71,Subparaventricular zone,SBPV,substructure,4,498,AllenCCF-Ontology-2017-347
AllenCCF-Annotation-2020-286,ABC-Ontology-2023-SCH-substructure,AllenCCF-Ontology-2017-SUBS,276,65776,0.06577600000000002,#FF5547,255,85,71,Suprachiasmatic nucleus,SCH,substructure,4,499,AllenCCF-Ontology-2017-286
AllenCCF-Annotation-2020-338,ABC-Ontology-2023-SFO-substructure,AllenCCF-Ontology-2017-SUBS,328,20716,0.020716000000000002,#FF5547,255,85,71,Subfornical organ,SFO,substructure,4,500,AllenCCF-Ontology-2017-338
AllenCCF-Annotation-2020-576073699,ABC-Ontology-2023-VMPO-substructure,AllenCCF-Ontology-2017-SUBS,1306,50128,0.050128000000000006,#FF5547,255,85,71,Ventromedial preoptic nucleus,VMPO,substructure,4,501,AllenCCF-Ontology-2017-576073699
AllenCCF-Annotation-2020-689,ABC-Ontology-2023-VLPO-substructure,AllenCCF-Ontology-2017-SUBS,679,65426,0.06542600000000001,#FF5547,255,85,71,Ventrolateral preoptic nucleus,VLPO,substructure,4,502,AllenCCF-Ontology-2017-689
AllenCCF-Annotation-2020-88,ABC-Ontology-2023-AHN-substructure,AllenCCF-Ontology-2017-SUBS,83,710594,0.7105940000000002,#FF4C3E,255,76,62,Anterior hypothalamic nucleus,AHN,substructure,4,503,AllenCCF-Ontology-2017-88
AllenCCF-Annotation-2020-210,ABC-Ontology-2023-LM-substructure,AllenCCF-Ontology-2017-SUBS,203,77444,0.07744400000000001,#FF4C3E,255,76,62,Lateral mammillary nucleus,LM,substructure,4,508,AllenCCF-Ontology-2017-210
AllenCCF-Annotation-2020-525,ABC-Ontology-2023-SUM-substructure,AllenCCF-Ontology-2017-SUBS,515,254722,0.25472200000000006,#FF4C3E,255,76,62,Supramammillary nucleus,SUM,substructure,4,514,AllenCCF-Ontology-2017-525
AllenCCF-Annotation-2020-1126,ABC-Ontology-2023-TMd-substructure,AllenCCF-Ontology-2017-SUBS,1113,35706,0.03570600000000001,#FF4C3E,255,76,62,"Tuberomammillary nucleus, dorsal part",TMd,substructure,4,517,AllenCCF-Ontology-2017-1126
AllenCCF-Annotation-2020-1,ABC-Ontology-2023-TMv-substructure,AllenCCF-Ontology-2017-SUBS,1,107802,0.10780200000000002,#FF4C3E,255,76,62,"Tuberomammillary nucleus, ventral part",TMv,substructure,4,518,AllenCCF-Ontology-2017-1
AllenCCF-Annotation-2020-515,ABC-Ontology-2023-MPN-substructure,AllenCCF-Ontology-2017-SUBS,505,406420,0.40642000000000006,#FF4C3E,255,76,62,Medial preoptic nucleus,MPN,substructure,4,519,AllenCCF-Ontology-2017-515
AllenCCF-Annotation-2020-980,ABC-Ontology-2023-PMd-substructure,AllenCCF-Ontology-2017-SUBS,970,132210,0.13221000000000002,#FF4C3E,255,76,62,Dorsal premammillary nucleus,PMd,substructure,4,523,AllenCCF-Ontology-2017-980
AllenCCF-Annotation-2020-1004,ABC-Ontology-2023-PMv-substructure,AllenCCF-Ontology-2017-SUBS,994,195022,0.19502200000000003,#FF4C3E,255,76,62,Ventral premammillary nucleus,PMv,substructure,4,524,AllenCCF-Ontology-2017-1004
AllenCCF-Annotation-2020-63,ABC-Ontology-2023-PVHd-substructure,AllenCCF-Ontology-2017-SUBS,58,130642,0.130642,#FF4C3E,255,76,62,"Paraventricular hypothalamic nucleus, descending division",PVHd,substructure,4,525,AllenCCF-Ontology-2017-63
AllenCCF-Annotation-2020-693,ABC-Ontology-2023-VMH-substructure,AllenCCF-Ontology-2017-SUBS,683,549454,0.5494540000000001,#FF4C3E,255,76,62,Ventromedial hypothalamic nucleus,VMH,substructure,4,530,AllenCCF-Ontology-2017-693
AllenCCF-Annotation-2020-946,ABC-Ontology-2023-PH-substructure,AllenCCF-Ontology-2017-SUBS,936,707114,0.7071140000000001,#FF4C3E,255,76,62,Posterior hypothalamic nucleus,PH,substructure,4,535,AllenCCF-Ontology-2017-946
AllenCCF-Annotation-2020-194,ABC-Ontology-2023-LHA-substructure,AllenCCF-Ontology-2017-SUBS,187,2064508,2.0645080000000005,#F2483B,242,72,59,Lateral hypothalamic area,LHA,substructure,4,536,AllenCCF-Ontology-2017-194
AllenCCF-Annotation-2020-226,ABC-Ontology-2023-LPO-substructure,AllenCCF-Ontology-2017-SUBS,219,559976,0.5599760000000001,#F2483B,242,72,59,Lateral preoptic area,LPO,substructure,4,537,AllenCCF-Ontology-2017-226
AllenCCF-Annotation-2020-356,ABC-Ontology-2023-PST-substructure,AllenCCF-Ontology-2017-SUBS,346,12456,0.012456000000000002,#F2483B,242,72,59,Preparasubthalamic nucleus,PST,substructure,4,538,AllenCCF-Ontology-2017-356
AllenCCF-Annotation-2020-364,ABC-Ontology-2023-PSTN-substructure,AllenCCF-Ontology-2017-SUBS,354,166506,0.16650600000000002,#F2483B,242,72,59,Parasubthalamic nucleus,PSTN,substructure,4,539,AllenCCF-Ontology-2017-364
AllenCCF-Annotation-2020-576073704,ABC-Ontology-2023-PeF-substructure,AllenCCF-Ontology-2017-SUBS,1307,214254,0.21425400000000003,#F2483B,242,72,59,Perifornical nucleus,PeF,substructure,4,540,AllenCCF-Ontology-2017-576073704
AllenCCF-Annotation-2020-173,ABC-Ontology-2023-RCH-substructure,AllenCCF-Ontology-2017-SUBS,167,150330,0.15033000000000002,#F2483B,242,72,59,Retrochiasmatic area,RCH,substructure,4,541,AllenCCF-Ontology-2017-173
AllenCCF-Annotation-2020-470,ABC-Ontology-2023-STN-substructure,AllenCCF-Ontology-2017-SUBS,460,194600,0.19460000000000002,#F2483B,242,72,59,Subthalamic nucleus,STN,substructure,4,542,AllenCCF-Ontology-2017-470
AllenCCF-Annotation-2020-614,ABC-Ontology-2023-TU-substructure,AllenCCF-Ontology-2017-SUBS,604,523216,0.5232160000000001,#F2483B,242,72,59,Tuberal nucleus,TU,substructure,4,543,AllenCCF-Ontology-2017-614
AllenCCF-Annotation-2020-797,ABC-Ontology-2023-ZI-substructure,AllenCCF-Ontology-2017-SUBS,787,1558928,1.5589280000000003,#F2483B,242,72,59,"Zona incerta, unassigned",ZI-unassigned,substructure,4,544,AllenCCF-Ontology-2017-797
AllenCCF-Annotation-2020-10671,ABC-Ontology-2023-ME-substructure,AllenCCF-Ontology-2017-SUBS,1127,81550,0.08155000000000001,#F2483B,242,72,59,Median eminence,ME,substructure,4,547,AllenCCF-Ontology-2017-10671
AllenCCF-Annotation-2020-313,ABC-Ontology-2023-MB-structure,AllenCCF-Ontology-2017-STRU,303,6762882,6.762882000000001,#FF64FF,255,100,255,"Midbrain, unassigned",MB-unassigned,structure,3,196,AllenCCF-Ontology-2017-313
AllenCCF-Annotation-2020-313,ABC-Ontology-2023-MB-substructure,AllenCCF-Ontology-2017-SUBS,303,6762882,6.762882000000001,#FF64FF,255,100,255,"Midbrain, unassigned",MB-unassigned,substructure,4,548,ABC-Ontology-2023-MB-structure
AllenCCF-Annotation-2020-580,ABC-Ontology-2023-NB-substructure,AllenCCF-Ontology-2017-SUBS,570,87926,0.08792600000000002,#FF7AFF,255,122,255,Nucleus of the brachium of the inferior colliculus,NB,substructure,4,555,AllenCCF-Ontology-2017-580
AllenCCF-Annotation-2020-271,ABC-Ontology-2023-SAG-substructure,AllenCCF-Ontology-2017-SUBS,263,98190,0.09819000000000001,#FF7AFF,255,122,255,Nucleus sagulum,SAG,substructure,4,556,AllenCCF-Ontology-2017-271
AllenCCF-Annotation-2020-874,ABC-Ontology-2023-PBG-substructure,AllenCCF-Ontology-2017-SUBS,864,44764,0.044764000000000005,#FF7AFF,255,122,255,Parabigeminal nucleus,PBG,substructure,4,557,AllenCCF-Ontology-2017-874
AllenCCF-Annotation-2020-599626923,ABC-Ontology-2023-SCO-substructure,AllenCCF-Ontology-2017-SUBS,1311,14478,0.014478000000000003,#FF7AFF,255,122,255,Subcommissural organ,SCO,substructure,4,558,AllenCCF-Ontology-2017-599626923
AllenCCF-Annotation-2020-381,ABC-Ontology-2023-SNr-substructure,AllenCCF-Ontology-2017-SUBS,371,1549976,1.5499760000000002,#FF90FF,255,144,255,"Substantia nigra, reticular part",SNr,substructure,4,559,AllenCCF-Ontology-2017-381
AllenCCF-Annotation-2020-749,ABC-Ontology-2023-VTA-substructure,AllenCCF-Ontology-2017-SUBS,739,428618,0.42861800000000005,#FF90FF,255,144,255,Ventral tegmental area,VTA,substructure,4,560,AllenCCF-Ontology-2017-749
AllenCCF-Annotation-2020-607344830,ABC-Ontology-2023-PN-substructure,AllenCCF-Ontology-2017-SUBS,1318,21736,0.021736000000000005,#FF90FF,255,144,255,Paranigral nucleus,PN,substructure,4,561,AllenCCF-Ontology-2017-607344830
AllenCCF-Annotation-2020-246,ABC-Ontology-2023-RR-substructure,AllenCCF-Ontology-2017-SUBS,239,137776,0.137776,#FF90FF,255,144,255,"Midbrain reticular nucleus, retrorubral area",RR,substructure,4,562,AllenCCF-Ontology-2017-246
AllenCCF-Annotation-2020-128,ABC-Ontology-2023-MRN-substructure,AllenCCF-Ontology-2017-SUBS,123,5143256,5.143256000000001,#FF90FF,255,144,255,Midbrain reticular nucleus,MRN,substructure,4,563,AllenCCF-Ontology-2017-128
AllenCCF-Annotation-2020-795,ABC-Ontology-2023-PAG-substructure,AllenCCF-Ontology-2017-SUBS,785,4308874,4.308874,#FF90FF,255,144,255,"Periaqueductal gray, unassigned",PAG-unassigned,substructure,4,571,AllenCCF-Ontology-2017-795
AllenCCF-Annotation-2020-215,ABC-Ontology-2023-APN-substructure,AllenCCF-Ontology-2017-SUBS,208,1276024,1.2760240000000003,#FF90FF,255,144,255,Anterior pretectal nucleus,APN,substructure,4,576,AllenCCF-Ontology-2017-215
AllenCCF-Annotation-2020-531,ABC-Ontology-2023-MPT-substructure,AllenCCF-Ontology-2017-SUBS,521,43788,0.04378800000000001,#FF90FF,255,144,255,Medial pretectal area,MPT,substructure,4,577,AllenCCF-Ontology-2017-531
AllenCCF-Annotation-2020-628,ABC-Ontology-2023-NOT-substructure,AllenCCF-Ontology-2017-SUBS,618,205480,0.20548000000000002,#FF90FF,255,144,255,Nucleus of the optic tract,NOT,substructure,4,578,AllenCCF-Ontology-2017-628
AllenCCF-Annotation-2020-634,ABC-Ontology-2023-NPC-substructure,AllenCCF-Ontology-2017-SUBS,624,289708,0.289708,#FF90FF,255,144,255,Nucleus of the posterior commissure,NPC,substructure,4,579,AllenCCF-Ontology-2017-634
AllenCCF-Annotation-2020-706,ABC-Ontology-2023-OP-substructure,AllenCCF-Ontology-2017-SUBS,696,58126,0.05812600000000001,#FF90FF,255,144,255,Olivary pretectal nucleus,OP,substructure,4,580,AllenCCF-Ontology-2017-706
AllenCCF-Annotation-2020-1061,ABC-Ontology-2023-PPT-substructure,AllenCCF-Ontology-2017-SUBS,1050,144830,0.14483000000000001,#FF90FF,255,144,255,Posterior pretectal nucleus,PPT,substructure,4,581,AllenCCF-Ontology-2017-1061
AllenCCF-Annotation-2020-549009203,ABC-Ontology-2023-RPF-substructure,AllenCCF-Ontology-2017-SUBS,1293,62168,0.06216800000000001,#FF90FF,255,144,255,Retroparafascicular nucleus,RPF,substructure,4,582,AllenCCF-Ontology-2017-549009203
AllenCCF-Annotation-2020-616,ABC-Ontology-2023-CUN-substructure,AllenCCF-Ontology-2017-SUBS,606,551428,0.5514280000000001,#FF90FF,255,144,255,Cuneiform nucleus,CUN,substructure,4,583,AllenCCF-Ontology-2017-616
AllenCCF-Annotation-2020-214,ABC-Ontology-2023-RN-substructure,AllenCCF-Ontology-2017-SUBS,207,787766,0.7877660000000001,#FF90FF,255,144,255,Red nucleus,RN,substructure,4,584,AllenCCF-Ontology-2017-214
AllenCCF-Annotation-2020-35,ABC-Ontology-2023-III-substructure,AllenCCF-Ontology-2017-SUBS,31,32532,0.032532000000000005,#FF90FF,255,144,255,Oculomotor nucleus,III,substructure,4,585,AllenCCF-Ontology-2017-35
AllenCCF-Annotation-2020-549009211,ABC-Ontology-2023-MA3-substructure,AllenCCF-Ontology-2017-SUBS,1295,16356,0.016356000000000002,#FF90FF,255,144,255,Medial accesory oculomotor nucleus,MA3,substructure,4,586,AllenCCF-Ontology-2017-549009211
AllenCCF-Annotation-2020-975,ABC-Ontology-2023-EW-substructure,AllenCCF-Ontology-2017-SUBS,965,25458,0.025458000000000005,#FF90FF,255,144,255,Edinger-Westphal nucleus,EW,substructure,4,587,AllenCCF-Ontology-2017-975
AllenCCF-Annotation-2020-115,ABC-Ontology-2023-IV-substructure,AllenCCF-Ontology-2017-SUBS,110,7258,0.007258000000000001,#FF90FF,255,144,255,Trochlear nucleus,IV,substructure,4,588,AllenCCF-Ontology-2017-115
AllenCCF-Annotation-2020-606826663,ABC-Ontology-2023-Pa4-substructure,AllenCCF-Ontology-2017-SUBS,1317,16166,0.016166000000000003,#FF90FF,255,144,255,Paratrochlear nucleus,Pa4,substructure,4,589,AllenCCF-Ontology-2017-606826663
AllenCCF-Annotation-2020-757,ABC-Ontology-2023-VTN-substructure,AllenCCF-Ontology-2017-SUBS,747,37530,0.03753000000000001,#FF90FF,255,144,255,Ventral tegmental nucleus,VTN,substructure,4,590,AllenCCF-Ontology-2017-757
AllenCCF-Annotation-2020-231,ABC-Ontology-2023-AT-substructure,AllenCCF-Ontology-2017-SUBS,224,43064,0.043064000000000005,#FF90FF,255,144,255,Anterior tegmental nucleus,AT,substructure,4,591,AllenCCF-Ontology-2017-231
AllenCCF-Annotation-2020-66,ABC-Ontology-2023-LT-substructure,AllenCCF-Ontology-2017-SUBS,61,17884,0.017884000000000004,#FF90FF,255,144,255,Lateral terminal nucleus of the accessory optic tract,LT,substructure,4,592,AllenCCF-Ontology-2017-66
AllenCCF-Annotation-2020-75,ABC-Ontology-2023-DT-substructure,AllenCCF-Ontology-2017-SUBS,70,11452,0.011452000000000002,#FF90FF,255,144,255,Dorsal terminal nucleus of the accessory optic tract,DT,substructure,4,593,AllenCCF-Ontology-2017-75
AllenCCF-Annotation-2020-58,ABC-Ontology-2023-MT-substructure,AllenCCF-Ontology-2017-SUBS,53,43358,0.04335800000000001,#FF90FF,255,144,255,Medial terminal nucleus of the accessory optic tract,MT,substructure,4,594,AllenCCF-Ontology-2017-58
AllenCCF-Annotation-2020-374,ABC-Ontology-2023-SNc-substructure,AllenCCF-Ontology-2017-SUBS,364,196792,0.19679200000000002,#FFA6FF,255,166,255,"Substantia nigra, compact part",SNc,substructure,4,595,AllenCCF-Ontology-2017-374
AllenCCF-Annotation-2020-1052,ABC-Ontology-2023-PPN-substructure,AllenCCF-Ontology-2017-SUBS,1041,892486,0.8924860000000001,#FFA6FF,255,166,255,Pedunculopontine nucleus,PPN,substructure,4,596,AllenCCF-Ontology-2017-1052
AllenCCF-Annotation-2020-12,ABC-Ontology-2023-IF-substructure,AllenCCF-Ontology-2017-SUBS,11,86796,0.08679600000000001,#FFA6FF,255,166,255,Interfascicular nucleus raphe,IF,substructure,4,597,AllenCCF-Ontology-2017-12
AllenCCF-Annotation-2020-100,ABC-Ontology-2023-IPN-substructure,AllenCCF-Ontology-2017-SUBS,95,11050,0.011050000000000003,#FFA6FF,255,166,255,"Interpeduncular nucleus, unassigned",IPN-unassigned,substructure,4,598,AllenCCF-Ontology-2017-100
AllenCCF-Annotation-2020-197,ABC-Ontology-2023-RL-substructure,AllenCCF-Ontology-2017-SUBS,190,55234,0.05523400000000001,#FFA6FF,255,166,255,Rostral linear nucleus raphe,RL,substructure,4,607,AllenCCF-Ontology-2017-197
AllenCCF-Annotation-2020-591,ABC-Ontology-2023-CLI-substructure,AllenCCF-Ontology-2017-SUBS,581,83176,0.08317600000000001,#FFA6FF,255,166,255,Central linear nucleus raphe,CLI,substructure,4,608,AllenCCF-Ontology-2017-591
AllenCCF-Annotation-2020-872,ABC-Ontology-2023-DR-substructure,AllenCCF-Ontology-2017-SUBS,862,152892,0.15289200000000003,#FFA6FF,255,166,255,Dorsal nucleus raphe,DR,substructure,4,609,AllenCCF-Ontology-2017-872
AllenCCF-Annotation-2020-771,ABC-Ontology-2023-P-structure,AllenCCF-Ontology-2017-STRU,761,3602108,3.6021080000000008,#FF9B88,255,155,136,"Pons, unassigned",P-unassigned,structure,3,237,AllenCCF-Ontology-2017-771
AllenCCF-Annotation-2020-771,ABC-Ontology-2023-P-substructure,AllenCCF-Ontology-2017-SUBS,761,3602108,3.6021080000000008,#FF9B88,255,155,136,"Pons, unassigned",P-unassigned,substructure,4,610,ABC-Ontology-2023-P-structure
AllenCCF-Annotation-2020-612,ABC-Ontology-2023-NLL-substructure,AllenCCF-Ontology-2017-SUBS,602,723784,0.7237840000000001,#FFAE6F,255,174,111,Nucleus of the lateral lemniscus,NLL,substructure,4,611,AllenCCF-Ontology-2017-612
AllenCCF-Annotation-2020-7,ABC-Ontology-2023-PSV-substructure,AllenCCF-Ontology-2017-SUBS,6,1106076,1.1060760000000003,#FFAE6F,255,174,111,Principal sensory nucleus of the trigeminal,PSV,substructure,4,615,AllenCCF-Ontology-2017-7
AllenCCF-Annotation-2020-867,ABC-Ontology-2023-PB-substructure,AllenCCF-Ontology-2017-SUBS,857,946458,0.9464580000000001,#FFAE6F,255,174,111,"Parabrachial nucleus, unassigned",PB-unassigned,substructure,4,616,AllenCCF-Ontology-2017-867
AllenCCF-Annotation-2020-280,ABC-Ontology-2023-B-substructure,AllenCCF-Ontology-2017-SUBS,271,15566,0.015566000000000003,#FFBA86,255,186,134,Barrington's nucleus,B,substructure,4,623,AllenCCF-Ontology-2017-280
AllenCCF-Annotation-2020-880,ABC-Ontology-2023-DTN-substructure,AllenCCF-Ontology-2017-SUBS,870,103734,0.10373400000000002,#FFBA86,255,186,134,Dorsal tegmental nucleus,DTN,substructure,4,624,AllenCCF-Ontology-2017-880
AllenCCF-Annotation-2020-599626927,ABC-Ontology-2023-PDTg-substructure,AllenCCF-Ontology-2017-SUBS,1312,48028,0.04802800000000001,#FFBA86,255,186,134,Posterodorsal tegmental nucleus,PDTg,substructure,4,625,AllenCCF-Ontology-2017-599626927
AllenCCF-Annotation-2020-898,ABC-Ontology-2023-PCG-substructure,AllenCCF-Ontology-2017-SUBS,888,541422,0.5414220000000001,#FFBA86,255,186,134,Pontine central gray,PCG,substructure,4,626,AllenCCF-Ontology-2017-898
AllenCCF-Annotation-2020-931,ABC-Ontology-2023-PG-substructure,AllenCCF-Ontology-2017-SUBS,921,965046,0.9650460000000002,#FFBA86,255,186,134,Pontine gray,PG,substructure,4,627,AllenCCF-Ontology-2017-931
AllenCCF-Annotation-2020-1093,ABC-Ontology-2023-PRNc-substructure,AllenCCF-Ontology-2017-SUBS,1082,2349048,2.3490480000000002,#FFBA86,255,186,134,"Pontine reticular nucleus, caudal part",PRNc,substructure,4,628,AllenCCF-Ontology-2017-1093
AllenCCF-Annotation-2020-318,ABC-Ontology-2023-SG-substructure,AllenCCF-Ontology-2017-SUBS,308,17360,0.017360000000000004,#FFBA86,255,186,134,Supragenual nucleus,SG,substructure,4,629,AllenCCF-Ontology-2017-318
AllenCCF-Annotation-2020-534,ABC-Ontology-2023-SUT-substructure,AllenCCF-Ontology-2017-SUBS,524,259600,0.25960000000000005,#FFBA86,255,186,134,Supratrigeminal nucleus,SUT,substructure,4,630,AllenCCF-Ontology-2017-534
AllenCCF-Annotation-2020-574,ABC-Ontology-2023-TRN-substructure,AllenCCF-Ontology-2017-SUBS,564,689664,0.6896640000000002,#FFBA86,255,186,134,Tegmental reticular nucleus,TRN,substructure,4,631,AllenCCF-Ontology-2017-574
AllenCCF-Annotation-2020-621,ABC-Ontology-2023-V-substructure,AllenCCF-Ontology-2017-SUBS,611,354758,0.3547580000000001,#FFBA86,255,186,134,Motor nucleus of trigeminal,V,substructure,4,632,AllenCCF-Ontology-2017-621
AllenCCF-Annotation-2020-549009215,ABC-Ontology-2023-P5-substructure,AllenCCF-Ontology-2017-SUBS,1296,321414,0.32141400000000003,#FFBA86,255,186,134,Peritrigeminal zone,P5,substructure,4,633,AllenCCF-Ontology-2017-549009215
AllenCCF-Annotation-2020-549009219,ABC-Ontology-2023-Acs5-substructure,AllenCCF-Ontology-2017-SUBS,1297,13912,0.013912000000000002,#FFBA86,255,186,134,Accessory trigeminal nucleus,Acs5,substructure,4,634,AllenCCF-Ontology-2017-549009219
AllenCCF-Annotation-2020-549009223,ABC-Ontology-2023-PC5-substructure,AllenCCF-Ontology-2017-SUBS,1298,70708,0.07070800000000001,#FFBA86,255,186,134,Parvicellular motor 5 nucleus,PC5,substructure,4,635,AllenCCF-Ontology-2017-549009223
AllenCCF-Annotation-2020-549009227,ABC-Ontology-2023-I5-substructure,AllenCCF-Ontology-2017-SUBS,1299,44504,0.04450400000000001,#FFBA86,255,186,134,Intertrigeminal nucleus,I5,substructure,4,636,AllenCCF-Ontology-2017-549009227
AllenCCF-Annotation-2020-679,ABC-Ontology-2023-CS-substructure,AllenCCF-Ontology-2017-SUBS,669,601652,0.6016520000000001,#FFC395,255,195,149,Superior central nucleus raphe,CS,substructure,4,637,AllenCCF-Ontology-2017-679
AllenCCF-Annotation-2020-147,ABC-Ontology-2023-LC-substructure,AllenCCF-Ontology-2017-SUBS,142,14486,0.014486000000000002,#FFC395,255,195,149,Locus ceruleus,LC,substructure,4,640,AllenCCF-Ontology-2017-147
AllenCCF-Annotation-2020-162,ABC-Ontology-2023-LDT-substructure,AllenCCF-Ontology-2017-SUBS,157,203476,0.20347600000000005,#FFC395,255,195,149,Laterodorsal tegmental nucleus,LDT,substructure,4,641,AllenCCF-Ontology-2017-162
AllenCCF-Annotation-2020-604,ABC-Ontology-2023-NI-substructure,AllenCCF-Ontology-2017-SUBS,594,108230,0.10823000000000002,#FFC395,255,195,149,Nucleus incertus,NI,substructure,4,642,AllenCCF-Ontology-2017-604
AllenCCF-Annotation-2020-146,ABC-Ontology-2023-PRNr-substructure,AllenCCF-Ontology-2017-SUBS,141,2363054,2.3630540000000004,#FFC395,255,195,149,Pontine reticular nucleus,PRNr,substructure,4,643,AllenCCF-Ontology-2017-146
AllenCCF-Annotation-2020-238,ABC-Ontology-2023-RPO-substructure,AllenCCF-Ontology-2017-SUBS,231,97170,0.09717000000000002,#FFC395,255,195,149,Nucleus raphe pontis,RPO,substructure,4,644,AllenCCF-Ontology-2017-238
AllenCCF-Annotation-2020-350,ABC-Ontology-2023-SLC-substructure,AllenCCF-Ontology-2017-SUBS,340,26734,0.026734000000000004,#FFC395,255,195,149,Subceruleus nucleus,SLC,substructure,4,645,AllenCCF-Ontology-2017-350
AllenCCF-Annotation-2020-358,ABC-Ontology-2023-SLD-substructure,AllenCCF-Ontology-2017-SUBS,348,47212,0.04721200000000001,#FFC395,255,195,149,Sublaterodorsal nucleus,SLD,substructure,4,646,AllenCCF-Ontology-2017-358
AllenCCF-Annotation-2020-354,ABC-Ontology-2023-MY-structure,AllenCCF-Ontology-2017-STRU,344,5319496,5.319496000000001,#FF9BCD,255,155,205,"Medulla, unassigned",MY-unassigned,structure,3,264,AllenCCF-Ontology-2017-354
AllenCCF-Annotation-2020-354,ABC-Ontology-2023-MY-substructure,AllenCCF-Ontology-2017-SUBS,344,5319496,5.319496000000001,#FF9BCD,255,155,205,"Medulla, unassigned",MY-unassigned,substructure,4,647,ABC-Ontology-2023-MY-structure
AllenCCF-Annotation-2020-207,ABC-Ontology-2023-AP-substructure,AllenCCF-Ontology-2017-SUBS,200,52784,0.05278400000000001,#FFA5D2,255,165,210,Area postrema,AP,substructure,4,648,AllenCCF-Ontology-2017-207
AllenCCF-Annotation-2020-96,ABC-Ontology-2023-DCO-substructure,AllenCCF-Ontology-2017-SUBS,91,612196,0.6121960000000001,#FFA5D2,255,165,210,Dorsal cochlear nucleus,DCO,substructure,4,649,AllenCCF-Ontology-2017-96
AllenCCF-Annotation-2020-101,ABC-Ontology-2023-VCO-substructure,AllenCCF-Ontology-2017-SUBS,96,1017086,1.0170860000000002,#FFA5D2,255,165,210,Ventral cochlear nucleus,VCO,substructure,4,650,AllenCCF-Ontology-2017-101
AllenCCF-Annotation-2020-711,ABC-Ontology-2023-CU-substructure,AllenCCF-Ontology-2017-SUBS,701,333124,0.33312400000000003,#FFA5D2,255,165,210,Cuneate nucleus,CU,substructure,4,651,AllenCCF-Ontology-2017-711
AllenCCF-Annotation-2020-1039,ABC-Ontology-2023-GR-substructure,AllenCCF-Ontology-2017-SUBS,1028,81624,0.08162400000000002,#FFA5D2,255,165,210,Gracile nucleus,GR,substructure,4,652,AllenCCF-Ontology-2017-1039
AllenCCF-Annotation-2020-903,ABC-Ontology-2023-ECU-substructure,AllenCCF-Ontology-2017-SUBS,893,204724,0.20472400000000004,#FFA5D2,255,165,210,External cuneate nucleus,ECU,substructure,4,653,AllenCCF-Ontology-2017-903
AllenCCF-Annotation-2020-642,ABC-Ontology-2023-NTB-substructure,AllenCCF-Ontology-2017-SUBS,632,154456,0.15445600000000004,#FFA5D2,255,165,210,Nucleus of the trapezoid body,NTB,substructure,4,654,AllenCCF-Ontology-2017-642
AllenCCF-Annotation-2020-651,ABC-Ontology-2023-NTS-substructure,AllenCCF-Ontology-2017-SUBS,641,848828,0.8488280000000001,#FFA5D2,255,165,210,Nucleus of the solitary tract,NTS,substructure,4,655,AllenCCF-Ontology-2017-651
AllenCCF-Annotation-2020-429,ABC-Ontology-2023-SPVC-substructure,AllenCCF-Ontology-2017-SUBS,419,1680902,1.6809020000000003,#FFA5D2,255,165,210,"Spinal nucleus of the trigeminal, caudal part",SPVC,substructure,4,661,AllenCCF-Ontology-2017-429
AllenCCF-Annotation-2020-437,ABC-Ontology-2023-SPVI-substructure,AllenCCF-Ontology-2017-SUBS,427,1848386,1.8483860000000003,#FFA5D2,255,165,210,"Spinal nucleus of the trigeminal, interpolar part",SPVI,substructure,4,662,AllenCCF-Ontology-2017-437
AllenCCF-Annotation-2020-445,ABC-Ontology-2023-SPVO-substructure,AllenCCF-Ontology-2017-SUBS,435,996370,0.9963700000000002,#FFA5D2,255,165,210,"Spinal nucleus of the trigeminal, oral part",SPVO,substructure,4,663,AllenCCF-Ontology-2017-445
AllenCCF-Annotation-2020-589508451,ABC-Ontology-2023-Pa5-substructure,AllenCCF-Ontology-2017-SUBS,1309,102634,0.10263400000000002,#FFA5D2,255,165,210,Paratrigeminal nucleus,Pa5,substructure,4,669,AllenCCF-Ontology-2017-589508451
AllenCCF-Annotation-2020-653,ABC-Ontology-2023-VI-substructure,AllenCCF-Ontology-2017-SUBS,643,30332,0.030332000000000005,#FFB3D9,255,179,217,Abducens nucleus,VI,substructure,4,670,AllenCCF-Ontology-2017-653
AllenCCF-Annotation-2020-661,ABC-Ontology-2023-VII-substructure,AllenCCF-Ontology-2017-SUBS,651,916898,0.9168980000000001,#FFB3D9,255,179,217,Facial motor nucleus,VII,substructure,4,671,AllenCCF-Ontology-2017-661
AllenCCF-Annotation-2020-576,ABC-Ontology-2023-ACVII-substructure,AllenCCF-Ontology-2017-SUBS,566,5628,0.005628000000000001,#FFB3D9,255,179,217,Accessory facial motor nucleus,ACVII,substructure,4,672,AllenCCF-Ontology-2017-576
AllenCCF-Annotation-2020-839,ABC-Ontology-2023-DMX-substructure,AllenCCF-Ontology-2017-SUBS,829,174194,0.17419400000000002,#FFB3D9,255,179,217,Dorsal motor nucleus of the vagus nerve,DMX,substructure,4,675,AllenCCF-Ontology-2017-839
AllenCCF-Annotation-2020-1048,ABC-Ontology-2023-GRN-substructure,AllenCCF-Ontology-2017-SUBS,1037,2623754,2.6237540000000004,#FFB3D9,255,179,217,Gigantocellular reticular nucleus,GRN,substructure,4,676,AllenCCF-Ontology-2017-1048
AllenCCF-Annotation-2020-372,ABC-Ontology-2023-ICB-substructure,AllenCCF-Ontology-2017-SUBS,362,53468,0.05346800000000001,#FFB3D9,255,179,217,Infracerebellar nucleus,ICB,substructure,4,677,AllenCCF-Ontology-2017-372
AllenCCF-Annotation-2020-83,ABC-Ontology-2023-IO-substructure,AllenCCF-Ontology-2017-SUBS,78,511758,0.511758,#FFB3D9,255,179,217,Inferior olivary complex,IO,substructure,4,678,AllenCCF-Ontology-2017-83
AllenCCF-Annotation-2020-136,ABC-Ontology-2023-IRN-substructure,AllenCCF-Ontology-2017-SUBS,131,2777478,2.7774780000000003,#FFB3D9,255,179,217,Intermediate reticular nucleus,IRN,substructure,4,679,AllenCCF-Ontology-2017-136
AllenCCF-Annotation-2020-106,ABC-Ontology-2023-ISN-substructure,AllenCCF-Ontology-2017-SUBS,101,7224,0.007224000000000001,#FFB3D9,255,179,217,Inferior salivatory nucleus,ISN,substructure,4,680,AllenCCF-Ontology-2017-106
AllenCCF-Annotation-2020-203,ABC-Ontology-2023-LIN-substructure,AllenCCF-Ontology-2017-SUBS,196,61296,0.06129600000000001,#FFB3D9,255,179,217,Linear nucleus of the medulla,LIN,substructure,4,681,AllenCCF-Ontology-2017-203
AllenCCF-Annotation-2020-307,ABC-Ontology-2023-MARN-substructure,AllenCCF-Ontology-2017-SUBS,297,533332,0.5333320000000001,#FFB3D9,255,179,217,Magnocellular reticular nucleus,MARN,substructure,4,684,AllenCCF-Ontology-2017-307
AllenCCF-Annotation-2020-852,ABC-Ontology-2023-PARN-substructure,AllenCCF-Ontology-2017-SUBS,842,2230614,2.2306140000000005,#FFB3D9,255,179,217,Parvicellular reticular nucleus,PARN,substructure,4,687,AllenCCF-Ontology-2017-852
AllenCCF-Annotation-2020-859,ABC-Ontology-2023-PAS-substructure,AllenCCF-Ontology-2017-SUBS,849,27908,0.027908000000000006,#FFB3D9,255,179,217,Parasolitary nucleus,PAS,substructure,4,688,AllenCCF-Ontology-2017-859
AllenCCF-Annotation-2020-970,ABC-Ontology-2023-PGRNd-substructure,AllenCCF-Ontology-2017-SUBS,960,239308,0.23930800000000005,#FFB3D9,255,179,217,"Paragigantocellular reticular nucleus, dorsal part",PGRNd,substructure,4,689,AllenCCF-Ontology-2017-970
AllenCCF-Annotation-2020-978,ABC-Ontology-2023-PGRNl-substructure,AllenCCF-Ontology-2017-SUBS,968,707694,0.7076940000000002,#FFB3D9,255,179,217,"Paragigantocellular reticular nucleus, lateral part",PGRNl,substructure,4,690,AllenCCF-Ontology-2017-978
AllenCCF-Annotation-2020-177,ABC-Ontology-2023-NR-substructure,AllenCCF-Ontology-2017-SUBS,170,29992,0.029992000000000005,#FFB3D9,255,179,217,Nucleus of Roller,NR,substructure,4,691,AllenCCF-Ontology-2017-177
AllenCCF-Annotation-2020-169,ABC-Ontology-2023-PRP-substructure,AllenCCF-Ontology-2017-SUBS,164,244038,0.24403800000000003,#FFB3D9,255,179,217,Nucleus prepositus,PRP,substructure,4,692,AllenCCF-Ontology-2017-169
AllenCCF-Annotation-2020-1069,ABC-Ontology-2023-PPY-substructure,AllenCCF-Ontology-2017-SUBS,1058,94476,0.09447600000000002,#FFB3D9,255,179,217,Parapyramidal nucleus,PPY,substructure,4,693,AllenCCF-Ontology-2017-1069
AllenCCF-Annotation-2020-209,ABC-Ontology-2023-LAV-substructure,AllenCCF-Ontology-2017-SUBS,202,287566,0.28756600000000004,#FFB3D9,255,179,217,Lateral vestibular nucleus,LAV,substructure,4,696,AllenCCF-Ontology-2017-209
AllenCCF-Annotation-2020-202,ABC-Ontology-2023-MV-substructure,AllenCCF-Ontology-2017-SUBS,195,1817140,1.8171400000000002,#FFB3D9,255,179,217,Medial vestibular nucleus,MV,substructure,4,697,AllenCCF-Ontology-2017-202
AllenCCF-Annotation-2020-225,ABC-Ontology-2023-SPIV-substructure,AllenCCF-Ontology-2017-SUBS,218,749066,0.7490660000000001,#FFB3D9,255,179,217,Spinal vestibular nucleus,SPIV,substructure,4,698,AllenCCF-Ontology-2017-225
AllenCCF-Annotation-2020-217,ABC-Ontology-2023-SUV-substructure,AllenCCF-Ontology-2017-SUBS,210,353694,0.35369400000000006,#FFB3D9,255,179,217,Superior vestibular nucleus,SUV,substructure,4,699,AllenCCF-Ontology-2017-217
AllenCCF-Annotation-2020-765,ABC-Ontology-2023-x-substructure,AllenCCF-Ontology-2017-SUBS,755,57052,0.05705200000000001,#FFB3D9,255,179,217,Nucleus x,x,substructure,4,700,AllenCCF-Ontology-2017-765
AllenCCF-Annotation-2020-773,ABC-Ontology-2023-XII-substructure,AllenCCF-Ontology-2017-SUBS,763,282642,0.28264200000000006,#FFB3D9,255,179,217,Hypoglossal nucleus,XII,substructure,4,701,AllenCCF-Ontology-2017-773
AllenCCF-Annotation-2020-781,ABC-Ontology-2023-y-substructure,AllenCCF-Ontology-2017-SUBS,771,23476,0.023476000000000004,#FFB3D9,255,179,217,Nucleus y,y,substructure,4,702,AllenCCF-Ontology-2017-781
AllenCCF-Annotation-2020-206,ABC-Ontology-2023-RM-substructure,AllenCCF-Ontology-2017-SUBS,199,116932,0.11693200000000002,#FFC6E2,255,198,226,Nucleus raphe magnus,RM,substructure,4,703,AllenCCF-Ontology-2017-206
AllenCCF-Annotation-2020-230,ABC-Ontology-2023-RPA-substructure,AllenCCF-Ontology-2017-SUBS,223,66614,0.066614,#FFC6E2,255,198,226,Nucleus raphe pallidus,RPA,substructure,4,704,AllenCCF-Ontology-2017-230
AllenCCF-Annotation-2020-222,ABC-Ontology-2023-RO-substructure,AllenCCF-Ontology-2017-SUBS,215,39990,0.039990000000000005,#FFC6E2,255,198,226,Nucleus raphe obscurus,RO,substructure,4,705,AllenCCF-Ontology-2017-222
AllenCCF-Annotation-2020-512,ABC-Ontology-2023-CB-structure,AllenCCF-Ontology-2017-STRU,502,829262,0.8292620000000002,#F0F080,240,240,128,"Cerebellum, unassigned",CB-unassigned,structure,3,308,AllenCCF-Ontology-2017-512
AllenCCF-Annotation-2020-512,ABC-Ontology-2023-CB-substructure,AllenCCF-Ontology-2017-SUBS,502,829262,0.8292620000000002,#F0F080,240,240,128,"Cerebellum, unassigned",CB-unassigned,substructure,4,706,ABC-Ontology-2023-CB-structure
AllenCCF-Annotation-2020-912,ABC-Ontology-2023-LING-substructure,AllenCCF-Ontology-2017-SUBS,902,121628,0.12162800000000001,#FFFC91,255,252,145,Lingula (I),LING,substructure,4,707,AllenCCF-Ontology-2017-912
AllenCCF-Annotation-2020-936,ABC-Ontology-2023-DEC-substructure,AllenCCF-Ontology-2017-SUBS,926,3334748,3.3347480000000007,#FFFC91,255,252,145,Declive (VI),DEC,substructure,4,716,AllenCCF-Ontology-2017-936
AllenCCF-Annotation-2020-944,ABC-Ontology-2023-FOTU-substructure,AllenCCF-Ontology-2017-SUBS,934,1053398,1.0533980000000003,#FFFC91,255,252,145,Folium-tuber vermis (VII),FOTU,substructure,4,720,AllenCCF-Ontology-2017-944
AllenCCF-Annotation-2020-951,ABC-Ontology-2023-PYR-substructure,AllenCCF-Ontology-2017-SUBS,941,1248018,1.2480180000000003,#FFFC91,255,252,145,Pyramus (VIII),PYR,substructure,4,724,AllenCCF-Ontology-2017-951
AllenCCF-Annotation-2020-957,ABC-Ontology-2023-UVU-substructure,AllenCCF-Ontology-2017-SUBS,947,2191534,2.1915340000000003,#FFFC91,255,252,145,Uvula (IX),UVU,substructure,4,728,AllenCCF-Ontology-2017-957
AllenCCF-Annotation-2020-968,ABC-Ontology-2023-NOD-substructure,AllenCCF-Ontology-2017-SUBS,958,1519098,1.5190980000000003,#FFFC91,255,252,145,Nodulus (X),NOD,substructure,4,732,AllenCCF-Ontology-2017-968
AllenCCF-Annotation-2020-1007,ABC-Ontology-2023-SIM-substructure,AllenCCF-Ontology-2017-SUBS,997,5696048,5.696048000000001,#FFFC91,255,252,145,Simple lobule,SIM,substructure,4,736,AllenCCF-Ontology-2017-1007
AllenCCF-Annotation-2020-1025,ABC-Ontology-2023-PRM-substructure,AllenCCF-Ontology-2017-SUBS,1014,4883222,4.883222000000001,#FFFC91,255,252,145,Paramedian lobule,PRM,substructure,4,742,AllenCCF-Ontology-2017-1025
AllenCCF-Annotation-2020-1033,ABC-Ontology-2023-COPY-substructure,AllenCCF-Ontology-2017-SUBS,1022,2506160,2.5061600000000004,#FFFC91,255,252,145,Copula pyramidis,COPY,substructure,4,746,AllenCCF-Ontology-2017-1033
AllenCCF-Annotation-2020-1041,ABC-Ontology-2023-PFL-substructure,AllenCCF-Ontology-2017-SUBS,1030,5729140,5.729140000000001,#FFFC91,255,252,145,Paraflocculus,PFL,substructure,4,750,AllenCCF-Ontology-2017-1041
AllenCCF-Annotation-2020-1049,ABC-Ontology-2023-FL-substructure,AllenCCF-Ontology-2017-SUBS,1038,1337266,1.3372660000000003,#FFFC91,255,252,145,Flocculus,FL,substructure,4,754,AllenCCF-Ontology-2017-1049
AllenCCF-Annotation-2020-989,ABC-Ontology-2023-FN-substructure,AllenCCF-Ontology-2017-SUBS,979,502036,0.502036,#FFFDBC,255,253,188,Fastigial nucleus,FN,substructure,4,758,AllenCCF-Ontology-2017-989
AllenCCF-Annotation-2020-91,ABC-Ontology-2023-IP-substructure,AllenCCF-Ontology-2017-SUBS,86,859874,0.8598740000000001,#FFFDBC,255,253,188,Interposed nucleus,IP,substructure,4,759,AllenCCF-Ontology-2017-91
AllenCCF-Annotation-2020-846,ABC-Ontology-2023-DN-substructure,AllenCCF-Ontology-2017-SUBS,836,334984,0.33498400000000006,#FFFDBC,255,253,188,Dentate nucleus,DN,substructure,4,760,AllenCCF-Ontology-2017-846
AllenCCF-Annotation-2020-589508455,ABC-Ontology-2023-VeCB-substructure,AllenCCF-Ontology-2017-SUBS,1310,85146,0.08514600000000001,#FFFDBC,255,253,188,Vestibulocerebellar nucleus,VeCB,substructure,4,761,AllenCCF-Ontology-2017-589508455
AllenCCF-Annotation-2020-1009,ABC-Ontology-2023-fiber tracts-division,AllenCCF-Ontology-2017-DIVI,999,1550592,1.5505920000000002,#CCCCCC,204,204,204,"fiber tracts, unassigned",fiber tracts-unassigned,division,2,13,AllenCCF-Ontology-2017-1009
AllenCCF-Annotation-2020-1009,ABC-Ontology-2023-fiber tracts-structure,AllenCCF-Ontology-2017-STRU,999,1550592,1.5505920000000002,#CCCCCC,204,204,204,"fiber tracts, unassigned",fiber tracts-unassigned,structure,3,327,ABC-Ontology-2023-fiber tracts-division
AllenCCF-Annotation-2020-1009,ABC-Ontology-2023-fiber tracts-substructure,AllenCCF-Ontology-2017-SUBS,999,1550592,1.5505920000000002,#CCCCCC,204,204,204,"fiber tracts, unassigned",fiber tracts-unassigned,substructure,4,762,ABC-Ontology-2023-fiber tracts-structure
AllenCCF-Annotation-2020-949,ABC-Ontology-2023-von-substructure,AllenCCF-Ontology-2017-SUBS,939,13428,0.013428000000000002,#CCCCCC,204,204,204,vomeronasal nerve,von,substructure,4,763,AllenCCF-Ontology-2017-949
AllenCCF-Annotation-2020-848,ABC-Ontology-2023-IIn-substructure,AllenCCF-Ontology-2017-SUBS,838,70278,0.07027800000000001,#CCCCCC,204,204,204,"optic nerve, unassigned",IIn-unassigned,substructure,4,768,AllenCCF-Ontology-2017-848
AllenCCF-Annotation-2020-832,ABC-Ontology-2023-IIIn-substructure,AllenCCF-Ontology-2017-SUBS,822,7824,0.007824000000000001,#CCCCCC,204,204,204,"oculomotor nerve, unassigned",IIIn-unassigned,substructure,4,775,AllenCCF-Ontology-2017-832
AllenCCF-Annotation-2020-911,ABC-Ontology-2023-IVn-substructure,AllenCCF-Ontology-2017-SUBS,901,6804,0.006804000000000001,#CCCCCC,204,204,204,trochlear nerve,IVn,substructure,4,778,AllenCCF-Ontology-2017-911
AllenCCF-Annotation-2020-798,ABC-Ontology-2023-VIIn-substructure,AllenCCF-Ontology-2017-SUBS,788,79034,0.07903400000000001,#CCCCCC,204,204,204,"facial nerve, unassigned",VIIn-unassigned,substructure,4,782,AllenCCF-Ontology-2017-798
AllenCCF-Annotation-2020-744,ABC-Ontology-2023-cbc-substructure,AllenCCF-Ontology-2017-SUBS,734,66936,0.06693600000000001,#CCCCCC,204,204,204,cerebellar commissure,cbc,substructure,4,805,AllenCCF-Ontology-2017-744
AllenCCF-Annotation-2020-728,ABC-Ontology-2023-arb-substructure,AllenCCF-Ontology-2017-SUBS,718,6920358,6.920358000000001,#CCCCCC,204,204,204,arbor vitae,arb,substructure,4,810,AllenCCF-Ontology-2017-728
AllenCCF-Annotation-2020-484682512,ABC-Ontology-2023-scwm-structure,AllenCCF-Ontology-2017-STRU,1280,1962230,1.9622300000000004,#CCCCCC,204,204,204,"supra-callosal cerebral white matter, unassigned",scwm-unassigned,structure,3,348,AllenCCF-Ontology-2017-484682512
AllenCCF-Annotation-2020-484682512,ABC-Ontology-2023-scwm-substructure,AllenCCF-Ontology-2017-SUBS,1280,1962230,1.9622300000000004,#CCCCCC,204,204,204,"supra-callosal cerebral white matter, unassigned",scwm-unassigned,substructure,4,811,ABC-Ontology-2023-scwm-structure
AllenCCF-Annotation-2020-784,ABC-Ontology-2023-cst-substructure,AllenCCF-Ontology-2017-SUBS,774,84216,0.08421600000000001,#CCCCCC,204,204,204,"corticospinal tract, unassigned",cst-unassigned,substructure,4,819,AllenCCF-Ontology-2017-784
AllenCCF-Annotation-2020-863,ABC-Ontology-2023-rust-substructure,AllenCCF-Ontology-2017-SUBS,853,568490,0.56849,#CCCCCC,204,204,204,"rubrospinal tract, unassigned",rust-unassigned,substructure,4,845,AllenCCF-Ontology-2017-863
AllenCCF-Annotation-2020-81,ABC-Ontology-2023-VL-structure,AllenCCF-Ontology-2017-STRU,76,2151554,2.1515540000000004,#AAAAAA,170,170,170,"lateral ventricle, unassigned",VL-unassigned,structure,3,360,AllenCCF-Ontology-2017-81
AllenCCF-Annotation-2020-81,ABC-Ontology-2023-VL-substructure,AllenCCF-Ontology-2017-SUBS,76,2151554,2.1515540000000004,#AAAAAA,170,170,170,"lateral ventricle, unassigned",VL-unassigned,substructure,4,880,ABC-Ontology-2023-VL-structure
AllenCCF-Annotation-2020-98,ABC-Ontology-2023-SEZ-substructure,AllenCCF-Ontology-2017-SUBS,93,136484,0.13648400000000002,#AAAAAA,170,170,170,subependymal zone,SEZ,substructure,4,881,AllenCCF-Ontology-2017-98
AllenCCF-Annotation-2020-108,ABC-Ontology-2023-chpl-substructure,AllenCCF-Ontology-2017-SUBS,103,1446032,1.4460320000000002,#AAAAAA,170,170,170,choroid plexus,chpl,substructure,4,882,AllenCCF-Ontology-2017-108
AllenCCF-Annotation-2020-129,ABC-Ontology-2023-V3-structure,AllenCCF-Ontology-2017-STRU,124,891188,0.8911880000000002,#AAAAAA,170,170,170,"third ventricle, unassigned",V3-unassigned,structure,3,365,AllenCCF-Ontology-2017-129
AllenCCF-Annotation-2020-129,ABC-Ontology-2023-V3-substructure,AllenCCF-Ontology-2017-SUBS,124,891188,0.8911880000000002,#AAAAAA,170,170,170,"third ventricle, unassigned",V3-unassigned,substructure,4,883,ABC-Ontology-2023-V3-structure
AllenCCF-Annotation-2020-140,ABC-Ontology-2023-AQ-structure,AllenCCF-Ontology-2017-STRU,135,405256,0.40525600000000006,#AAAAAA,170,170,170,cerebral aqueduct,AQ,structure,3,366,AllenCCF-Ontology-2017-140
AllenCCF-Annotation-2020-140,ABC-Ontology-2023-AQ-substructure,AllenCCF-Ontology-2017-SUBS,135,405256,0.40525600000000006,#AAAAAA,170,170,170,cerebral aqueduct,AQ,substructure,4,884,ABC-Ontology-2023-AQ-structure
AllenCCF-Annotation-2020-145,ABC-Ontology-2023-V4-structure,AllenCCF-Ontology-2017-STRU,140,499566,0.49956600000000007,#AAAAAA,170,170,170,"fourth ventricle, unassigned",V4-unassigned,structure,3,367,AllenCCF-Ontology-2017-145
AllenCCF-Annotation-2020-145,ABC-Ontology-2023-V4-substructure,AllenCCF-Ontology-2017-SUBS,140,499566,0.49956600000000007,#AAAAAA,170,170,170,"fourth ventricle, unassigned",V4-unassigned,substructure,4,885,ABC-Ontology-2023-V4-structure
AllenCCF-Annotation-2020-153,ABC-Ontology-2023-V4r-substructure,AllenCCF-Ontology-2017-SUBS,148,461680,0.4616800000000001,#AAAAAA,170,170,170,lateral recess,V4r,substructure,4,886,AllenCCF-Ontology-2017-153
AllenCCF-Annotation-2020-164,ABC-Ontology-2023-c-structure,AllenCCF-Ontology-2017-STRU,159,432,0.0004320000000000001,#AAAAAA,170,170,170,"central canal, spinal cord/medulla",c,structure,3,369,AllenCCF-Ontology-2017-164
AllenCCF-Annotation-2020-164,ABC-Ontology-2023-c-substructure,AllenCCF-Ontology-2017-SUBS,159,432,0.0004320000000000001,#AAAAAA,170,170,170,"central canal, spinal cord/medulla",c,substructure,4,887,ABC-Ontology-2023-c-structure
